"EmployerName","EmployerId","Address","PostCode","CompanyNumber","SicCodes","DiffMeanHourlyPercent","DiffMedianHourlyPercent","DiffMeanBonusPercent","DiffMedianBonusPercent","MaleBonusPercent","FemaleBonusPercent","MaleLowerQuartile","FemaleLowerQuartile","MaleLowerMiddleQuartile","FemaleLowerMiddleQuartile","MaleUpperMiddleQuartile","FemaleUpperMiddleQuartile","MaleTopQuartile","FemaleTopQuartile","CompanyLinkToGPGInfo","ResponsiblePerson","EmployerSize","CurrentName","SubmittedAfterTheDeadline","DueDate","DateSubmitted"
"1ST HOME CARE LTD.","17484","Suite 1, Ground Floor Academy House, 1346 Shettleston Road, Glasgow, Scotland, G32 9AT","G32 9AT","SC272838","86900,
88100","-0.72","0.06","","","0","0","14.71","85.29","5.89","94.11","11.77","88.23","14.71","85.29","","David Sargent (CEO)","Less than 250","1ST HOME CARE LTD.","False","2025/04/05 00:00:00","2024/07/01 15:43:41"
"6 POINT 6 LIMITED","22664","30 Fenchurch Street, London, England, EC3M 3BD","EC3M 3BD","07946687","62020","22","24","15","33","92","87","58","42","69","31","82","18","89","11","","Janet Coulthurst (Chief of Staff)","250 to 499","6 POINT 6 LIMITED","False","2025/04/05 00:00:00","2024/12/16 11:12:30"
"725 LIMITED","17859","48 High Street, Gravesend, Kent, England, DA11 0AY","DA11 0AY","05983359","41100,
78200","2.50","3.78","","","0","0","31","69","31","69","31","69","51","49","","DIPESH LIMBU (ACCOUNTANT)","250 to 499","725 LIMITED","False","2025/04/05 00:00:00","2024/12/16 15:06:04"
"A J RAYSON LIMITED","23378","Bartle House, Oxford Court, Manchester, England, M2 3WQ","M2 3WQ","14187704","70229","1.37","5.24","","","0","0","9","91","21","79","22","78","35.8","64.2","","Abigail Rayson (Director)","250 to 499","A J RAYSON LIMITED","False","2025/04/05 00:00:00","2024/05/20 10:03:35"
"A P P WHOLESALE LIMITED","21477","Unit 1 Radford Industrial Estate, Goodhall Street, London, England, NW10 6UA","NW10 6UA","06552800","46740","-4.26","15.13","-33.39","-20","88","95","91.94","8.06","86.89","13.11","76.67","23.33","84.17","15.83","https://www.lordsgrouptradingplc.co.uk/about-us/gender-pay-gap-report","Anne Prince (Group HR Director)","Less than 250","A P P WHOLESALE LIMITED","False","2025/04/05 00:00:00","2024/09/17 13:59:33"
"A. CONNOLLY LIMITED","23508","The Old Dairy, Leed Street, Wigan, United Kingdom, WN3 4BW","WN3 4BW","03860866","41202","16.5","18.6","0","0","1.6","2.9","74.2","25.8","50.8","49.2","75.4","24.6","88.5","11.5","","Kate Whistance (FInance)","250 to 499","A. CONNOLLY LIMITED","False","2025/04/05 00:00:00","2024/12/05 10:38:27"
"AB AGRI LIMITED","762","Weston Centre, 10 Grosvenor Street, London, W1K 4QY","W1K 4QY","00193800","10910","0.4","-6.2","30.3","7.7","53.6","77.4","60.4","39.6","77.3","22.7","66.8","33.2","60.9","39.1","","Jose Nobre (Chief Executive Officer)","1000 to 4999","AB AGRI LIMITED","False","2025/04/05 00:00:00","2024/12/17 11:24:03"
"AB WORLD FOODS LIMITED","764","Weston Centre, 10 Grosvenor Street, London, W1K 4QY","W1K 4QY","01400901","10890","-13.4","-20.3","10.6","-58.1","80.1","82.1","61.2","38.8","62.4","37.6","60.3","39.7","41","59","https://www.abworldfoods.com/documents/ABWF%20Gender%20Pay%20Gap%20Statement%202024.pdf","Andy Mayhew (Managing Director)","500 to 999","AB WORLD FOODS LIMITED","False","2025/04/05 00:00:00","2025/01/08 10:50:17"
"ABACUS EMPLOYMENT SERVICES LIMITED","767","1 Chequers Road, Basingstoke, Hampshire, England, RG21 7PU","RG21 7PU","02638307","78200","-4.71","1.77","-6.12","-0.61","29.56","23.12","79.17","20.83","76.86","23.14","84.17","15.83","82.64","17.36","http://www.abacus-employment.com","Phil James (Finance Manager)","250 to 499","ABACUS EMPLOYMENT SERVICES LIMITED","False","2025/04/05 00:00:00","2024/04/08 10:49:26"
"ABERLOUR CHILD CARE TRUST","794","Kintail House, Forthside Way, Stirling, Stirlingshire, Scotland, FK8 1QZ","FK8 1QZ","SC312912","96090","5.8","4.7","","","0","0","14.3","85.7","15.4","84.6","20.8","79.2","14.9","85.1","https://www.aberlour.org.uk/publications/aberlour-gender-pay-gap-report-2024","SallyAnn Kelly (Chief Executive)","500 to 999","ABERLOUR CHILD CARE TRUST","False","2025/04/05 00:00:00","2024/08/23 09:16:53"
"ABF GRAIN PRODUCTS LIMITED","650","Weston Centre, 10 Grosvenor Street, London, W1K 4QY","W1K 4QY","00079590","10611,
10612,
10710,
10730","-7.5","0.4","3.9","-29.1","31.2","47.4","73.1","26.9","83.1","16.9","84.5","15.5","72.3","27.7","https://www.abf.co.uk/abf-grain-products-ltd-gender-pay-gap-report-2024","Sarah Arrowsmith (Chief Executive)","1000 to 4999","ABF GRAIN PRODUCTS LIMITED","False","2025/04/05 00:00:00","2024/12/11 16:23:14"
"Abingdon & Witney College","799","Holloway Road, Witney, Oxfordshire, United Kingdom, OX28 6NE","OX28 6NE","","1,
85320","11.7","14.8","","","0","0","18.5","81.5","29.9","70.1","29.9","70.1","46.3","53.7","","","500 to 999","Abingdon & Witney College","False","2025/03/31 00:00:00","2024/09/20 09:13:11"
"ACCELERATE FACILITIES LTD","17458","1st Floor, Corn Exchange Business Centre Market Place, Hadleigh, Ipswich, Suffolk, England, IP7 5DN","IP7 5DN","04344083","81299","9.1","5","-16.9","18.9","37.6","21.3","27.8","72.2","29.1","70.9","38.2","61.8","37","63","","Gary Morgan (Managing Director)","250 to 499","ACCELERATE FACILITIES LTD","False","2025/04/05 00:00:00","2024/12/12 12:06:58"
"ACCELERATED EDUCATION TUITION LIMITED","18521","V3, Vector Park, Forest Road, Feltham, England, TW13 7EJ","TW13 7EJ","06857560","85200","-25.22","-15.5","","","0","0","46.8","53.2","42.9","57.1","48.1","51.9","33.8","66.2","https://aetuition.co.uk/gender-pay-gap/","Mark Bezant (Finance Manager)","250 to 499","ACCELERATED EDUCATION TUITION LIMITED","False","2025/04/05 00:00:00","2024/08/06 12:05:13"
"ACER TRUST","16212","Matthew Arnold School, Arnolds Way, Oxford, United Kingdom, OX2 9JE","OX2 9JE","09591931","85310","18.27","28.47","","","0","0","13","87","23","77","31","69","32","68","","","500 to 999","ACER TRUST","False","2025/03/31 00:00:00","2025/01/02 10:21:27"
"ACHILLES INFORMATION LIMITED","65","50 Lothian Road, Festival Square, Edinburgh, Scotland, EH3 9WJ","EH3 9WJ","SC137975","63110","23.9","10.7","5.6","32.4","18.8","23.1","34.2","65.8","52.6","47.4","73.7","26.3","67.6","32.4","","William Brannan (Compliance Officer)","Less than 250","ACHILLES INFORMATION LIMITED","False","2025/04/05 00:00:00","2024/05/14 09:39:38"
"ACIS GROUP LIMITED","20901","Acis House, Bridge Street, Gainsborough, Lincolnshire, DN21 1GG","DN21 1GG","03593345","68201","17.14","13.23","20.60","14.83","31.85","20.14","37.14","62.86","51.47","48.53","41.18","58.82","67.65","32.35","https://www.acisgroup.co.uk/workspace/pdfs/gender-pay-gap-report-2024.pdf","Catherine Everatt (Payrol & Benefits Advisor)","250 to 499","ACIS GROUP LIMITED","False","2025/04/05 00:00:00","2024/12/20 11:47:14"
"ACORN CARE AND EDUCATION LIMITED","23243","Atria, Spa Road, Bolton, England, BL1 4AG","BL1 4AG","05019430","70100","7.8","1.6","10.9","8.5","56","44","23.9","76.1","31.1","68.9","28.4","71.6","31.7","68.3","","Carmel Walberg (Director of People Services)","5000 to 19,999","ACORN CARE AND EDUCATION LIMITED","False","2025/04/05 00:00:00","2024/05/28 10:20:17"
"ACORN EDUCATION TRUST","860","Kingdown School, Woodcock Road, Warminster, Wiltshire, BA12 9DR","BA12 9DR","07654902","85310","27.92","36.06","","","0","0","9.85","90.15","12.32","87.68","16.75","83.25","25.62","74.38","","","500 to 999","ACORN EDUCATION TRUST","False","2025/03/31 00:00:00","2024/12/17 17:28:50"
"ACORN MOBILITY SERVICES LTD.","862","Telecom House Millennium, Business Park Station Road, Steeton Bradford, West Yorkshire, BD20 6RB","BD20 6RB","02593771","32990","-1.1","-1.3","-89.8","-561.2","39.0","45.5","82.2","17.8","68.0","32.0","72.1","27.9","75.0","25.0","https://www.acornstairlifts.co.uk/assets/8530_UK_AC_Gender%20Pay%20Gap%20Report_1124.pdf","Kate Gledhill (Group HR Director)","500 to 999","ACORN MOBILITY SERVICES LTD.","False","2025/04/05 00:00:00","2025/01/17 16:57:34"
"AD ASTRA ACADEMY TRUST","14497","Hub Two, The Innovation Centre Venture Court, Queens Meadow Business Park, Hartlepool, England, TS25 5TG","TS25 5TG","09308398","85200","19.28","42.56","","","0","0","5.47","94.53","7.03","92.97","13.28","86.72","14.06","85.94","https://adastraschools.org/wp-content/uploads/2024/09/AA-Gender-Pay-Gap-Report-2024-final-4.9.24.pdf","","500 to 999","AD ASTRA ACADEMY TRUST","False","2025/03/31 00:00:00","2024/09/25 19:26:16"
"Addington School","21963","Addington School, Woodlands Avenue, Woodley, Reading, Berkshire, United Kingdom, RG5 3EU","RG5 3EU","","","3.4","5.1","","","0","0","7","93","10.3","89.7","17.2","82.8","10.3","89.7","","","250 to 499","Addington School","False","2025/03/31 00:00:00","2025/01/10 14:24:39"
"ADFERIAD RECOVERY LIMITED","21342","36 Princes Drive, Colwyn Bay, Conwy, Wales, LL29 8LA","LL29 8LA","02751104","86900","0","0","-73.47","-200","2.96","1.53","23.81","76.19","30.82","69.18","26.03","73.97","26.03","73.97","","Aled Davies (Director of People and Culture)","500 to 999","ADFERIAD RECOVERY LIMITED","False","2025/04/05 00:00:00","2025/01/15 14:30:37"
"ADNAMS PLC","154","East Green,, Southwold,, Suffolk, IP18 6JW","IP18 6JW","00031114","11010,
11050,
46342,
47250","25.75","9.28","73.56","0.7","3.09","3.88","44.2","55.8","46.2","53.8","67.5","32.5","62.2","37.8","","Jenny Hanlon (CEO)","250 to 499","ADNAMS PLC","False","2025/04/05 00:00:00","2024/12/13 14:38:30"
"ADVISERPLUS BUSINESS SOLUTIONS LIMITED","943","Pioneer House Pioneer Business Park, North Road, Ellesmere Port, United Kingdom, CH65 1AD","CH65 1AD","04222727","62020,
70100","29.4","22.9","93.2","96.2","3.9","1.7","16.7","83.3","20","80","16.7","83.3","44.1","55.9","","Steve Hinchcliff (Chief Financial Officer)","Less than 250","ADVISERPLUS BUSINESS SOLUTIONS LIMITED","False","2025/04/05 00:00:00","2024/05/23 12:40:41"
"AERO FABRICATIONS LIMITED","21658","Common Lane, Watnall, Nottingham, NG16 1HA","NG16 1HA","02793994","25990","12.99","10.01","","","0","0","70","30","76","24","92","8","96","4","","George Magdaleno (Finance Manager)","250 to 499","AERO FABRICATIONS LIMITED","False","2025/04/05 00:00:00","2024/04/24 05:54:57"
"AFH INDEPENDENT FINANCIAL SERVICES LIMITED","19364","Afh House Buntsford Drive, Stoke Heath, Bromsgrove, Worcestershire, B60 4JE","B60 4JE","04049180","64999","23","34","32","20","59","63","31","69","26","74","50","50","65","35","http://www.afhwm.co.uk/media/r2gah52i/afh-gender-pay-gap-jan-25.pdf","Suzanne Cousens (Chief People Officer)","500 to 999","AFH INDEPENDENT FINANCIAL SERVICES LIMITED","False","2025/04/05 00:00:00","2025/01/08 09:40:40"
"AG RESTAURANTS LTD","977","The Wright Business Centre, Lonmay Road, Glasgow, Scotland, G33 4EL","G33 4EL","SC287991","56102","-1","-0.2","20.5","0","2.9","2.9","52.1","47.9","55","45","55.3","44.7","51.1","48.9","","Andrew Gibson (Director)","1000 to 4999","AG RESTAURANTS LTD","False","2025/04/05 00:00:00","2024/09/13 07:27:07"
"AGGREKO UK LIMITED","308","Lomondgate, Stirling Road, Dumbarton, Scotland, G82 3RG","G82 3RG","SC051093","77390","13.0","2.8","26","-3.4","84.5","85.9","72","28","87","13","84","16","77","23","https://www.aggreko.com/en/about-us/energising-change/promoting-development","Kim Wilson (Group People Director)","500 to 999","AGGREKO UK LIMITED","False","2025/04/05 00:00:00","2024/10/28 12:27:04"
"AGRIAL FRESH PRODUCE LTD","346","Florette House Wood End Lane, Fradley, Lichfield, Staffordshire, England, WS13 8NF","WS13 8NF","03687920","10390","10.4","8.2","9.8","1.1","75.1","81.5","48.5","51.5","57.1","42.9","65.9","34.1","78.4","21.6","https://agrialfreshproduce.co.uk/wp-content/uploads/2024/05/Gender-Pay-Report-Agrial-Fresh-Produce-2024.pdf","Doug Robertson (Managing Director)","500 to 999","AGRIAL FRESH PRODUCE LTD","False","2025/04/05 00:00:00","2024/05/22 09:39:51"
"AGS SUPPORT SERVICES LIMITED","20531","Unit D  Prospect House The Hyde Business Park, The Hyde, Brighton, BN2 4JE","BN2 4JE","07956871","52290","-0.4","0","44.3","0","2.1","3","83.3","16.7","64.6","35.4","70.8","29.2","78.5","21.5","","Jonathan Surridge (Senior Payroll Officer)","250 to 499","AGS SUPPORT SERVICES LIMITED","False","2025/04/05 00:00:00","2024/06/20 13:06:31"
"AIB GROUP (UK) P.L.C.","15495","92 Ann Street, Belfast, BT1 3HH","BT1 3HH","NI018800","64191","27","18.3","19.7","12.8","96","94","38.1","61.9","33.1","66.9","42","58","63","37","https://aibni.co.uk/help-and-guidance/important-information/diversity-statement","Hilary Gormley (AIB UK Managing Director)","500 to 999","AIB GROUP (UK) P.L.C.","False","2025/04/05 00:00:00","2024/12/16 09:54:44"
"AIM COMMERCIAL CLEANING LIMITED","1020","12 Hatherley Road, Sidcup, Kent, DA14 4DT","DA14 4DT","01427132","81210","9.77","4.59","","","0","0","27.65","72.35","27.65","72.35","39.63","60.37","40.09","59.91","","ANDREW SULLIVAN (DIRECTOR)","500 to 999","AIM COMMERCIAL CLEANING LIMITED","False","2025/04/05 00:00:00","2024/05/07 10:40:27"
"ALAN BOSWELL INSURANCE BROKERS LIMITED","21573","Prospect House, Rouen Road, Norwich, England, NR1 1RE","NR1 1RE","02591252","66220","27","22","47","0","95","96","41","59","31","69","44","56","73","27","https://www.alanboswell.com/legal-information/gender-pay-report/","Gillian Anderson Brown (HR Director)","250 to 499","ALAN BOSWELL INSURANCE BROKERS LIMITED","False","2025/04/05 00:00:00","2024/12/31 15:32:17"
"ALETHEIA ACADEMIES TRUST","17088","Saint George's Church Of England School, Meadow Road, Gravesend, England, DA11 7LS","DA11 7LS","07801612","85200,
85310","26.2","40.4","","","0","0","7.5","92.5","13.8","86.2","22.6","77.4","25.6","74.4","https://www.aletheiatrust.org.uk/_site/data/files/documents/4F839A00A2B0340F1E1BB80B111DA220.pdf","","500 to 999","ALETHEIA ACADEMIES TRUST","False","2025/03/31 00:00:00","2024/09/23 14:05:58"
"ALEXANDER MANN SOLUTIONS LIMITED","1098","60 London Wall, 2nd Floor, London, England, EC2M 5TQ","EC2M 5TQ","02073305","78300","10.4","0.7","-1.2","30.5","8.2","6.0","36","64","35","65","35","65","39","61","https://www.weareams.com/gender-balance-and-pay-uk-report/","Gordon Stuart (Chief Executive Officer (Interim))","1000 to 4999","ALEXANDER MANN SOLUTIONS LIMITED","False","2025/04/05 00:00:00","2024/12/12 11:36:06"
"ALPHASIGHTS LTD","1171","Thames Court 3rd Floor, 1 Queenhithe, London, United Kingdom, EC4V 3DX","EC4V 3DX","06534480","63990","15.4","1.8","0.2","7.1","73.8","66.9","44.6","55.4","42.9","57.1","37.5","62.5","58.0","42.0","https://www.alphasights.com/gender-pay-gap-report/","Andrew Heath (Co-CEO)","250 to 499","ALPHASIGHTS LTD","False","2025/04/05 00:00:00","2024/11/15 11:46:57"
"ALTOGETHER CARE LLP","19184","21 Glendinning Avenue, Weymouth, Dorset, DT4 7QF","DT4 7QF","OC307772","","-3.6","-2.1","","","0","0","10.80","89.2","15.70","84.3","18.30","81.7","15.5","84.5","","Stephen Knell (CEO)","500 to 999","ALTOGETHER CARE LLP","False","2025/04/05 00:00:00","2024/11/20 14:26:27"
"Amber Valley Borough Council","1204","Town Hall, Market Place, Ripley, Derbyshire, United Kingdom, DE5 3BT","DE5 3BT","","1,
84110","4.4","-14.6","","","0","0","70","30","42.6","57.4","21.3","78.7","57.4","42.6","","","Less than 250","Amber Valley Borough Council","False","2025/03/31 00:00:00","2024/12/20 15:55:54"
"AMNESTY INTERNATIONAL LIMITED","1234","1 Easton Street, London, WC1X 0DW","WC1X 0DW","01606776","94990","8.9","8.5","","","0","0","20.2","79.8","24.5","75.5","47.9","52.1","32.3","67.7","https://www.amnesty.org/en/documents/org20/8241/2024/en/","Preethika Menezes (International Reward (Pay & Benefits) Manager)","250 to 499","AMNESTY INTERNATIONAL LIMITED","False","2025/04/05 00:00:00","2024/08/22 10:25:11"
"AMVALE MEDICAL TRANSPORT LIMITED","17627","Unit 1 C/D South Park Industrial Estate, Birkdale Road, Scunthorpe, North Lincolnshire, DN17 2AU","DN17 2AU","04502825","82990","9.91","0","","","0","0","46","54","43","57","37","63","59","41","","MICHAEL GODFREY (CEO)","250 to 499","AMVALE MEDICAL TRANSPORT LIMITED","False","2025/04/05 00:00:00","2024/05/29 13:36:03"
"ANCASTER GROUP LIMITED","16315","61 Croydon Road, Penge, London, SE20 7TF","SE20 7TF","00475853","45111,
45112,
45200,
45310","14.6","5.2","59.6","31.7","86.4","63.7","84.5","15.5","66.7","33.3","79.4","20.6","89.6","10.4","https://www.ancaster.co.uk/","Simon Strickson (Finance Director)","250 to 499","ANCASTER GROUP LIMITED","False","2025/04/05 00:00:00","2025/01/20 09:12:03"
"ANCHOR HANOVER GROUP","19327","The Heals Building Suites A&B, 3rd Floor, 22-24 Torrington Place, London, WC1E7HJ","WC1E7HJ","RS007843","","12.60","1.80","59.50","0.00","3.60","4.00","11.60","88.40","21.90","78.10","15.60","84.40","28.80","71.20","","Sarah Jones (CEO)","5000 to 19,999","ANCHOR HANOVER GROUP","False","2025/04/05 00:00:00","2025/01/02 11:59:08"
"ANGLIAN COUNTRY INNS LIMITED","17754","20-21 Hermitage Road, Hitchin, England, SG5 1BT","SG5 1BT","03214479","56101,
56302","10.04","0.00","32.69","29.78","17.9","11.5","57.41","42.59","45.87","54.13","39.45","60.55","68.52","31.48","","Susanne Mcgregor (Payroll Manager)","250 to 499","ANGLIAN COUNTRY INNS LIMITED","False","2025/04/05 00:00:00","2024/10/09 08:57:26"
"ANGLIAN HOME IMPROVEMENTS GROUP LIMITED","1283","Liberator Road, Liberator Road, Norwich, England, NR6 6EU","NR6 6EU","09905204","70100","18.9","12.9","68","62.4","41","45.7","66.3","33.7","83.5","16.5","81.2","18.8","88.2","11.8","","Phil Tweedie (Managing Director & CFO)","1000 to 4999","ANGLIAN HOME IMPROVEMENTS GROUP LIMITED","False","2025/04/05 00:00:00","2024/12/12 10:14:20"
"ANGLIAN WATER SERVICES LIMITED","1285","Lancaster House Lancaster Way, Ermine Business Park, Huntingdon, Cambridgeshire, United Kingdom, PE29 6XU","PE29 6XU","02366656","36000,
37000,
70100","4.9","11.6","9.5","6.5","97.5","95.3","48.5","51.5","76.2","23.8","80","20","65.7","34.3","https://prod-kic.anglianwater.co.uk/siteassets/household/about-us/our-reports/gender-and-ethnicity-pay-gap-report-2024.pdf","Amanda Bridger (People Director)","5000 to 19,999","ANGLIAN WATER SERVICES LIMITED","False","2025/04/05 00:00:00","2024/12/20 09:02:45"
"ANGUS ALIVE","18132","Angus House, Orchardbank Business Park, Forfar, Angus, DD8 1AN","DD8 1AN","SC499155","90040,
91011,
91020,
93110","-7.91","-2.34","","","0","0","40","60","38","62","34","66","24","76","https://angusalive.scot/wp-content/uploads/2025/01/30_24_Gender-Pay-Gap-Report-24-1.pdf","Kirsty Hunter (Chief Executive)","500 to 999","ANGUS ALIVE","False","2025/04/05 00:00:00","2025/01/06 12:48:29"
"APPH LIMITED","1337","8 Pembroke Court, Chancellor Road, Manor Park, Runcorn, WA7 1TG","WA7 1TG","01972451","28120,
30300","1.24","2.35","-158.84","-1019.92","17.51","9.68","81","19","96","4","93","7","88","12","","Julie Andrew (Human Resources)","250 to 499","APPH LIMITED","False","2025/04/05 00:00:00","2024/11/19 15:39:39"
"APTUS UTILITIES LIMITED","20628","Aptus House Barrs Fold Road, Westhoughton, Bolton, England, BL5 3XP","BL5 3XP","07209034","43999","29.4","25.3","-868.2","-2012.2","50","9.2","58.2","41.8","74.6","25.4","95.5","4.5","85.1","14.9","https://aptusutilities.co.uk/wp-content/uploads/2025/01/Aptus-Utilities-Gender-Pay-Gap-Report-April-2024-Written-Statement-V1.pdf","Lisa Kerford (Managing Director)","250 to 499","APTUS UTILITIES LIMITED","False","2025/04/05 00:00:00","2025/01/10 16:13:47"
"ARCONIC MANUFACTURING (GB) LIMITED","1382","170 Kitts Green Road, Kitts Green, Birmingham, West Midlands, England, B33 9QR","B33 9QR","00633328","24420","-3.82","-1.04","-19.83","-11.80","99.02","100","83.33","16.67","98.15","1.85","90.74","9.26","89.72","10.28","https://www.arconic.com/uk-legal-documents","Angela Scott (Senior HR Manager)","250 to 499","ARCONIC MANUFACTURING (GB) LIMITED","False","2025/04/05 00:00:00","2024/12/17 11:49:27"
"ARDINGLY COLLEGE LIMITED","1390","Ardingly College, College Road, Ardingly, Haywards Heath, West Sussex, RH17 6SQ","RH17 6SQ","03779971","85200,
85310,
85590","5.34","1.44","","","0","0","42","58","37","63","37","63","43","57","","Rachel Parmley (HR Director)","250 to 499","ARDINGLY COLLEGE LIMITED","False","2025/04/05 00:00:00","2025/01/14 16:00:45"
"ARENA EVENT SERVICES GROUP LIMITED","1393","Needingworth Industrial Estate, Needingworth Road, St. Ives, England, PE27 4NB","PE27 4NB","04069053","93199","-15.13","-5.74","39.72","-160","7.53","5.08","78.75","21.25","83.54","16.46","78.75","21.25","87.34","12.66","","Cary Ann Evans (Head of HR, UK & Europe)","250 to 499","ARENA EVENT SERVICES GROUP LIMITED","False","2025/04/05 00:00:00","2024/05/02 15:07:49"
"ARETÉ LEARNING TRUST","19108","Stokesley School, Station Road, Stokesley, North Yorkshire, TS9 5AL","TS9 5AL","09471240","85200,
85310","15.95","39.57","","","0","0","12.07","87.93","22.41","77.59","35.34","64.66","38.26","61.74","","","250 to 499","ARETÉ LEARNING TRUST","False","2025/03/31 00:00:00","2024/09/27 04:59:51"
"ARJO UK LIMITED","16603","Arjohuntleigh House Houghton Hall Business Park, Houghton Regis, Dunstable, Bedfordshire, United Kingdom, LU5 5XF","LU5 5XF","10842512","32500,
77390,
96090","-14.62","-8.78","-23.6","-52.08","33","35","70","30","75","25","82","18","56","44","https://documents.arjo.com/assets/deployedFiles/973964f207e68f29a0c0ffe4cbfe92a4/Gender%20Pay%20Gap%20Report%20-%205%20April%202024.pdf","Sarah Logan (HR Director UKI)","500 to 999","ARJO UK LIMITED","False","2025/04/05 00:00:00","2025/01/10 14:21:52"
"ARNOLD CLARK AUTOMOBILES LIMITED","1417","454 Hillington Road, Glasgow, Scotland, G52 4FH","G52 4FH","SC036386","45111,
45112,
45200","8.1","3.6","20.6","-38.6","93.7","94.7","77.4","22.6","67.1","32.9","73.8","26.2","83.8","16.2","https://www.arnoldclark.com/gender-pay-gap-report","Colin Sinclair (Financial Controller)","5000 to 19,999","ARNOLD CLARK AUTOMOBILES LIMITED","False","2025/04/05 00:00:00","2024/12/27 10:21:36"
"ARNOLD CLARK FINANCE LIMITED.","1418","454 Hillington Road, Glasgow, Scotland, G52 4FH","G52 4FH","SC039597","77110","-7","-8.7","7.4","12.3","87.5","93","75.1","24.9","76.2","23.8","56.8","43.2","47","53","https://www.arnoldclark.com/gender-pay-gap-report","Colin Sinclair (Financial Controller)","500 to 999","ARNOLD CLARK FINANCE LIMITED.","False","2025/04/05 00:00:00","2024/12/27 10:19:19"
"ARTFARM LIMITED","22968","6 Grosvenor Street, London, England, W1K 4PZ","W1K 4PZ","10950608","64209","-1.39","-0.14","-8","60","69","65","55","45","58","42","56","44","49","51","","Roberta Fuccio (Payroll Manager)","250 to 499","ARTFARM LIMITED","False","2025/04/05 00:00:00","2024/09/17 12:51:18"
"Arts University Bournemouth","12194","7 Fern Barrow, Poole, Dorset, United Kingdom, BH12 5HH","BH12 5HH","","1,
85421","16.7","25.9","","","0","0","19","81","34","66","41","59","44","56","https://webdocs.aub.ac.uk/Gender%20Pay%20Gap%20Report.pdf?_ga=2.240357763.1619650026.1729007830-1797710300.1638353955","","500 to 999","Arts University Bournemouth","False","2025/03/31 00:00:00","2024/10/16 12:52:41"
"ARUNDEL AND BRIGHTON DIOCESAN TRUST","17078","The St Philip Howard Centre, 4 Southgate Drive, Crawley, West Sussex, RH10 6RP","RH10 6RP","","94910","14.56","4.62","","","0","0","18","82","11","89","14","86","20","80","","Sarah Kilmartin (Chief Operating Officer)","250 to 499","ARUNDEL AND BRIGHTON DIOCESAN TRUST","False","2025/04/05 00:00:00","2024/11/03 22:20:47"
"ASENDIA UK LIMITED","1480","Ground Floor Egerton House, 68 Baker Street, Weybridge, Surrey, KT13 8AL","KT13 8AL","05029372","53100,
82990","16.56","10.94","42","17","94.28","98.20","34.12","65.88","55.29","44.71","54.12","45.88","60","40","","Anna McCarron (HRD)","250 to 499","ASENDIA UK LIMITED","False","2025/04/05 00:00:00","2024/06/03 08:50:19"
"Ashford and St. Peter's Hospitals NHS Foundation Trust","17212","Guildford Road, Chertsey, Surrey, KT16 OPZ","KT16 OPZ","","1,
86210","16.05","2.4","41.2","47.8","3.7","0.56","33.67","66.33","20","80","25","75","25","75","","","5000 to 19,999","Ashford and St. Peter's Hospitals NHS Foundation Trust","False","2025/03/31 00:00:00","2024/12/30 13:00:10"
"ASHI GROUP LIMITED","1286","Liberator Road, Liberator Road, Norwich, England, NR6 6EU","NR6 6EU","02540020","22230","18.9","12.9","68","62.4","41","45.7","66.35","33.65","83.49","16.51","81.21","18.79","88.22","11.78","","Phil Tweedie (Managing Director & CFO)","1000 to 4999","ASHI GROUP LIMITED","False","2025/04/05 00:00:00","2024/08/27 13:12:14"
"ASHLEY MANOR UPHOLSTERY LIMITED","21401","Unit 1 Woodside Industrial, Estate Pedmore Road, Dudley, West Midlands, DY2 0RL","DY2 0RL","02860130","31090","4","5","56","56","1","2","61","39","65.1","34.9","59","41","79","21","","Karen Billingham (Payroll Manager)","250 to 499","ASHLEY MANOR UPHOLSTERY LIMITED","False","2025/04/05 00:00:00","2024/10/07 13:40:59"
"ASPIRE ACADEMIES TRUST","1512","Hammond Academy, Cambrian Way, Hemel Hempstead, England, HP2 5TD","HP2 5TD","08187216","85200","18.8","16.2","","","0","0","1","99","2.2","97.8","11.4","88.6","10","90","","","250 to 499","ASPIRE ACADEMIES TRUST","False","2025/03/31 00:00:00","2025/01/07 14:30:07"
"ASPIRE LEARNING TRUST (WHITTLESEY)","15868","Sir Harry Smith Academy, Eastrea Road, Whittlesey, Cambs, PE7 1XB","PE7 1XB","08006711","85100,
85200,
85310","35.3","48.7","","","0","0","9.4","90.6","7.81","92.19","10.94","89.06","40.6","59.4","","","250 to 499","ASPIRE LEARNING TRUST (WHITTLESEY)","False","2025/03/31 00:00:00","2025/01/15 10:45:43"
"ASSET EDUCATION","1525","St Helen's School, Woodbridge Road, Ipswich, Suffolk, United Kingdom, IP4 2LT","IP4 2LT","09434926","85200","13.6","18.6","","","0","0","9","91","6.8","93.2","15","85","12","88","https://drive.google.com/file/d/1m4rWg1WTOTh-PP7nD28EQzH4ux0JXSNV/view","","500 to 999","ASSET EDUCATION","False","2025/03/31 00:00:00","2024/12/09 08:40:25"
"ASSOCIATION FOR SPINAL INJURY RESEARCH REHABILITATION AND REINTEGRATION","21453","Aspire Leisure Centre Aspire Leisure Centre, Wood Lane, Stanmore, Middlesex, United Kingdom, HA7 4AP","HA7 4AP","03744357","86900,
93110,
93130","11","-3.5","","","0","0","36","64","55","45","23","77","45","55","","Tasha Webster (Director of Operations)","Less than 250","ASSOCIATION FOR SPINAL INJURY RESEARCH REHABILITATION AND REINTEGRATION","False","2025/04/05 00:00:00","2024/05/29 13:06:02"
"ASTELLAS PHARMA EUROPE LTD.","1535","300 Dashwood Lang Road, Bourne Business Park, Addlestone, United Kingdom, KT15 2NX","KT15 2NX","02486792","46460","23.8","11.8","49.9","47.3","78.6","84.6","19.5","80.5","57.5","42.5","46.9","53.1","61.9","38.1","https://www.astellas.com/uk/sustainability/gender-pay-gap-report","Simon Yeow (Senior Director, Total Reward)","250 to 499","ASTELLAS PHARMA EUROPE LTD.","False","2025/04/05 00:00:00","2024/04/15 23:38:27"
"ATOC LIMITED","18170","First Floor North, 1 Puddle Dock, London, England, EC4V 3DS","EC4V 3DS","03069033","49100,
52212","18.1","16.5","30","21.4","92.2","88","40.7","59.3","47.06","52.94","62.79","37.21","56.27","43.73","https://www.raildeliverygroup.com/about-us/careers/our-vacancies/pay-gap-data.html","Cheryl Green (Director of People and Inclusion)","250 to 499","ATOC LIMITED","False","2025/04/05 00:00:00","2024/12/20 10:12:28"
"AUTISM INITIATIVES (UK)","1601","Sefton House, Bridle Road, Bootle, Merseyside, England, L30 4XR","L30 4XR","02436777","85200,
85310,
87300,
88990","-2.87","0","","","0","0","44.1","55.9","44.9","55.1","42.8","57.2","33.4","66.6","","Andrew Grainger (Chief Executive)","1000 to 4999","AUTISM INITIATIVES (UK)","False","2025/04/05 00:00:00","2025/01/14 11:18:09"
"AUTO TRADER LIMITED","1607","1 Tony Wilson Place, Manchester, England, M15 4FN","M15 4FN","03909628","58142","9.6","14.9","14.7","56.4","5.5","6.2","46.8","53.2","55.6","44.4","63.3","36.7","64.4","35.6","https://plc.autotrader.co.uk/media/zrcfw2jl/autotrader-pay-gap-reporting-2024-final.pdf","Nathan Coe (CEO)","1000 to 4999","AUTO TRADER LIMITED","False","2025/04/05 00:00:00","2024/11/21 11:56:55"
"AVANTE CARE AND SUPPORT LIMITED","1624","De Gelsey House, 1 Jubilee Way, Faversham, Kent, ME13 8GD","ME13 8GD","02565021","87300,
88100,
88990","9.8","1.5","53.8","-177.8","15.34","5.48","13","87","15","85","17","83","18","82","https://avantecare.org.uk/gender-pay-gap/","Deborah Norman (Finance Director)","1000 to 4999","AVANTE CARE AND SUPPORT LIMITED","False","2025/04/05 00:00:00","2024/11/26 11:00:30"
"AVH PARKS LIMITED","23156","Lancaster House Lancaster Way, Ermine Business Park, Huntingdon, Cambridgeshire, United Kingdom, PE29 6XU","PE29 6XU","10177651","36000,
37000","14.8","12.3","70.8","0","91.3","88.4","19.5","80.5","46.3","53.7","61.9","38.1","64.3","35.7","https://www.anglianventures.co.uk/wp-content/uploads/2024/12/AVH-Parks-Gender-Pay-Gap-Report-2024_Final_2.pdf","Amanda Bridger (People Director)","250 to 499","AVH PARKS LIMITED","False","2025/04/05 00:00:00","2024/12/20 09:02:06"
"AVIAGEN LIMITED","1638","Stratford Hatchery Alscott Industrial Estate, Atherstone On Stour, Stratford-Upon-Avon, Warwickshire, CV37 8BH","CV37 8BH","01610943","1470","4.40","-3.82","38.91","9.43","78.01","88.03","78.2","21.8","83.1","16.9","79.1","20.9","72.5","27.5","https://aviagen.com/en/legal-statements-and-disclaimers/","Ivor Richmond (General Manager)","500 to 999","AVIAGEN LIMITED","False","2025/04/05 00:00:00","2024/09/20 14:00:14"
"AVIAGEN UK LIMITED","1639","AVIAGEN LTD, 11 Lochend Road, Ratho Station, Newbridge, Midlothian, EH28 8SZ","EH28 8SZ","SC065463","1470","12","9.6","20.3","9.8","82.9","83.1","49","51","60","40","67.4","32.6","75","25","https://aviagen.com/en/legal-statements-and-disclaimers/","Blake Williamson (General Manager)","250 to 499","AVIAGEN UK LIMITED","False","2025/04/05 00:00:00","2024/09/20 14:00:42"
"AVIOS GROUP (AGL) LIMITED","1640","Waterside, Speedbird Way, Harmondsworth, United Kingdom, UB7 0GB","UB7 0GB","02260073","82990","1","15","-10","26","81","88","38","62","34","66","42","58","42","58","https://www.iagloyalty.com/hubfs/Gender%20Pay%20Gap%20Report%202024%20-%20Final%20Version.pdf","Helen Miller (Chief People Officer)","500 to 999","AVIOS GROUP (AGL) LIMITED","False","2025/04/05 00:00:00","2024/10/24 08:44:28"
"Avon & Wiltshire Mental Health Partnership NHS Trust","15705","Bath NHS House, Newbridge Hill, Bath, BA1 3QE","BA1 3QE","","1,
86210","11.2","5.6","8.6","0.0","1.39","0.27","22.0","78.0","26.0","74.0","23.0","77.0","29.0","71.0","https://www.awp.nhs.uk/application/files/7217/2985/6745/Pay_Gap_Reprt_2024.pdf","","5000 to 19,999","Avon & Wiltshire Mental Health Partnership NHS Trust","False","2025/03/31 00:00:00","2024/12/09 14:50:59"
"Avon Fire & Rescue Service","1657","Avon Fire & Rescue Service, Police & Fire Headquarters, PO Box 37, Valley Road, Portishead, Bristol, BS20 8JJ","BS20 8JJ","","1,
84250","-1.98","0","","","0","0","63","37","91.9","8.1","83.8","16.2","72.3","27.7","https://www.avonfire.gov.uk/publications/gender-ethnicity-pay-gap/","","500 to 999","Avon Fire & Rescue Service","False","2025/03/31 00:00:00","2025/01/06 08:14:04"
"B.A.I. (U.K.), LIMITED","1708","Millbay, Plymouth, PL1 3EW","PL1 3EW","01080495","50100,
50200","21","-4","10","11","93","92","60","40","29","71","40","60","63","37","","Kitty Claire (Payroll Manager)","250 to 499","B.A.I. (U.K.), LIMITED","False","2025/04/05 00:00:00","2024/10/01 12:03:59"
"B.H.C. LIMITED","1710","6 East Bridge Street, Enniskillen, County Fermanagh, BT74 7BT","BT74 7BT","NI029649","32990,
41201,
62012,
71121","14.6","16.4","0.3","0.0","98","92","79.4","20.6","96","4","93.1","6.9","96.0","4.0","","Claire Patterson (Cost & Management Accountant)","250 to 499","B.H.C. LIMITED","False","2025/04/05 00:00:00","2024/07/31 08:43:44"
"Baillie Gifford & Co","15971","Calton Square, 1 Greenside Row, Edinburgh, EH1 3AN","EH1 3AN","","64301,
64304,
66300","14.78","10.86","48.38","16.02","95.18","94.76","44.64","55.36","48.64","51.36","54.84","45.16","60.30","39.70","https://www.bailliegifford.com/en/uk/individual-investors/about-us/diversity-and-inclusion/diversity-and-inclusion-report-2024/","Andrew Telfer (Managing Partner)","1000 to 4999","Baillie Gifford & Co","False","2025/04/05 00:00:00","2024/09/20 11:16:59"
"BANCROFT'S SCHOOL","19212","High Road, Woodford Green, Essex, IG8 0RF","IG8 0RF","03513962","85200,
85310","15.09","10.84","82.35","82","0.89","2.19","29.51","70.49","45","55","50.77","49.23","53.97","46.03","","Daren Clark (Payroll Manager)","Less than 250","BANCROFT'S SCHOOL","False","2025/04/05 00:00:00","2024/12/12 09:11:19"
"BANIJAY UK PRODUCTIONS LIMITED","20069","Shepherds Building Central, Charecroft Way, London, England, W14 0EE","W14 0EE","01692513","59113,
90030","-3.46","-1.51","39.6","9.2","52.1","50.2","42","58","40","60","37","63","36","64","","Bella Lambourne (HR & Operations Director)","250 to 499","BANIJAY UK PRODUCTIONS LIMITED","False","2025/04/05 00:00:00","2024/10/23 10:51:37"
"Bank of England","14475","Threadneedle Street, London, EC2R 8AH","EC2R 8AH","","1,
84110","16.0","16.6","15.7","16.1","93.1","93.9","40","60","48","52","57","43","65","35","https://www.bankofengland.co.uk/-/media/boe/files/annual-report/2024/boe-2024.pdf#page=72","","5000 to 19,999","Bank of England","False","2025/03/31 00:00:00","2024/08/14 08:36:06"
"BARCLAY & MATHIESON LIMITED","19915","180 Hardgate Road, Glasgow, Scotland, G51 4TB","G51 4TB","SC030987","25110,
25990,
46900","9.5","-3.57","6.83","-17.65","64.10","63.74","87.3","12.7","77.95","22.05","81.1","18.9","81.75","18.25","","Andrew Limmer (Chief Financial Officer)","250 to 499","BARCLAY & MATHIESON LIMITED","False","2025/04/05 00:00:00","2024/08/09 12:31:35"
"BARFOOTS OF BOTLEY LIMITED","493","Sefter Farm, Pagham Road, Bognor Regis, West Sussex, PO21 3PX","PO21 3PX","02383478","46310","12.8","0","23.8","0","87","91","46","54","76","24","59","41","62","38","","Nicholas Lake (Group CFO)","500 to 999","BARFOOTS OF BOTLEY LIMITED","False","2025/04/05 00:00:00","2024/12/12 16:47:11"
"BARKER CARE LIMITED","1818","Mortimer House, Clifton Down Road, Bristol, England, BS8 4AE","BS8 4AE","01385930","86102","-6.4","0.0","","","0","0","69.3","30.7","64.7","35.3","67.4","32.6","41.5","58.5","https://cedarcarehomes.com/gender-pay-gap-2024/","Ganesh Gudka (Chief Finance Officer)","250 to 499","BARKER CARE LIMITED","False","2025/04/05 00:00:00","2024/05/09 16:12:36"
"Barking, Havering and Redbridge University Hospitals NHS Trust","22115","Rom Valley Way, Romford, Essex, United Kingdom, RM7 0AG","RM7 0AG","","","22.4","19.2","35.3","41.7","3","0.3","20.3","79.7","20.7","79.3","20.3","79.7","42.4","57.6","https://www.bhrhospitals.nhs.uk/download.cfm?doc=docm93jijm4n5758.pdf&ver=14389","","5000 to 19,999","Barking, Havering and Redbridge University Hospitals NHS Trust","False","2025/03/31 00:00:00","2024/04/13 15:05:44"
"BARONS PUB COMPANY LTD","14722","Albany House, Claremont Lane, Esher, Surrey, KT10 9FQ","KT10 9FQ","03991418","56101","-0.4","-2.4","-12.2","-9.5","56.2","43.8","42","58","52","48","39","61","47","53","https://www.baronspubs.com/","Clive Price (Director)","250 to 499","BARONS PUB COMPANY LTD","False","2025/04/05 00:00:00","2024/04/05 16:08:40"
"BARRON MCCANN LIMITED","1847","Meteor Centre, Mansfield Road, Derby, DE21 4SY","DE21 4SY","01071331","62090","-5.07","3.93","-111.87","-110.91","54.04","20.83","70.77","29.23","92.19","7.81","87.50","12.50","76.56","23.44","","Paul Williams (Chief Financial Officer)","250 to 499","BARRON MCCANN LIMITED","False","2025/04/05 00:00:00","2024/12/03 14:44:02"
"BARTLETT MITCHELL LIMITED","1850","300 Thames Valley Park Drive, Reading, United Kingdom, RG6 1PT","RG6 1PT","03828478","56290","10.77","11.78","20.1","49.1","36.89","34.65","33.16","66.84","47.18","52.82","51.28","48.72","63.96","36.04","","Antony Prentice (Managing Director)","500 to 999","BARTLETT MITCHELL LIMITED","False","2025/04/05 00:00:00","2024/12/12 09:33:25"
"BATLEY MULTI ACADEMY TRUST","1868","Batley Multi Academy Trust Trust Development Centre, C/O Upper Batley High School, Blenheim Drive, Batley, West Yorkshire, England, WF17 0BJ","WF17 0BJ","07732537","85310","19.59","30.39","","","0","0","7.61","92.39","9.29","90.71","22.83","77.17","30.60","69.40","https://www.batleymat.co.uk/company-documentation/","","500 to 999","BATLEY MULTI ACADEMY TRUST","False","2025/03/31 00:00:00","2024/06/10 11:08:09"
"BAYLEAF FACILITIES MANAGEMENT LTD","23212","101 New Cavendish Street, 1st Floor South, London, United Kingdom, W1W 6XH","W1W 6XH","09010325","82990","-30.4","2.7","64.6","49.6","2.6","2.0","35.9","64.1","34.0","66.0","44.1","55.9","45.8","54.2","","Lisa Mendicino (HR Consultant)","500 to 999","BAYLEAF FACILITIES MANAGEMENT LTD","False","2025/04/05 00:00:00","2024/07/30 09:47:15"
"BBC STUDIOS DISTRIBUTION LIMITED","1887","1 Television Centre, 101 Wood Lane, London, United Kingdom, W12 7FA","W12 7FA","01420028","59113,
90030","14.7","8.9","54.9","95.4","37.6","40.6","39.5","60.5","36","64","42.6","57.4","53.0","47.0","https://www.bbcstudios.com/media/7002/pay-gap-report-2024.pdf","Tom Fussell (CEO)","1000 to 4999","BBC STUDIOS DISTRIBUTION LIMITED","False","2025/04/05 00:00:00","2024/12/09 17:26:27"
"BBC STUDIOS PRODUCTIONS LIMITED","18366","1 Television Centre, 101 Wood Lane, London, United Kingdom, W12 7FA","W12 7FA","09463829","60200","11.4","6.0","30","0.0","26.3","30.2","31.1","68.9","28.3","71.7","31.6","68.4","40.1","59.9","https://www.bbcstudios.com/media/7002/pay-gap-report-2024.pdf","Tom Fussell (CEO)","1000 to 4999","BBC STUDIOS PRODUCTIONS LIMITED","False","2025/04/05 00:00:00","2024/12/09 17:29:02"
"BDO SERVICES LIMITED","127","55 Baker Street, London, W1U 7EU","W1U 7EU","07020023","82990","12.2","9.6","32.7","39.6","66.8","64.7","50.3","49.7","46.1","53.9","52.1","47.9","60.7","39.3","https://www.bdo.co.uk/getmedia/49c3c814-9db3-4a37-88d2-baee5f0a7a10/BDO-Employee-pay-gap-report-2024.pdf?utm_campaign=Employee-pay-gap-report&utm_medium=PDF&utm_source=PDF-link","Mark Shaw (Managing Partner)","5000 to 19,999","BDO SERVICES LIMITED","False","2025/04/05 00:00:00","2024/12/12 09:50:57"
"BE MODERN LIMITED","1912","19-34 Bedesway Bede Industrial Estate, Jarrow, Tyne And Wear, NE32 3BE","NE32 3BE","00829005","31090","0.8","-11.2","49.3","0","98.0","95.6","96.7","3.3","82.0","18.0","72.1","27.9","75.8","24.2","","Stephen Richard Grimes (Financial Director)","Less than 250","BE MODERN LIMITED","False","2025/04/05 00:00:00","2025/01/08 11:19:27"
"BEATSON CLARK LIMITED","1924","The Glassworks, Greasborough Road, Rotherham, South Yorkshire, S60 1TZ","S60 1TZ","00110186","23130","7.37","9.79","-198.23","-1511.8","87.5","12.5","72.92","27.08","85.42","14.58","95.88","4.12","87.63","12.37","","Mark Malpass (Finance Director)","250 to 499","BEATSON CLARK LIMITED","False","2025/04/05 00:00:00","2024/05/20 08:23:51"
"BECKETT'S FOODS LIMITED","1936","Oak House Heyford Close, Aldermans Green, Coventry, West Midlands, CV2 2QB","CV2 2QB","02257171","47220","11.42","1.96","2.06","3.74","98.10","99.2","44.19","55.81","53.12","46.88","66.41","33.59","64.34","35.66","","Susan Griffiths (HR Business Partner)","500 to 999","BECKETT'S FOODS LIMITED","False","2025/04/05 00:00:00","2024/06/25 10:27:14"
"BEDFORDSHIRE SCHOOLS TRUST LIMITED","1946","Best House Shefford Road, Clifton, Shefford, Bedfordshire, SG17 5QS","SG17 5QS","07546141","85200,
85310,
85320","34.14","62.28","","","0","0","9","91","11","89","22","78","35","65","https://www.bestacademies.org.uk/governance","","500 to 999","BEDFORDSHIRE SCHOOLS TRUST LIMITED","False","2025/03/31 00:00:00","2024/08/27 13:08:15"
"BELFOR UK LIMITED","18353","No 1 Colmore Square, Birmingham, West Midlands, B4 6AA","B4 6AA","01369726","81210","16","24","79","82","90","85","61","39","79","21","93","7","89","11","https://www.belfor.co.uk","Rachel Anderson (Human Resource Manager)","250 to 499","BELFOR UK LIMITED","False","2025/04/05 00:00:00","2024/08/08 11:21:00"
"BELIEVE HOUSING LIMITED","19345","Spectrum, 6 Spectrum Business Park, Seaham, SR7 7TT","SR7 7TT","RS008076","","2.0","8.1","","","0","0","37","63","59","41","60","40","61","39","https://www.believehousing.co.uk/about-us/transparency-and-reports/gender-pay-gap-reporting/","Alan Smith (Chief Executive)","500 to 999","BELIEVE HOUSING LIMITED","False","2025/04/05 00:00:00","2024/10/28 13:49:12"
"BELMOND (UK) LIMITED","23217","Wogan House, 99 Great Portland Street, London, England, W1W 7NY","W1W 7NY","00946687","55100","22.13","0","66.4","18.3","78.5","77.6","43","57","45","55","34","66","52","48","https://www.belmond.com/","Charlotte Gauvin (SVP Global HR)","250 to 499","BELMOND (UK) LIMITED","False","2025/04/05 00:00:00","2025/01/15 12:14:49"
"BEN-MOTOR AND ALLIED TRADES BENEVOLENT FUND","1976","Lynwood Court Lynwood Village, Rise Road, Ascot, SL5 0FG","SL5 0FG","02163894","55900,
68209,
87300,
88990","19.13","1.38","-398.94","-97.53","6.35","9.81","20","80","24.64","75.36","20.29","79.71","26.09","73.91","","Amber Blackwell (HR Administrator)","250 to 499","BEN-MOTOR AND ALLIED TRADES BENEVOLENT FUND","False","2025/04/05 00:00:00","2024/12/12 09:48:06"
"BERLESDUNA ACADEMY TRUST","14501","School House, Church Road, Basildon, Essex, SS14 2EX","SS14 2EX","10267656","85200","39.8","55.4","","","0","0","1.3","98.7","4.4","95.6","9.5","90.5","15.2","84.8","https://www.berlesduna.co.uk/wp-content/uploads/2024/08/Gender-Pay-Gap-Report-31-March-2024.pdf","","500 to 999","BERLESDUNA ACADEMY TRUST","False","2025/03/31 00:00:00","2024/09/02 15:33:40"
"BERNARD MATTHEWS FOODS LIMITED","16095","2nd Floor Colmore Court, 9 Colmore Row, Birmingham, United Kingdom, B3 2BJ","B3 2BJ","10036286","10120,
10130","8","4","","","0","0","56","44","59","41","72","28","82","18","","Stephen Maxwell (Head of HR)","500 to 999","BERNARD MATTHEWS FOODS LIMITED","False","2025/04/05 00:00:00","2024/06/19 08:56:47"
"Berneslai Homes Ltd","433","PO Box 627, Barnsley, S70 9FZ","S70 9FZ","","68201","-0.5","7.2","61.2","76.7","88","12","34.8","65.2","71.4","28.6","65.4","34.6","60.2","39.8","","Rachel Taylor (Executive Director of Resources)","500 to 999","Berneslai Homes Ltd","False","2025/04/05 00:00:00","2024/12/24 10:03:58"
"BERNICIA 2018 LIMITED","1996","Oakwood Way, Ashwood Business Park, Ashington, Northumberland, United Kingdom, NE63 0XF","NE63 0XF","IP30268R","","1.7","-2.2","-157","-42.9","3","5.1","48.2","51.8","63","37","49.6","50.4","54.3","45.7","","Andrea Malcolm (Deputy Chief Executive)","500 to 999","BERNICIA 2018 LIMITED","False","2025/04/05 00:00:00","2024/12/19 10:52:32"
"BESPOKE HEALTH & SOCIAL CARE LTD","21369","First Floor Suite Shire Hall, High Pavement, Nottingham, Nottinghamshire, England, NG1 1HN","NG1 1HN","07717767","78200","11.3","3.2","10.2","35.1","5.7","6.9","18.6","81.4","22.5","77.5","28.7","71.3","24.8","75.2","","justine fawzi (Interim Head of People)","500 to 999","BESPOKE HEALTH & SOCIAL CARE LTD","False","2025/04/05 00:00:00","2024/04/05 11:18:06"
"Betsi Cadwaladr University Health Board","22400","Betsi Cadwaladr University Health Board HQ, Carlton Court, St Asaph, LL17 0JG","LL17 0JG","","","23.58","6.65","18.43","15.99","4.99","0.42","16.98","83.02","17.80","82.20","14.35","85.65","27.23","72.77","","","20,000 or more","Betsi Cadwaladr University Health Board","False","2025/03/31 00:00:00","2025/01/03 12:07:38"
"BGL GROUP LIMITED","2030","Pegasus House, Bakewell Road Orton Southgate, Peterborough, Cambridgeshire, PE2 6YS","PE2 6YS","02593690","64205","19.0","21.1","32.6","22.2","90","86","43","57","45","55","62","38","70","30","https://www.comparethemarket.com/","Rachael Gillett (Chief People Officer)","500 to 999","BGL GROUP LIMITED","False","2025/04/05 00:00:00","2024/10/28 15:07:37"
"BILFINGER UK LIMITED","336","Wilson House Kelburn Court, Birchwood, Warrington, England, WA3 6UT","WA3 6UT","05384376","42990,
43210,
43991,
43999","24.83","32.38","2.01","55.87","67.14","62.03","22.83","77.17","95.33","4.67","97.98","2.02","95.65","4.35","","Alison Porter (Human Resources Director)","1000 to 4999","BILFINGER UK LIMITED","False","2025/04/05 00:00:00","2025/01/16 16:09:41"
"BIO PRODUCTS LABORATORY LIMITED","2075","C/O Bio Products Laboratory, Dagger Lane, Elstree, Hertfordshire, WD6 3BX","WD6 3BX","07343036","82990","-1.2","1.4","-52.7","-15.1","84.8","83","64.8","35.2","70.8","29.2","73.1","26.9","66.3","33.7","","Adriane Westwater (UK HR Director & HR Business Partner Global Operations)","1000 to 4999","BIO PRODUCTS LABORATORY LIMITED","False","2025/04/05 00:00:00","2025/01/13 16:04:29"
"BIONIC SERVICES LIMITED","19418","Minster Building 21 Mincing Lane, 4th Floor, London, England, EC3R 7AG","EC3R 7AG","05949018","82990","11.08","10.66","43.4","58.7","68","67","67.1","32.9","67.1","32.9","73.8","26.2","74.3","25.7","https://bionic.co.uk/about-bionic/gender-pay-gap-reporting/","Kathleen Harrop (Chief People Officer)","500 to 999","BIONIC SERVICES LIMITED","False","2025/04/05 00:00:00","2024/11/04 11:00:58"
"Birmingham City Council","574","Council House, Victoria Square, Birmingham, B1 1BB","B1 1BB","","1,
84110","2.7","0.1","","","0","0","35.2","64.8","44.3","55.7","44.2","55.8","42.6","57.4","","","5000 to 19,999","Birmingham City Council","False","2025/03/31 00:00:00","2024/06/13 13:42:17"
"BIRTENSHAW","16714","Birtenshaw Darwen Road, Bromley Cross, Bolton, England, BL7 9AB","BL7 9AB","02978546","85590,
87900","2","0","99","99","1","1","29","71","37","63","31","69","24","76","https://birtenshaw.org.uk/about-us/gender-pay/","Kerry Sayers (Assistant Chief Executive: Resources)","500 to 999","BIRTENSHAW","False","2025/04/05 00:00:00","2024/04/10 15:21:57"
"BISHOPSGATE NEWCO LTD","22818","3rd Floor 1 Ashley Road, Altrincham, Cheshire, United Kingdom, WA14 2DT","WA14 2DT","15087826","49420","-16.2","1.0","-45.3","-66.7","93.1","81.0","90.2","9.8","88.5","11.5","95.1","4.9","93.3","6.7","","Michael Norris (Financial Controller)","250 to 499","BISHOPSGATE NEWCO LTD","False","2025/04/05 00:00:00","2024/06/11 12:15:49"
"BLACK SWAN INTERNATIONAL LIMITED","23","Chiswick House, 3 Christchurch Road, Norwich, Norfolk, England, NR2 2AD, NR2 2AD","NR2 2AD","02621410","87300","5.5","0.8","66.6","0.0","7.1","6.9","37.1","62.9","0","100","25.5","74.5","20.1","79.9","https://www.blackswan.co.uk/equality","Tom Lyons (Managing Director)","500 to 999","BLACK SWAN INTERNATIONAL LIMITED","False","2025/04/05 00:00:00","2024/04/05 11:05:04"
"Blackpool & the Fylde College","2112","Ashfield Road, Blackpool, Lancashire, United Kingdom, FY2 0HB","FY2 0HB","","1,
85320","8.00","0.98","6.13","-10.2","75.3","24.7","31.7","68.3","34.7","65.3","59.4","40.6","46.2","53.8","https://www.blackpool.ac.uk/corporate-information","","500 to 999","Blackpool & the Fylde College","False","2025/03/31 00:00:00","2024/12/13 13:01:42"
"Blackpool Teaching Hospitals Nhs Foundation Trust","2115","Victoria Hospital, Whinney Heys Road, Blackpool, FY3 8NR","FY3 8NR","","1,
86210","17.87","0.92","37.02","10.88","4.78","0.48","25","75","24","76","20","80","29","71","","","5000 to 19,999","Blackpool Teaching Hospitals Nhs Foundation Trust","False","2025/03/31 00:00:00","2025/01/02 16:00:13"
"BLUE MANCHESTER LIMITED","2153","4th Floor Charles House, 108-110 Finchley Road, London, United Kingdom, NW3 5JJ","NW3 5JJ","07408603","55100","6.1","5.2","36.7","54.8","27.4","30.2","42.1","57.9","36.8","63.2","56.1","43.9","56.1","43.9","https://esg.hilton.com/our-reporting/","Lambros Hadjiioannou (Director)","250 to 499","BLUE MANCHESTER LIMITED","False","2025/04/05 00:00:00","2024/04/29 09:06:44"
"BLUECREST HEALTH SCREENING LIMITED","21530","Ridgeworth House, 5/9 Liverpool Gardens, Worthing, England, BN11 1RY","BN11 1RY","08119445","86900","16","7","16","3","70","80","32","68","43","57","44","56","56","44","https://www.bluecrestwellness.com/gender-pay-gap-reporting","David Dixon (Finance Director)","250 to 499","BLUECREST HEALTH SCREENING LIMITED","False","2025/04/05 00:00:00","2024/06/26 12:48:37"
"BMT LIMITED","2181","Part Level 5 Zig Zag Building, 70 Victoria Street, London, United Kingdom, SW1E 6SQ","SW1E 6SQ","02326885","71129,
72190,
84110,
84220","20.6","22.84","24.08","29.12","84.23","85.33","52.51","47.49","69.44","30.56","76.67","23.33","86.26","13.74","https://www.bmt.org/media/8680/01553-gender-pay-gap-report-2024-v8.pdf","Gudrun Neumann (Global People Director)","500 to 999","BMT LIMITED","False","2025/04/05 00:00:00","2024/10/22 11:06:27"
"BONDCARE (DARRINGTON) LIMITED","20245","1st Floor, Cloister House, Riverside, New Bailey Street, Salford, Lancashire, United Kingdom, M3 5FS","M3 5FS","11939669","87300","-0.3","0","-96.8","-53.8","12.5","6.8","11.0","89.0","11.0","89.0","7.3","92.7","9.9","90.1","https://www.bondcare.co.uk/careers-vacancies/gender-pay-gap/","Amanda Jesky (Financial Controller)","250 to 499","BONDCARE (DARRINGTON) LIMITED","False","2025/04/05 00:00:00","2024/12/02 11:47:25"
"BONDCARE WILLINGTON LIMITED","2217","1st Floor Cloister House Riverside, New Bailey Street, Manchester, England, M3 5FS","M3 5FS","07737973","82990","1.55","0","-173.1","-33.3","2.3","2.3","18.9","81.1","20.9","79.1","29.7","70.3","19.8","80.2","","Amanda Jesky (Financial Controller)","250 to 499","BONDCARE WILLINGTON LIMITED","False","2025/04/05 00:00:00","2024/06/07 10:50:06"
"Bourne Alliance Multi Academy Trust","22709","Iwade School, School Lane, Iwade, Sittingbourne, Kent, United Kingdom, ME9 8RS","ME9 8RS","","","20.07","30.90","","","0","0","9.59","90.41","8.33","91.67","6.8","93.2","19.44","80.56","","","250 to 499","Bourne Alliance Multi Academy Trust","False","2025/03/31 00:00:00","2024/12/10 13:17:51"
"Bournemouth University","15721","Talbot Campus, Fern Barrow, Poole, BH12 5BB","BH12 5BB","","1,
85421,
85422","13.4","13.7","-60.4","0","8.5","7.7","32.8","67.2","39.1","60.9","48.8","51.2","52.3","47.7","","","1000 to 4999","Bournemouth University","False","2025/03/31 00:00:00","2024/11/20 15:11:32"
"Bournville Village Trust","14149","350 Bournville Lane, Bournville, Birmingham, West Midlands, United Kingdom, B30 1QY","B30 1QY","","85310","11.6","14.4","","","0","0","45.2","54.8","46.8","53.2","72.9","27.1","66.1","33.9","","Wendy Brain (Senior HR Advisor)","Less than 250","Bournville Village Trust","False","2025/04/05 00:00:00","2025/01/02 13:54:36"
"BOW STREET HOTEL LIMITED","22931","28 Bow Street Covent Garden, London, England, WC2E 7AW","WC2E 7AW","07423555","55100","2","2","36","28","24","49","49","51","50","50","54","46","49","51","","Rachael Cosgrove (Head of People & Development)","250 to 499","BOW STREET HOTEL LIMITED","False","2025/04/05 00:00:00","2025/01/02 11:21:46"
"BOWDRAPER LIMITED","2275","Manor Farm Barns, Old Milverton, Leamington Spa, Warwickshire, CV32 6SA","CV32 6SA","01344739","81210","1.6","0.2","75.6","10.0","3.6","4.9","22","78","24","76","29","71","23","77","https://bowdraper.co.uk/reports/","Philip Lewis (Managing Director)","250 to 499","BOWDRAPER LIMITED","False","2025/04/05 00:00:00","2024/05/20 13:45:03"
"Bracknell Forest Council","2295","Time Square, Market Street, Bracknell, Berkshire, United Kingdom, RG12 1JD","RG12 1JD","","1,
84110","14.9","15.8","18.6","14.8","27.3","72.7","7.8","92.2","15.5","84.5","19.3","80.7","23.3","76.7","https://www.bracknell-forest.gov.uk/council-and-democracy/equality-and-diversity/monitoring-equality","","1000 to 4999","Bracknell Forest Council","False","2025/03/31 00:00:00","2024/12/10 10:07:11"
"Bradford College","173","Bradford Campus, Great Horton Road, Bradford, West Yorkshire, United Kingdom, BD7 1AY","BD7 1AY","","1,
85320","3.0","5.5","","","0","0","35.7","64.3","36.9","63.1","41.7","58.3","41.8","58.2","","","1000 to 4999","Bradford College","False","2025/03/31 00:00:00","2025/01/07 16:01:46"
"BRANCASTER CARE HOMES LIMITED","2320","Genesis Centre, Garrett Field Birchwood, Warrington, Cheshire, WA3 7BH","WA3 7BH","05392158","87100","-12.7","0.00","-108.6","47.9","1.8","2.1","22.6","77.4","33.1","66.9","16.2","83.8","15.9","84.1","","Alister Cook (Managing Director)","Less than 250","BRANCASTER CARE HOMES LIMITED","False","2025/04/05 00:00:00","2024/06/21 14:10:07"
"BRAND ADDITION LIMITED","22572","Broadway, Trafford Wharf Road, Manchester, M17 1DD","M17 1DD","02083209","82990","-0.6","-15.8","52.1","25","10.7","24.1","50","50","39","61","26","74","43","57","https://static1.squarespace.com/static/632c51d759e8622f8cd29778/t/66a7c052b96bf40545e7f36d/1722269781388/2024+Gender+pay+gap+summary+-+Brand+Addition.pdf","Jo Chapman (Group HR Director)","250 to 499","BRAND ADDITION LIMITED","False","2025/04/05 00:00:00","2024/07/29 16:25:55"
"BRANDED GARDEN PRODUCTS LIMITED","2322","Thompson & Morgan Poplar Lane, Copdock, Ipswich, England, IP8 3BU","IP8 3BU","00358372","47910","23.5","8.5","-49.9","-85.0","13.3","1.7","28.7","71.3","17.5","82.5","35","65","57.0","43.0","https://www.thompson-morgan.com/pdfs/gender-pay-gap-2024.pdf","Chris Wright (CEO)","250 to 499","BRANDED GARDEN PRODUCTS LIMITED","False","2025/04/05 00:00:00","2024/11/12 14:10:44"
"BREHENY CIVIL ENGINEERING LIMITED","2348","Flordon Road, Creeting St Mary, Needham Market, Ipswich   Suffolk, IP6 8NH","IP6 8NH","00753976","43290","30","30","70","40","91","83","82","18","92","8","95","5","94","6","https://breheny.co.uk/gender-pay/","Shums Aziz (Financial Director)","250 to 499","BREHENY CIVIL ENGINEERING LIMITED","False","2025/04/05 00:00:00","2024/12/17 13:03:05"
"Bridgend County Borough Council","18140","Civic Offices, Angel Street, Bridgend, CF31 4WB","CF31 4WB","","1","9","11.1","","","0","0","20.6","79.4","18.8","81.2","23.1","76.9","20.6","79.4","","","1000 to 4999","Bridgend County Borough Council","False","2025/03/31 00:00:00","2024/06/11 13:48:27"
"Bridgewater Community Healthcare NHS Foundation Trust","2370","Bevan House, 17 Beecham Court, Wigan, Greater Manchester, United Kingdom, WN3 6PR","WN3 6PR","","1,
86210","12.88","2.29","0.0","0.0","1.06","0.4","15.4","84.6","7.2","92.8","8.3","91.7","14.7","85.3","https://bridgewater.nhs.uk/aboutus/equalitydiversity/equality-reporting/","","1000 to 4999","Bridgewater Community Healthcare NHS Foundation Trust","False","2025/03/31 00:00:00","2024/08/09 08:42:51"
"BRIDGEWAY CONSULTING LIMITED","2373","Bridgeway House, 2 Riverside Way, Nottingham, NG2 1DP","NG2 1DP","03478909","42120,
43130,
43999","4.44","15.96","28.6","45","11.4","22.9","70","30","87.9","12.1","88.0","12.0","86.8","13.2","https://www.bridgeway-consulting.co.uk/downloads/Gender_Pay_Gap_Report_April%202024.pdf","Pino De Rosa (Managing Director)","500 to 999","BRIDGEWAY CONSULTING LIMITED","False","2025/04/05 00:00:00","2024/12/05 11:15:50"
"BRIDGNORTH ALUMINIUM LIMITED","2374","Stourbridge Road, Bridgnorth, Shropshire, WV15 6AU","WV15 6AU","04155640","24420","12","29","0.9","15.7","100","100","99.3","0.7","98.2","1.8","97.9","2.1","96.1","3.9","https://www.bridgnorthaluminium.co.uk/information/5a4b45143ac1b/Reports-Financials","Gerhard Trilling (General Manager)","250 to 499","BRIDGNORTH ALUMINIUM LIMITED","False","2025/04/05 00:00:00","2024/04/05 12:26:56"
"BRIGGS EQUIPMENT UK LIMITED","645","Orbital 7, Orbital Way, Cannock, Staffordshire, WS11 8XW","WS11 8XW","05895588","77390","10.9","13.3","32.5","0","79.4","81.3","57.7","42.3","81.2","18.8","90.9","9.1","81.9","18.1","https://www.briggsequipment.co.uk/wp-content/uploads/2024/07/BRIGGS-Gender-Pay-Report-Doc-2024-A4-4pp-2.pdf","Alison Field (Group HR Director)","1000 to 4999","BRIGGS EQUIPMENT UK LIMITED","False","2025/04/05 00:00:00","2024/07/09 16:09:15"
"BRIGHT FUTURES EDUCATIONAL TRUST","2389","The Hub 144 Irlam Road, Urmston, Manchester, England, M41 6NA","M41 6NA","07695771","85200,
85310","14.1","29.4","","","0","0","11","89","13","87","21","79","25","75","https://www.bright-futures.co.uk/information/statutory-reports/gender-pay-gap-report/","","1000 to 4999","BRIGHT FUTURES EDUCATIONAL TRUST","False","2025/03/31 00:00:00","2024/11/27 10:45:57"
"BRIGHT SKY UMBRELLA LIMITED","19464","Vanilla Factory, 39 Fleet Street, Liverpool, England, L1 4AR","L1 4AR","09531678","78300","99","9","","","0","0","21","79","12","88","7","93","8","92","","Rebecca Power (operations manager)","250 to 499","BRIGHT SKY UMBRELLA LIMITED","False","2025/04/05 00:00:00","2024/12/12 16:07:58"
"BRISTAN GROUP LIMITED","2406","1 Park Row, Leeds, West Yorkshire, LS1 5AB","LS1 5AB","01318148","46900","13.7","25.1","42.7","5.2","39.7","33.6","43.7","56.3","36.6","63.4","59.2","40.8","59.2","40.8","","Hayley Whelan (Head of HR)","250 to 499","BRISTAN GROUP LIMITED","False","2025/04/05 00:00:00","2024/05/03 15:12:36"
"BRISTOL WASTE COMPANY LIMITED","2420","Albert Road Depot, Albert Road, Bristol, BS2 0XS","BS2 0XS","09472624","38110","5.8","21.3","-398","-369","1.1","0.7","52","48","91","9","94","6","83","17","","Philip Ruxton (Finance Director)","500 to 999","BRISTOL WASTE COMPANY LIMITED","False","2025/04/05 00:00:00","2024/07/12 14:55:32"
"Bristol, North Somerset and South Gloucestershire CCG","20217","South Plaza, Marlborough St, Bristol, BS1 3NX","BS1 3NX","","","17.86","12.88","","","0","0","19.30","80.70","17.43","82.57","23.81","76.19","38.46","61.54","https://bnssg.icb.nhs.uk/wp-content/uploads/2024/08/Gender-pay-gap-2023-2024.pdf","","250 to 499","Bristol, North Somerset and South Gloucestershire CCG","False","2025/03/31 00:00:00","2024/12/09 08:46:36"
"BRISTOW & SUTOR (SERVICES) LIMITED","18270","Bartleet Road, Washford, Redditch, Worcestershire, England, B98 0FL","B98 0FL","10709125","82911","32.60","29","78.60","78.40","73.60","41.9","30.70","69.3","50.30","49.7","75.7","24.3","78.10","21.9","","Brian Maynard (CFO)","250 to 499","BRISTOW & SUTOR (SERVICES) LIMITED","False","2025/04/05 00:00:00","2024/08/28 10:05:06"
"BRITISH BROADCASTING CORPORATION","2441","BBC Broadcasting House, Portland Place, London, London, United Kingdom, W1A 1AA","W1A 1AA","RC000057","","5.4","7.9","17.9","0.0","21.7","22.4","43","57","51","49","57","43","58","42","https://www.bbc.co.uk/aboutthebbc/documents/ara-2023-24.pdf","","5000 to 19,999","BRITISH BROADCASTING CORPORATION","False","2025/03/31 00:00:00","2024/12/09 17:11:27"
"BRITISH INTERNATIONAL INVESTMENT PLC","15826","123 Victoria Street, London, SW1E 6DE","SW1E 6DE","03877777","64303","20","18","26","44","52","38","30","70","51","49","52","48","61","39","https://assets.bii.co.uk/wp-content/uploads/2024/11/26111840/bii-gender-pay-gap-report-november-2024.pdf","Nicholas O'Donohoe (Chief Executive Officer)","500 to 999","BRITISH INTERNATIONAL INVESTMENT PLC","False","2025/04/05 00:00:00","2024/11/26 14:19:41"
"BRITISH LAND COMPANY PUBLIC LIMITED COMPANY(THE)","2451","York House, 45 Seymour Street, London, W1H 7LX","W1H 7LX","00621920","41100,
64209","27.8","19.4","51.2","48.4","86.3","82.2","35.7","64.3","48.2","51.8","56.6","43.4","67.5","32.5","","Brona McKeown (HRD, GC and Company Secretary)","250 to 499","BRITISH LAND COMPANY PUBLIC LIMITED COMPANY(THE)","False","2025/04/05 00:00:00","2025/01/16 10:10:32"
"BRITISH LAND PROPERTY SERVICES LIMITED","16455","York House, 45 Seymour Street, London, W1H 7LX","W1H 7LX","02366959","41100","21.8","30.6","43.3","32.7","87.4","79.6","37.5","62.5","39.6","60.4","60.4","39.6","77.1","22.9","","Brona McKeown (HRD, GC and Company Secretary)","Less than 250","BRITISH LAND PROPERTY SERVICES LIMITED","False","2025/04/05 00:00:00","2025/01/16 10:14:49"
"BRITISH UNITED PROVIDENT ASSOCIATION LIMITED(THE)","2462","1 Angel Court, London, United Kingdom, EC2R 7HJ","EC2R 7HJ","00432511","86900","17.0","14.6","42.6","53.2","93.5","94.6","40.0","60.0","45.1","54.9","52.2","47.8","57.9","42.1","https://www.bupa.com/important-notices/pay-gap-reports","Carlos Jaureguizar (CEO, Bupa Global, India & UK)","1000 to 4999","BRITISH UNITED PROVIDENT ASSOCIATION LIMITED(THE)","False","2025/04/05 00:00:00","2024/12/30 11:12:45"
"BRITVIC SOFT DRINKS LIMITED","2465","Breakspear Park, Breakspear Way, Hemel Hempstead, Hertfordshire, HP2 4TZ","HP2 4TZ","00517211","11070,
46390","-6.9","-16.2","7.8","-14.8","83.5","87.8","69.4","30.6","78","22","63.1","36.9","65.5","34.5","https://www.britvic.com/media/fewh3x2q/britvic-annual-report-and-accounts-2024.pdf","Kevin Blake (Director of Reward and HR Services)","1000 to 4999","BRITVIC SOFT DRINKS LIMITED","False","2025/04/05 00:00:00","2024/12/10 15:04:19"
"BRON AFON COMMUNITY HOUSING LIMITED","2485","William Brown Close, Llantarnam Industrial Park, Cwmbran, Torfaen, United Kingdom, NP44 3AB","NP44 3AB","IP30235R","","1.9","13.2","","","0","0","44.3","55.7","59.8","40.2","73.2","26.8","59.8","40.2","https://www.bronafon.org.uk/corporate-information/","Alan Brunt (Chief Executive)","250 to 499","BRON AFON COMMUNITY HOUSING LIMITED","False","2025/04/05 00:00:00","2024/06/26 08:42:30"
"Broxtowe Borough Council","2509","Town Hall, Foster Avenue, Beeston, Nottingham, Nottinghamshire, United Kingdom, NG9 1AB","NG9 1AB","","1,
84110","4.1","6.6","","","0","0","47.1","52.9","35.2","64.8","57.8","42.2","51.2","48.8","","","250 to 499","Broxtowe Borough Council","False","2025/03/31 00:00:00","2024/07/03 15:01:27"
"BRUNEL UNIVERSITY LONDON","2512","Kingston Lane, Uxbridge, United Kingdom, UB8 3PH","UB8 3PH","RC000079","","13.5","14.3","-14.1","-57.7","4.3","2","36","64","44","56","50","50","58","42","https://students.brunel.ac.uk/documents/Policies/Pay-Gap-Report-2023.pdf","","1000 to 4999","BRUNEL UNIVERSITY LONDON","False","2025/03/31 00:00:00","2024/04/05 13:56:14"
"BRUNELCARE","2513","Saffron Gardens Prospect Place, Whitehall, Bristol, BS5 9FF","BS5 9FF","00601847","55900,
87300,
88100","14.54","3.39","-3.59","6","15.79","16.52","16.7","83.3","13.8","86.2","11.8","88.2","27.2","72.8","","Brian Whittaker (Human Resources Director)","1000 to 4999","BRUNELCARE","False","2025/04/05 00:00:00","2025/01/02 09:04:51"
"BSW SAWMILLS LIMITED","2527","East End, Earlston, Berwickshire, TD4 6JA","TD4 6JA","SC033398","32990","3.8","10.3","65.7","25.0","8.3","33.3","88.2","11.8","95.1","4.9","96.5","3.5","93.7","6.3","","Alan Milne (CFO)","500 to 999","BSW SAWMILLS LIMITED","False","2025/04/05 00:00:00","2024/07/02 05:31:36"
"Buckinghamshire Healthcare NHS Trust","2543","Stoke Mandeville Hospital, Mandeville Road, Aylesbury, Buckinghamshire, HP 21 8AL","HP 21 8AL","","1,
86210","22.9","13.9","21","0","10","2","18","82","18","82","17","83","32","68","","","5000 to 19,999","Buckinghamshire Healthcare NHS Trust","False","2025/03/31 00:00:00","2025/01/07 12:52:09"
"BÜHLER UK LIMITED","17298","20 Atlantis Avenue, London, E16 2BF","E16 2BF","00434274","28990","12.33","16.52","24.42","2.56","94.88","90.48","75.71","24.29","65.71","34.29","81.43","18.57","86.76","13.24","","Muzamel Houghton (Payroll Manager)","250 to 499","BÜHLER UK LIMITED","False","2025/04/05 00:00:00","2024/11/06 08:25:22"
"BULLOUGHS CLEANING SERVICES LIMITED","2556","Craven House, Carleton New Road, Skipton, North Yorkshire, BD23 2DE","BD23 2DE","02101304","81210","-0.8","0.0","1.6","-5.1","6.5","2.9","40","60","34.6","65.4","19.2","80.8","40.7","59.3","","Duncan Bullough (Managing Director)","1000 to 4999","BULLOUGHS CLEANING SERVICES LIMITED","False","2025/04/05 00:00:00","2024/12/31 10:45:26"
"BUPA CARE HOMES (AKW) LIMITED","2562","1 Angel Court, London, United Kingdom, EC2R 7HJ","EC2R 7HJ","04122364","96090","-5.9","-0.2","-39.3","-42.9","7.4","7.9","25.8","74.2","24.6","75.4","27.8","72.2","22.6","77.4","https://www.bupa.com/important-notices/pay-gap-reports","Carlos Jaureguizar (CEO, Bupa Global, India & UK)","500 to 999","BUPA CARE HOMES (AKW) LIMITED","False","2025/04/05 00:00:00","2024/12/30 11:21:06"
"BUPA CARE HOMES (ANS) LIMITED","2563","1 Angel Court, London, United Kingdom, EC2R 7HJ","EC2R 7HJ","01960990","96090","0.1","0.5","-37.8","-93.5","13.6","11","20.8","79.2","22.6","77.4","23.5","76.5","20.8","79.2","https://www.bupa.com/important-notices/pay-gap-reports","Carlos Jaureguizar (CEO, Bupa Global, India & UK)","1000 to 4999","BUPA CARE HOMES (ANS) LIMITED","False","2025/04/05 00:00:00","2024/12/30 11:23:52"
"BUPA CARE HOMES (BNH) LIMITED","2564","1 Angel Court, London, United Kingdom, EC2R 7HJ","EC2R 7HJ","02079932","96090","-2.9","0.0","-33.7","-33.3","4.7","7.4","19.9","80.1","21.8","78.2","25.5","74.5","16.5","83.5","https://www.bupa.com/important-notices/pay-gap-reports","Carlos Jaureguizar (CEO, Bupa Global, India & UK)","1000 to 4999","BUPA CARE HOMES (BNH) LIMITED","False","2025/04/05 00:00:00","2024/12/30 11:26:14"
"BUPA CARE HOMES (CFCHOMES) LIMITED","2566","1 Angel Court, London, United Kingdom, EC2R 7HJ","EC2R 7HJ","02006738","86900","-2.3","-0.6","17.2","0","9.1","8.1","22.9","77.1","21.4","78.6","23.4","76.6","20.1","79.9","https://www.bupa.com/important-notices/pay-gap-reports","Carlos Jaureguizar (CEO, Bupa Global, India & UK)","1000 to 4999","BUPA CARE HOMES (CFCHOMES) LIMITED","False","2025/04/05 00:00:00","2024/12/30 11:28:35"
"BUPA CARE HOMES (CFHCARE) LIMITED","2567","1 Angel Court, London, United Kingdom, EC2R 7HJ","EC2R 7HJ","02741070","86900","-4.6","3.5","38.5","19.8","5.8","9.7","13.8","86.2","15","85","20.6","79.4","15.6","84.4","https://www.bupa.com/important-notices/pay-gap-reports","Carlos Jaureguizar (CEO, Bupa Global, India & UK)","500 to 999","BUPA CARE HOMES (CFHCARE) LIMITED","False","2025/04/05 00:00:00","2025/01/13 10:22:59"
"BUPA CARE HOMES (GL) LIMITED","2568","1 Angel Court, London, United Kingdom, EC2R 7HJ","EC2R 7HJ","01587972","86900","-9.8","0.6","-31","0","8.5","5.3","18.2","81.8","21.5","78.5","28.7","71.3","14","86","https://www.bupa.com/important-notices/pay-gap-reports","Carlos Jaureguizar (CEO, Bupa Global, India & UK)","500 to 999","BUPA CARE HOMES (GL) LIMITED","False","2025/04/05 00:00:00","2024/12/30 11:41:23"
"BUPA INSURANCE SERVICES LIMITED","2571","1 Angel Court, London, United Kingdom, EC2R 7HJ","EC2R 7HJ","03829851","82990","11.9","5.9","48.8","8.4","95.6","96.8","38.5","61.5","36.2","63.8","40.4","59.6","47.3","52.7","https://www.bupa.com/important-notices/pay-gap-reports","Carlos Jaureguizar (CEO, Bupa Global, India & UK)","1000 to 4999","BUPA INSURANCE SERVICES LIMITED","False","2025/04/05 00:00:00","2024/12/30 11:08:51"
"BUPA OCCUPATIONAL HEALTH LIMITED","2572","1 Angel Court, London, United Kingdom, EC2R 7HJ","EC2R 7HJ","00631336","86900","-0.5","-0.7","13.9","6.9","92.4","92","29.6","70.4","26.7","73.3","28.4","71.6","28","72","https://www.bupa.com/important-notices/pay-gap-reports","Carlos Jaureguizar (CEO, Bupa Global, India & UK)","500 to 999","BUPA OCCUPATIONAL HEALTH LIMITED","False","2025/04/05 00:00:00","2024/12/30 11:15:48"
"BUREAU VERITAS UK LIMITED","2576","Fort Dunlop Suite 206, Fort Parkway, Birmingham, England, B24 9FD","B24 9FD","01758622","74909","9.3","23.6","7","24.6","17.4","26.6","84","16","87","13","87","13","75","25","https://www.bureauveritas.co.uk/sites/g/files/zypfnx216/files/media/document/Gender%20Pay%20Gap%20Report%20April2024%20VFinal.pdf","Elisete Rizzo (Human Resources Director)","500 to 999","BUREAU VERITAS UK LIMITED","False","2025/04/05 00:00:00","2024/06/24 10:19:34"
"Bury College","15707","Market Street, Bury, BL9 0BG","BL9 0BG","","1,
85310","10","12.5","","","0","0","24.6","75.4","23.9","76.1","35.1","64.9","41.5","58.5","","","500 to 999","Bury College","False","2025/03/31 00:00:00","2025/01/20 08:40:31"
"BUSINESS IN THE COMMUNITY","2598","137 Shepherdess Walk, London, N1 7RQ","N1 7RQ","01619253","94110","2.2","2.5","","","0","0","20.8","79.2","24.6","75.4","22.7","77.3","26.5","73.5","https://www.bitc.org.uk/careers-at-business-in-the-community/","Jane Ingram (Head of HR)","Less than 250","BUSINESS IN THE COMMUNITY","False","2025/04/05 00:00:00","2024/11/05 10:14:59"
"BWSC GENERATION SERVICES NORTHERN IRELAND LTD","22634","Lisahally Power Station, 18 Lisahalley Road, Londonderry, United Kingdom, BT47 6FL","BT47 6FL","NI628666","35110","26.69","25.42","","","0","0","83.33","16.67","100","0","100","0","100","0","","Grant Stubbs (Payroll Manager)","250 to 499","BWSC GENERATION SERVICES NORTHERN IRELAND LTD","False","2025/04/05 00:00:00","2025/01/10 12:52:42"
"BWSC GENERATION SERVICES UK LTD","22632","3 The Point, Lions Way, Sleaford, Lincolnshire, United Kingdom, NG34 8GG","NG34 8GG","08366245","35110","10.54","28.96","-39.85","0","10.04","10.53","84","16","4.05","95.95","95.95","4.05","98.67","1.33","","Grant Stubbs (Payroll Manager)","250 to 499","BWSC GENERATION SERVICES UK LTD","False","2025/04/05 00:00:00","2025/01/10 12:57:16"
"C.BREWER & SONS LIMITED","2643","123/127 Ashford Road, Eastbourne, Sussex, BN21 3TR","BN21 3TR","00203852","47520","12.9","1.9","23.4","7.4","91.3","92.1","61.6","38.4","59","41","66","34","68.6","31.4","https://www.brewers.co.uk/about/policies","Alison Lawfield (Director)","1000 to 4999","C.BREWER & SONS LIMITED","False","2025/04/05 00:00:00","2025/01/17 13:06:57"
"C.F.BOOTH LIMITED","2646","Clarence Metal Works, Armer St, Rotherham, S60 1AF","S60 1AF","00472265","38210,
38320","11","-19","","","0","0","95.24","4.76","92.86","7.14","100","0","90.48","9.52","","Christopher Woodcock (CFO)","Less than 250","C.F.BOOTH LIMITED","False","2025/04/05 00:00:00","2024/05/14 11:07:07"
"Cambridge Regional College","2721","Kings Hedges Road, Cambridge, Cambridgeshire, United Kingdom, CB4 2QT","CB4 2QT","","1,
85421","10.7","14.2","","","0","0","30","70","28.4","71.6","45.8","54.2","46.8","53.2","https://www.camre.ac.uk/about/policies-reports/","","500 to 999","Cambridge Regional College","False","2025/03/31 00:00:00","2024/12/09 09:32:22"
"CAMBRIDGE VENDING LIMITED","23496","Unit 4 Crane Business Estate, Milton, Cambridge, England, CB24 6AZ","CB24 6AZ","04198837","99999","-2.42","4.96","","","0","0","33.34","66.66","0","100","100","0","0","100","","Sue Rainford (Payroll Administrator)","Less than 250","CAMBRIDGE VENDING LIMITED","False","2025/04/05 00:00:00","2025/01/06 11:20:18"
"CAMIRA FABRICS LIMITED","2733","The Watermill Wheatley Park, Hopton, Mirfield, West Yorkshire, WF14 8HE","WF14 8HE","02215654","13200,
13300","-8.32","-11.68","37.25","35.84","12.61","27.43","79","21","75","25","74","26","61","39","","Phil Barran (Payroll Specialist)","250 to 499","CAMIRA FABRICS LIMITED","False","2025/04/05 00:00:00","2025/01/13 08:51:27"
"CAMPBELL'S PRIME MEAT LIMITED","2738","Caledonian Exchange, 19a Canning Street, Edinburgh, Scotland, EH3 8HE","EH3 8HE","SC051565","10130,
10200","-0.29","-0.12","-28","-194","2","4","78","22","87","13","82","18","83","17","","Stephen Sweeney (Finance Director)","250 to 499","CAMPBELL'S PRIME MEAT LIMITED","False","2025/04/05 00:00:00","2024/09/03 12:01:12"
"CAMPFIRE EDUCATION TRUST","19585","C/O Moorland School Maslin Drive, Beanhill, Milton Keynes, United Kingdom, MK6 4ND","MK6 4ND","07867334","85100,
85200","-21.1","-28.8","","","0","0","0","100","4.17","95.83","9.72","90.28","9.72","90.28","https://irp.cdn-website.com/9ba0b017/files/uploaded/Gender_Pay_Gap_Report_24-25.pdf","","250 to 499","CAMPFIRE EDUCATION TRUST","False","2025/03/31 00:00:00","2024/10/07 13:28:30"
"Canterbury Christ Church University","2766","North Holmes Road, Canteerbury, United Kingdom, CT1 1QU","CT1 1QU","","1,
85421","-3.4","3.0","","","0","0","37.3","62.7","37.9","62.1","37.0","63.0","42.1","57.9","https://www.canterbury.ac.uk/asset-library/policy-zone/Pay-gap-report-2022-24.pdf","","1000 to 4999","Canterbury Christ Church University","False","2025/03/31 00:00:00","2024/09/12 09:23:29"
"CAPITAL (HAIR AND BEAUTY) LIMITED","576","Capital (Hair & Beauty) Ltd Crowhurst Corner, Crowhurst Road, Brighton, East Sussex, BN1 8AP","BN1 8AP","00530201","46450","29.4","13.5","62","50","73","79","2","98","12.1","87.9","30.3","69.7","38.4","61.6","https://www.capitalhairandbeauty.co.uk/gender-pay-gap-reporting","Harry Sleet (Finance Director)","250 to 499","CAPITAL (HAIR AND BEAUTY) LIMITED","False","2025/04/05 00:00:00","2024/05/29 08:47:59"
"CAPPAGH BROWNE UTILITIES LIMITED","23429","Meelin House Unit 2 Pavilion Business Centre, 6 Kinetic Crescent, Enfield, EN3 7FJ","EN3 7FJ","09293085","82990","12.2","10.5","89","80","15.0","48.3","65.0","35.0","68.3","31.7","88.3","11.7","81.7","18.3","","Jeff Birtwhistle (Managing Director)","250 to 499","CAPPAGH BROWNE UTILITIES LIMITED","False","2025/04/05 00:00:00","2024/12/13 08:38:05"
"CARAVAN CLUB LIMITED(THE)","2818","East Grinstead House, East Grinstead, West Sussex, RH19 1UA","RH19 1UA","00646027","94990","10.1","-0.7","91","0","2","2","46","54","43","57","42","58","44","56","","Kerry Upton (Director of People & Culture)","1000 to 4999","CARAVAN CLUB LIMITED(THE)","False","2025/04/05 00:00:00","2024/12/12 15:00:06"
"CARBOCLASS LIMITED","21476","Unit 1 Radford Industrial Estate, Goodhall Street, London, NW10 6UA","NW10 6UA","01906203","47520","11.9","10.0","-7.3","45.5","79","89","91.7","8.3","87.2","12.8","82.7","17.3","76.9","23.1","https://www.lordsgrouptradingplc.co.uk/about-us/gender-pay-gap-report","Anne Prince (Group HR Director)","500 to 999","CARBOCLASS LIMITED","False","2025/04/05 00:00:00","2024/09/17 14:00:00"
"Cardiff and Vale University Health Board","22349","Woodland House, Cardiff","","","","15.78","-0.73","36.61","33.33","4.8","1","27.86","72.14","23.49","76.51","17.37","82.63","30.14","69.86","","","5000 to 19,999","Cardiff and Vale University Health Board","False","2025/03/31 00:00:00","2025/01/07 13:44:32"
"Cardiff Metropolitan University","19239","Western Avenue, Cardiff, CF5 2YB","CF5 2YB","","1,
85421,
85422","7.78","11.04","","","0","0","37.04","62.96","35.6","64.4","48.45","51.55","45.57","54.43","https://www.cardiffmet.ac.uk/about/structureandgovernance/equalityanddiversity/Pages/Pay-Gap.aspx","","1000 to 4999","Cardiff Metropolitan University","False","2025/03/31 00:00:00","2025/01/07 14:16:31"
"CARE CYMRU SERVICES LIMITED","2830","2nd Floor Procopy Business Centre, Parc Ty Glas, Llanishen, Cardiff, Wales, CF14 5DU","CF14 5DU","04559246","86900","-1.29","0.33","-15.56","0.00","78.46","83.33","19.05","80.95","7.62","92.38","22.86","77.14","11.43","88.57","https://irp.cdn-website.com/bfe02999/files/uploaded/Gender_Pay_Gap_2024.pdf","Darren Stapelberg (CEO)","250 to 499","CARE CYMRU SERVICES LIMITED","False","2025/04/05 00:00:00","2025/01/06 10:24:05"
"CARE UNBOUND LIMITED","22147","4th Floor 177 Preston Road, Brighton, East Sussex, BN1 6AG","BN1 6AG","06528491","86210,
86900","1.65","1.31","-14","51","10.95","12.38","25","75","45","55","41","59","43","57","https://hereweare.org.uk/app/uploads/2024/12/2024-Here-Gender-Pay-Gap.pdf","Helen Curr (Chief Executive)","Less than 250","CARE UNBOUND LIMITED","False","2025/04/05 00:00:00","2025/01/02 14:40:59"
"CARWOOD MOTOR UNITS LIMITED","16610","Herald Way, Binley, Coventry, CV3 2RQ","CV3 2RQ","00469608","29310,
29320","15","3","69","0","29","35","84","16","81","19","81","19","89","11","","Nigel Pond (Finance Director)","250 to 499","CARWOOD MOTOR UNITS LIMITED","False","2025/04/05 00:00:00","2024/07/11 14:20:04"
"CATHEDRAL LEASING LIMITED","18259","Building 300 Relay Point, Wilnecote, Tamworth, Staffs, England, B77 5PA","B77 5PA","01561572","82990","18.6","25.2","26.3","-30.9","95","95","11","89","2","98","32","68","42","58","https://cathedralhygiene.com/gender-pay/","Kerrie Mason (Accountant)","250 to 499","CATHEDRAL LEASING LIMITED","False","2025/04/05 00:00:00","2024/11/26 10:50:53"
"CATHOLIC AGENCY FOR OVERSEAS DEVELOPMENT","2959","Romero House, 55 Westminster Bridge Road, London, United Kingdom, SE1 7JB","SE1 7JB","09387398","88990","1.2","2","","","0","0","39","61","37","63","36","64","49","51","https://cafod.org.uk/about-us/how-we-work/gender-pay-report","Karen Livingstone (Director of People, Culture & Change)","250 to 499","CATHOLIC AGENCY FOR OVERSEAS DEVELOPMENT","False","2025/04/05 00:00:00","2024/09/04 12:41:48"
"CCS HOMECARE SERVICES LTD","19937","Unit 2 Progress Business Centre, Whittle Parkway, Slough, England, SL1 6DQ","SL1 6DQ","06128354","96090","0.8","0","-1.9","37.5","29.87","70.13","18.72","81.28","19.79","80.21","32.26","67.74","26.74","73.26","","Alexis Fraser (Head of HR)","500 to 999","CCS HOMECARE SERVICES LTD","False","2025/04/05 00:00:00","2025/01/09 09:54:23"
"CEDAR CARE HOMES LIMITED","3006","Mortimer House, Clifton Down Road, Bristol, England, BS8 4AE","BS8 4AE","03585946","87100","-8.9","0.0","","","0","0","60.4","39.6","50.0","50.0","55.2","44.8","40.0","60.0","https://cedarcarehomes.com/gender-pay-gap-2024/","Ganesh Gudka (Chief Finance Officer)","500 to 999","CEDAR CARE HOMES LIMITED","False","2025/04/05 00:00:00","2024/05/09 16:13:02"
"CENTAUR SERVICES LIMITED","14785","Centaur House, Torbay Road, Castle Cary, Somerset ,, BA7 7EU","BA7 7EU","00787385","75000","5.2","0.0","29.4","0.3","81","86","63.9","36.1","69.7","30.3","69.7","30.3","66.9","33.1","","Graham Burley (VP President and MD)","250 to 499","CENTAUR SERVICES LIMITED","False","2025/04/05 00:00:00","2024/12/09 12:00:51"
"Central & North West London N H S","3031","350 Euston Road, London, London, NW1 3AX","NW1 3AX","","1,
86210","9.5999","11.1447","49.13","50.00","44","56","20.51","79.49","19.77","80.23","22.06","77.94","28.92","71.08","https://www.cnwl.nhs.uk/about/equality-diversity-and-inclusion/public-equalities-documents","","5000 to 19,999","Central & North West London N H S","False","2025/03/31 00:00:00","2024/08/13 09:07:05"
"CENTRAL SURREY HEALTH LIMITED","3041","Dukes Court Duke Street, 4th Floor, Woking, England, GU21 5BH","GU21 5BH","05700920","86101,
86210,
86900","2.15","-0.43","35.69","34.33","1.12","4.63","11.37","88.63","5.20","94.80","4.62","95.38","11.33","88.67","","Camilla Bellamy (Director of People)","1000 to 4999","CENTRAL SURREY HEALTH LIMITED","False","2025/04/05 00:00:00","2024/07/08 09:07:21"
"CENTRE CIRCLE EVENT MANAGEMENT LTD","16826","Upshire Studios 3 Hermitage Road, Higham, Rochester, Kent, United Kingdom, ME3 7DA","ME3 7DA","05447094","82990","-6.0","-0.6","","","0","0","77","23","83","17","81","19","78","22","https://www.centre-circle.co.uk/work.php","Martin Rowden (Director)","500 to 999","CENTRE CIRCLE EVENT MANAGEMENT LTD","False","2025/04/05 00:00:00","2025/01/06 16:50:34"
"CENTRE FOR PROCESS INNOVATION LIMITED","3048","Wilton Centre, Wilton, Redcar, Cleveland, TS10 4RF","TS10 4RF","05002194","72110,
72190,
82990,
85320","12.04","11.5","0.460","0","18.421","19.801","46.9","53.1","60.3","39.7","59.8","40.2","63.7","36.3","https://cdn2.assets-servd.host/smart-hoopoe/production/content/docs/CPI-Gender-Pay-Gap-Report-2024-25-v2.pdf?dm=1728472840","Frank Millar (Chief Executive Officer)","500 to 999","CENTRE FOR PROCESS INNOVATION LIMITED","False","2025/04/05 00:00:00","2024/12/12 13:43:28"
"CEREFORM LIMITED","3060","Weston Centre, 10 Grosvenor Street, London, W1K 4QY","W1K 4QY","00346958","10390,
10890","14.2","-3.4","35.7","0","91.6","85.9","64.4","35.6","91.9","8.1","71.6","28.4","78.4","21.6","","Jason Vaghela (HR Director)","250 to 499","CEREFORM LIMITED","False","2025/04/05 00:00:00","2025/01/02 09:15:16"
"CERES POWER LIMITED","20249","Viking House, Foundry Lane, Horsham, West Sussex, RH13 5PX","RH13 5PX","04222409","72190","3.73","6.7","-37.3","0","19.5","16.5","72.5","27.5","78","22","86","14","80","20","","Mandy Hopper (Head of People Services)","500 to 999","CERES POWER LIMITED","False","2025/04/05 00:00:00","2025/01/06 09:50:30"
"Channel Four Television Corporation","16298","124 Horseferry Road, London, SW1P 2TX","SW1P 2TX","","1,
60200","16.2","23.8","24.2","21.8","79.8","81.0","28.5","71.5","37.3","62.7","51.4","48.6","50.6","49.4","https://assets-corporate.channel4.com/_flysystem/s3/2024-11/Channel%204%20Pay%20Report%202024.pdf","","1000 to 4999","Channel Four Television Corporation","False","2025/03/31 00:00:00","2024/11/15 09:50:37"
"CHARLES RIVER DISCOVERY RESEARCH SERVICES UK LIMITED","19077","Robinson Building Chesterford Research Park, Little Chesterford, Saffron Walden, England, CB10 1XL","CB10 1XL","04622227","72110","10.78","8.73","31.82","14.25","98.88","98.01","47","53","46","54","49","51","60","40","https://www.criver.com/sites/default/files/noindex/corporate/cr-2024-gender-pay-report-uk.pdf","Aidan Synnott (CVP, Global Discovery Services)","500 to 999","CHARLES RIVER DISCOVERY RESEARCH SERVICES UK LIMITED","False","2025/04/05 00:00:00","2024/11/25 15:06:55"
"CHARLES STANLEY & CO. LIMITED","3113","Ropemaker Place, 25 Ropemaker Street, London, England, EC2Y 9LY","EC2Y 9LY","01903304","64999","35.5","39.0","81.0","62.6","90.20","90.24","35.9","64.1","40.0","60.0","66.8","33.2","80.0","20.0","https://assets-live.charles-stanley.co.uk/uploads/files/Polices/102.22-GenderPayGapReport_August-24.pdf","Paul Abberley (CEO)","500 to 999","CHARLES STANLEY & CO. LIMITED","False","2025/04/05 00:00:00","2024/11/07 10:27:04"
"CHARLES WILSON ENGINEERS LIMITED","3119","Pendragon House, 65 London Road, St Albans, Hertfordshire, AL1 1LJ","AL1 1LJ","01393410","77320,
77390","3.26","-5.56","7.21","0","88","84","90.36","9.64","86.75","13.25","80.72","19.28","87.95","12.05","https://www.cwplant.co.uk/gender-pay-gap-statement/","Matthew Gallagher (Commercial Director)","250 to 499","CHARLES WILSON ENGINEERS LIMITED","False","2025/04/05 00:00:00","2024/11/29 21:37:08"
"Charnwood Borough Council","3122","Southfield, Loughborough, LE11 2TN","LE11 2TN","","1,
84110","13.20","10.37","","","0","0","21.26","78.74","42.19","57.81","34.65","65.35","62.5","37.5","","","500 to 999","Charnwood Borough Council","False","2025/03/31 00:00:00","2024/12/09 12:35:05"
"CHELTENHAM & GLOUCESTER PLC","3149","Barnett Way, Gloucester, GL4 3RL","GL4 3RL","02299428","82990","16.7","28.5","33","56","98.8","100","30.5","69.5","41.5","58.5","40.4","59.6","61.7","38.3","https://www.lloydsbankinggroup.com/assets/pdfs/who-we-are/responsible-business/downloads/2024/lbg-gender-ethnicity-pay-gap-report-2024.pdf","Sharon Doherty (Chief People & Places Officer)","250 to 499","CHELTENHAM & GLOUCESTER PLC","False","2025/04/05 00:00:00","2024/12/16 10:36:01"
"CHESHIRE WEST RECYCLING LIMITED","19986","Road Three Operations Hub, Road Three, Winsford, England, CW7 3PD","CW7 3PD","12258436","38110","-23.6","-24.0","","","0","0","96.2","3.8","100","0","93.7","6.3","85.9","14.1","","Steven Shead (Senior Finance & Governance Manager)","250 to 499","CHESHIRE WEST RECYCLING LIMITED","False","2025/04/05 00:00:00","2024/12/18 16:38:23"
"CHEVRON ENERGY LIMITED","3182","1 Westferry Circus, Canary Wharf, London, E14 4HA","E14 4HA","05300877","82990","29.1","31.1","33.3","30.6","98.8","99.3","49.6","50.4","70.9","29.1","74.8","25.2","88.9","11.1","https://www.chevron.com/worldwide/united-kingdom","Armaghan Haque (Director, CEL)","500 to 999","CHEVRON ENERGY LIMITED","False","2025/04/05 00:00:00","2025/01/15 15:41:29"
"CHISHOLM HUNTER LIMITED","3207","3rd Floor, 146 Argyle Street, Glasgow, Lanarkshire, G2 8BL","G2 8BL","SC107277","47789","-13.03","-8.14","-51","-171","43.5","53.1","32.26","67.74","31.75","68.25","25.40","74.60","17.46","82.54","https://www.chisholmhunter.co.uk/gender-pay-gap-report/2024","Karen McCulloch (Head of HR)","250 to 499","CHISHOLM HUNTER LIMITED","False","2025/04/05 00:00:00","2024/07/03 11:52:42"
"CHOICE HOTELS LIMITED","3210","Choice House 107 Dickson Road, Blackpool, Lancashire, FY1 2ET","FY1 2ET","01365211","55100","1.1","-0.5","-39.7","-66.6","18.3","31.1","50","50","53.1","46.9","53.1","46.9","47.4","52.6","https://choicehotels.co.uk","Sally Carpenito (Director)","250 to 499","CHOICE HOTELS LIMITED","False","2025/04/05 00:00:00","2024/07/26 14:17:35"
"Chorley Borough Council","559","Town Hall, Market Street, Chorley, Lancashire, United Kingdom, PR7 1DP","PR7 1DP","","1,
84110","-3.2","-6.7","","","0","0","60.8","39.2","41.8","58.2","51.9","48.1","44.9","55.1","","","250 to 499","Chorley Borough Council","False","2025/03/31 00:00:00","2025/01/06 10:44:30"
"CHRISTIANS AGAINST POVERTY","3218","Jubilee House, 1 Filey Street, Bradford, England, BD1 5LQ","BD1 5LQ","04655175","64999","5.21","3.51","","","0","0","38","62","46.8","53.2","36.7","63.3","55.7","44.3","https://capuk.org/about-us/where-your-money-goes/annual-reports","Justine Barnes (Director of People, Place and Wellbeing)","250 to 499","CHRISTIANS AGAINST POVERTY","False","2025/04/05 00:00:00","2025/01/06 12:16:01"
"CHRISTIE MANSON & WOODS LIMITED","3220","8 King Street, St. James's, London, SW1Y 6QT","SW1Y 6QT","01128160","64209,
70100,
82990","36.0","22.9","64.3","25.8","96","96","31","69","30","70","27","73","49","51","https://www.christies.com/about-us/corporate-social-responsibility/equity-diversity-inclusion/?sc_lang=en#gender-pay-gap","Andrew McEachern (Global Head of Human Resources)","500 to 999","CHRISTIE MANSON & WOODS LIMITED","False","2025/04/05 00:00:00","2024/11/07 15:44:09"
"Christus Catholic Trust","21311","c/o St Joseph's Catholic Primary School, Scratton Road, Stanford-le-Hope, Essex, UK, SS17 0PA","SS17 0PA","","","3.8","17.5","","","0","0","2.6","97.4","1.3","98.7","12.8","87.2","3.8","96.2","https://www.christus.org.uk/page/?title=Statutory+Documents&pid=20","","250 to 499","Christus Catholic Trust","False","2025/03/31 00:00:00","2025/01/02 16:36:45"
"CIRCADIAN TRUST","3257","Bradley Stoke Leisure Centre, Bradley Stoke, Bristol, South Gloucestershire, BS32 9BS","BS32 9BS","05384234","93110,
93130,
93199","-15.07","-11.54","","","0","0","29","71","34","66","36","64","45","55","https://activecentres.org","Mark Crutchley (CEO)","250 to 499","CIRCADIAN TRUST","False","2025/04/05 00:00:00","2024/12/12 14:20:53"
"CITY & ESSEX LIMITED","16083","1210 London Road, Leigh On Sea, Essex, SS9 2UA","SS9 2UA","01586702","81210","2.71","0","","","0.00","0.00","42.22","57.78","44.44","55.56","38.33","61.67","44.69","55.31","","WENDY DOVE (PAYROLL MANAGER)","500 to 999","CITY & ESSEX LIMITED","False","2025/04/05 00:00:00","2024/05/13 09:14:50"
"City College Plymouth","3278","Kings Road, Devonport, Plymouth, Devon, United Kingdom, PL1 5QG","PL1 5QG","","1,
85320","7.62","13.31","","","0","0","31.76","68.24","25.88","74.12","41.18","58.82","50.88","49.12","","","500 to 999","City College Plymouth","False","2025/03/31 00:00:00","2024/12/09 07:36:30"
"CITY GROUP SECURITY LIMITED","23414","Unit 18 Greenwich Centre Business Park, 53 Norman Road, London, United Kingdom, SE10 9QF","SE10 9QF","02814854","80100","-95.37","-60.00","-56.00","-5.00","3.1","13.43","84.8","15.2","92","8","91.3","8.7","83.6","16.4","https://www.citygroupsecurity.com/wp-content/uploads/2024/07/Gender-Pay-Gap-Statement-2024.pdf","Mireille Burge (HR Manager)","500 to 999","CITY GROUP SECURITY LIMITED","False","2025/04/05 00:00:00","2024/07/16 08:41:49"
"CITY HEALTH CARE PARTNERSHIP CIC","3285","5 Beacon Way, Hull, England, HU3 4AE","HU3 4AE","06273905","86900","16.1","4.5","25.6","0.0","96.1","95.8","11.3","88.7","9.1","90.9","12.7","87.3","13.6","86.4","https://www.chcpcic.org.uk/pages/fairness-respect-equality-diversity-inclusion-and-engagement-fredie","","1000 to 4999","CITY HEALTH CARE PARTNERSHIP CIC","False","2025/03/31 00:00:00","2025/01/17 10:00:01"
"CITY OF LIVERPOOL YOUNG MEN'S CHRISTIAN ASSOCIATION (INC.)","23185","15 Leeds Street, Liverpool, L3 6HU","L3 6HU","00560870","55900,
86900","-1.3","0","","","0","0","38.5","61.5","36.1","63.9","37.86","62.14","35.85","64.15","","Laura Jane Anderton (Director of HR)","250 to 499","CITY OF LIVERPOOL YOUNG MEN'S CHRISTIAN ASSOCIATION (INC.)","False","2025/04/05 00:00:00","2024/04/10 11:26:23"
"CITY OF LONDON ACADEMIES TRUST","3293","North Wing, Guildhall, Gresham Street, London, England, EC2V 7HH","EC2V 7HH","04504128","85200,
85310","10.80","10.78","20.11","25","6.09","5.72","23","77","37","63","34","66","40","60","https://www.cola.org.uk/financial-reports/4028.html","","1000 to 4999","CITY OF LONDON ACADEMIES TRUST","False","2025/03/31 00:00:00","2024/12/23 14:09:55"
"Civil Nuclear Constabulary","3311","HR Building E6, Culham Science Centre, Abingdon, Oxfordshire, OX14 3DB","OX14 3DB","","1,
84110","5.56","6.96","12.36","15.21","8.9","50.53","72.3","27.7","71.3","28.7","86.4","13.6","79.8","20.2","","","1000 to 4999","Civil Nuclear Constabulary","False","2025/03/31 00:00:00","2024/12/09 12:35:08"
"CLARITY UMBRELLA LTD","20813","2 Appletree Barns Folly Lane, Copdock, Ipswich, England, IP8 3JQ","IP8 3JQ","12210720","82990","13.67","16.67","","","0","0","61","39","72","28","79","21","85","15","https://clarityumbrella.co.uk/gender-pay-gap-reporting/","Lucy Smith (MD)","250 to 499","CLARITY UMBRELLA LTD","False","2025/04/05 00:00:00","2024/12/30 20:47:08"
"CLASSIC LODGES LIMITED","3333","First Floor, 9 Haymarket Square, Edinburgh, Scotland, EH3 8RY","EH3 8RY","SC141222","55100","13.3","1.7","47.6","-25","6.1","8.5","45.5","54.5","40.8","59.2","46.9","53.1","60.2","39.8","https://www.classiclodges.co.uk/gender-pay-gap/","RICHARD GRIME (MANAGING DIRECTOR)","250 to 499","CLASSIC LODGES LIMITED","False","2025/04/05 00:00:00","2024/12/27 11:59:10"
"CLEARWATER CARE (HACKNEY) LIMITED","20162","Minton Place, Victoria Street, Windsor, England, SL4 1EG","SL4 1EG","05084728","87900","5.5","1.5","","","0","0","25.4","74.6","30.5","69.5","35.6","64.4","33.9","66.1","https://www.salutemcareandeducation.co.uk/gender-pay-gap-reports/","Kirstie Jones (Chief People Officer)","250 to 499","CLEARWATER CARE (HACKNEY) LIMITED","False","2025/04/05 00:00:00","2024/08/23 11:24:12"
"CLWYDALYN HOUSING LIMITED","3387","Unit 72 Ffordd William Morgan, St Asaph Business Park, St Asaph, Denbighshire, LL17 0JD","LL17 0JD","IP22360R","","13.26","20.45","-12.00","-50.00","10.86","11.97","30.41","69.59","17.54","82.46","43.27","56.73","45.61","54.39","https://www.clwydalyn.co.uk/documents/","Becci Williams (People & Data Specialist)","500 to 999","CLWYDALYN HOUSING LIMITED","False","2025/04/05 00:00:00","2025/01/09 12:34:12"
"CLYDESDALE BANK PLC","85","177 Bothwell Street, Glasgow, Scotland, G2 7ER","G2 7ER","SC001111","64191","24.5","35.7","46.7","33.7","92.4","93.5","30.0","70.0","31.3","68.7","48.6","51.4","61.0","39.0","","Syreeta Brown (Chief People and Communications Officer)","5000 to 19,999","CLYDESDALE BANK PLC","False","2025/04/05 00:00:00","2024/11/26 15:35:26"
"CMD RECRUITMENT LIMITED","18062","The Old Post Office, 41-43 Market Place, Chippenham, Wiltshire, England, SN15 3HR","SN15 3HR","08861395","78109","4.87","6.97","-78.86","-4626.54","41","59","73","27","80","20","77","23","87","13","","Jenni Reynolds (Accounts Manager)","250 to 499","CMD RECRUITMENT LIMITED","False","2025/04/05 00:00:00","2025/01/10 14:16:00"
"COASTAL LEARNING PARTNERSHIP","249","Heathlands Primary Academy Andrews Close, Springwater Road, Bournemouth, Dorset, England, BH11 8HB","BH11 8HB","09628750","85200","25.399","37.4694","","","0","0","6.74","93.26","5.99","94.01","16.85","83.15","16.16","83.84","https://www.coastalpartnership.co.uk/finance/","","1000 to 4999","COASTAL LEARNING PARTNERSHIP","False","2025/03/31 00:00:00","2025/01/06 14:27:33"
"Colchester Sixth Form College","3440","North Hill, Colchester, Essex, United Kingdom, CO1 1SN","CO1 1SN","","1,
85320","10.6","20","","","0","0","28","72","37","63","36","64","39","61","https://www.colchsfc.ac.uk/about/contact/management-reports","","250 to 499","The Sixth Form College Colchester","False","2025/03/31 00:00:00","2024/05/21 11:12:14"
"COLLINS EARTHWORKS LIMITED","19130","Collins Earthworks Limited, Whiteley Road, Ripley, Derbyshire, England, DE5 3QL","DE5 3QL","04083989","43110,
43120,
77320","27.39","36.51","57.63","77.42","94.08","54.05","82.98","17.02","87.23","12.77","95.62","4.38","95.74","4.26","","MARY WHARMBY (HR Director)","250 to 499","COLLINS EARTHWORKS LIMITED","False","2025/04/05 00:00:00","2024/05/09 10:04:50"
"COMFORT CARE SERVICES (UK) LTD","3466","Unit 2 Progress Business Centre, Whittle Parkway, Slough, England, SL1 6DQ","SL1 6DQ","05153873","87300","-1.2","0","-17","-60","38","62","37.27","62.73","44.44","55.56","57.41","42.59","48.15","51.85","","Alexis Fraser (Head of HR)","250 to 499","COMFORT CARE SERVICES (UK) LTD","False","2025/04/05 00:00:00","2025/01/09 09:57:52"
"COMMERZBANK AKTIENGESELLSCHAFT","3471","16 Kaiserstrasse, Frankfurt Am Main, 60311, Germany","","FC008139","","33.1","37.7","32.6","32.6","100","100","44.0","56.0","71.0","29.0","76.6","23.4","81.6","18.4","https://www.commerzbank.de/ms/documents/en/gender-pay-gap-report-2024.pdf","Kirsten PERCIVAL (DEI Lead London Branch)","250 to 499","COMMERZBANK AKTIENGESELLSCHAFT","False","2025/04/05 00:00:00","2024/12/04 11:38:00"
"COMMUNITY ACADEMIES TRUST","3474","Dimbleby House, Stoneydelph Primary School Crowden Road, Wilnecote, Tamworth, Staffordshire, England, B77 4LS","B77 4LS","07472736","85200,
85310","26.4","43.98","","","0","0","4.81","95.19","16.06","83.94","22.48","77.52","28.57","71.43","","","1000 to 4999","COMMUNITY ACADEMIES TRUST","False","2025/03/31 00:00:00","2025/01/09 13:52:53"
"COMMUNITY FIBRE LIMITED","21547","32 Page Street, London, England, SW1P 4EN","SW1P 4EN","07413288","61100","-6.1","-25.9","28.1","-23.7","49","59.6","84.8","15.2","87.9","12.1","82.5","17.5","75.8","24.2","","Aimee Haller (HR Director)","500 to 999","COMMUNITY FIBRE LIMITED","False","2025/04/05 00:00:00","2025/01/02 11:21:31"
"COMMUNITY GATEWAY ASSOCIATION LIMITED","19933","","","IP29838R","","2.75","8.14","","","0","0","58","42","46","54","76","24","59","41","https://143971215.fs1.hubspotusercontent-eu1.net/hubfs/143971215/GPG%20web%20statement%202024.pdf","Caroline Parr (Senior People Services Manager)","250 to 499","COMMUNITY GATEWAY ASSOCIATION LIMITED","False","2025/04/05 00:00:00","2024/06/27 13:19:14"
"COMMUNITY LINKS (NORTHERN) LTD","22100","3 Limewood Way, Seacroft, Leeds, LS14 1AB","LS14 1AB","01657652","86900","-3.5","-1.8","","","0","0","28","72","30","70","29","71","19","81","","Donna Gooby (Director of people & Culture)","250 to 499","COMMUNITY LINKS (NORTHERN) LTD","False","2025/04/05 00:00:00","2024/09/17 11:03:13"
"COMPTON CARE GROUP LIMITED","3495","Compton Hall, Compton Road West, Wolverhampton, West Midlands, WV3 9DH","WV3 9DH","01607631","47799,
85590,
87100,
88990","10.6","-1.4","","","0","0","22.2","77.8","11","89","12.3","87.7","19.5","80.5","","Russell Bulkeley (Director of Finance & HR)","250 to 499","COMPTON CARE GROUP LIMITED","False","2025/04/05 00:00:00","2024/12/20 09:43:20"
"CONGREGATION OF THE LITTLE SISTERS OF THE POOR TRUSTEE COMPANYLIMITED(THE)","14865","St Peters Meadow Road, South Lambeth, London, SW8 1QH","SW8 1QH","00867949","96090","2.00","0","","","0","0","19.69","80.31","17.19","82.81","17.32","82.68","21.26","78.74","https://www.littlesistersofthepoor.co.uk/","Margaret Ashton (Secretary)","500 to 999","CONGREGATION OF THE LITTLE SISTERS OF THE POOR TRUSTEE COMPANYLIMITED(THE)","False","2025/04/05 00:00:00","2024/12/30 12:02:58"
"CONNECT EDUCATION TRUST","14528","Chesterfield Primary School, Chesterfield Road, Enfield, England, EN3 6BG","EN3 6BG","10309116","85100,
85200","6.47","25.32","","","0","0","5.56","94.44","11.01","88.99","16.67","83.33","13.76","86.24","","","250 to 499","CONNECT EDUCATION TRUST","False","2025/03/31 00:00:00","2025/01/06 15:01:34"
"CONNECTION FLOORING LIMITED","19778","Henson Close Henson Close, South Church Enterprise Park, Bishop Auckland, England, DL14 6WA","DL14 6WA","07924240","46470","7","3.9","0.6","17.1","82","18","72","28","88","12","84","16","81","19","","Stuart Phillips (CFO)","250 to 499","CONNECTION FLOORING LIMITED","False","2025/04/05 00:00:00","2025/01/10 11:00:17"
"CONTRACTOR UMBRELLA LIMITED","53","Unit 36 Silk Mill Industrial Estate, Brook Street, Tring, Hertfordshire, England, HP23 5EF","HP23 5EF","04324081","69201","15.06","17.72","","","0","0","70","30","83","17","89","11","84","16","https://www.contractorumbrella.com/gender-pay-gap-reporting/","Zeeshan Anwar (Head of Compliance)","500 to 999","CONTRACTOR UMBRELLA LIMITED","False","2025/04/05 00:00:00","2024/11/19 17:30:06"
"COOMBE ACADEMY TRUST","12299","C/O Coombe Boys School College Gardens, Blakes Lane, New Malden, Surrey, KT3 6NU","KT3 6NU","07905433","85310","18.23","32.58","","","0","0","15.32","84.68","13.64","86.36","26.13","73.87","33.64","66.36","https://www.coombeschools.org/policies-and-statements/item/15/gender-pay-gap","","250 to 499","COOMBE ACADEMY TRUST","False","2025/03/31 00:00:00","2024/12/12 11:00:51"
"COOPER PARRY ADVISORY LIMITED","22759","Sky View, Argosy Road East Midlands Airport, Castle Donington, Derby, United Kingdom, DE74 2SA","DE74 2SA","14012064","69201,
69203","8.10","11.16","42.07","63.96","9.05","6.65","44","56","37","63","45","55","47","53","","April Homer (Chief People Officer)","500 to 999","COOPER PARRY ADVISORY LIMITED","False","2025/04/05 00:00:00","2025/01/06 16:32:53"
"COOPER PARRY GROUP LIMITED","9864","Sky View Argosy Road, East Midlands Airport,, Castle Donington, Derby, DE74 2SA","DE74 2SA","07795137","62020,
69201,
69203","-16.56","-26.43","-63.55","-128","2.14","3.50","69","31","70","30","64","36","48","52","","April Homer (Chief People Officer)","250 to 499","COOPER PARRY GROUP LIMITED","False","2025/04/05 00:00:00","2025/01/06 16:33:10"
"CORNWALL EDUCATION LEARNING TRUST","9701","Atlantic Centre, Trenance Park, Newquay, Cornwall, England, TR7 2LZ","TR7 2LZ","07565242","85100,
85200,
85310","18.8","39.8","","","0","0","9.0","91.0","23.6","76.4","28.4","71.6","35.9","64.1","https://www.celtrust.org/web/financials/648350","","1000 to 4999","CORNWALL EDUCATION LEARNING TRUST","False","2025/03/31 00:00:00","2024/07/22 07:56:13"
"CORPUS CHRISTI CATHOLIC ACADEMY TRUST","14609","Saint Paul's Catholic High School A Voluntary Academy And Engineering, College Firbank Rd Newall Green, Wythenshawe, Manchester, M23 2YS","M23 2YS","08440868","85310","23.37","36.65","","","0","0","8.73","91.27","8","92","24.8","75.2","25","75","","","500 to 999","CORPUS CHRISTI CATHOLIC ACADEMY TRUST","False","2025/03/31 00:00:00","2024/10/23 13:39:23"
"COSTCO WHOLESALE UK LIMITED","3611","213 Hartspring Lane, Uk Home Office, Watford, Hertfordshire, WD25 8JS","WD25 8JS","02635489","46900","4","1.9","39.7","13.1","62.2","60.8","54.6","45.4","58.1","41.9","56.5","43.5","63.7","36.3","http://costco.co.uk/genderpaygap","Jan Semple (Assistant Vice President HR)","5000 to 19,999","COSTCO WHOLESALE UK LIMITED","False","2025/04/05 00:00:00","2024/09/11 12:33:26"
"County Durham and Darlington Fire and Rescue Service","4326","Belmont Business Park, Durham, United Kingdom, DH1 1TW","DH1 1TW","","1,
84250","5.5","2.76","","","0","0","63.3","36.7","85.7","14.3","89.8","10.2","83","17","","","500 to 999","County Durham and Darlington Fire and Rescue Service","False","2025/03/31 00:00:00","2024/12/10 13:12:40"
"COVÉA INSURANCE SERVICES LIMITED","540","A&B Mills, Dean Clough, Halifax, United Kingdom, HX3 5AX","HX3 5AX","02966506","66290,
70100","23.0","27.2","-6.0","0.0","45.2","53.6","31.6","68.4","38.5","61.5","53.8","46.2","67.6","32.4","https://www.coveainsurance.co.uk/media/4686/r6183-08-24-gender-pay-gap-report-2024-final.pdf","Lisa Meigh (Chief People Officer)","1000 to 4999","COVÉA INSURANCE SERVICES LIMITED","False","2025/04/05 00:00:00","2024/12/16 21:46:48"
"COVENTRY AND WARWICKSHIRE MIND","21975","Wellington Gardens, Windsor Street, Coventry, West Midlands, CV1 3BT","CV1 3BT","02631898","86900,
87200,
88100","5.52","3.12","","","0","0","23.3","76.7","15","85","18.3","81.7","26.7","73.3","","Sarah Moore (Head of Finance)","Less than 250","COVENTRY AND WARWICKSHIRE MIND","False","2025/04/05 00:00:00","2025/01/16 10:47:23"
"Coventry And Warwickshire Partnership N H S Trust","3654","Wayside House, Wilsons Lane, Coventry, CV6 6NY","CV6 6NY","","1,
86210","7.55","1.44","51.77","75.00","2.24","0.27","16.68","83.32","20.79","79.21","16.13","83.87","21.43","78.57","https://www.covwarkpt.nhs.uk/gender-pay-gap","","1000 to 4999","Coventry And Warwickshire Partnership N H S Trust","False","2025/03/31 00:00:00","2024/11/28 16:00:10"
"Coventry Building Society","14905","Coventry House, Harry Weston Road, Binley, Coventry, West Midlands, CV3 2TQ","CV3 2TQ","MUT0148B","","28.0","31.5","35.7","36.1","96","97","24","76","32","68","45","55","67","33","https://www.coventrybuildingsociety.co.uk/member/sustainability/gender-and-ethnicity-inclusion.html","Steve Hughes (Chief Executive Officer and Executive Director)","1000 to 4999","Coventry Building Society","False","2025/04/05 00:00:00","2024/12/20 14:07:51"
"CRANMER EDUCATION TRUST","18886","The Blue Coat School, Egerton Street, Oldham, Manchester, OL1 3SQ","OL1 3SQ","07687709","85200,
85310","8.7","12.5","","","0","0","21.3","78.7","32.8","67.2","31.1","68.9","38","62","","","500 to 999","CRANMER EDUCATION TRUST","False","2025/03/31 00:00:00","2024/07/24 13:28:26"
"Craven College","17087","Aireville Campus, Gargrave Road, Skipton, BD23 1US","BD23 1US","","1,
85310","10.96","17.64","","","0","0","17","83","27","73","15","85","54","46","","","250 to 499","Craven College","False","2025/03/31 00:00:00","2025/01/07 07:58:01"
"Credit Agricole CIB","3704","1ST FLOOR, BROADWALK HOUSE, 5 APPOLD STREET, LONDON, LONDON, United Kingdom, EC2A 2DA","EC2A 2DA","FC026076","64191","24.4","24.7","50.6","56.3","94.8","97.8","55.9","44.1","66","34","71.6","28.4","83.5","16.5","https://www.ca-cib.com/sites/default/files/2025-01/JAN25-015-Gender%20Pay%20Gap%20Report%202024-Daniel%20Grant%20v2.pdf","Atul Sodhi (SCO)","500 to 999","Credit Agricole CIB","False","2025/04/05 00:00:00","2025/01/08 16:13:06"
"CROSSROADS TRUCK & BUS LIMITED","3750","Crossroads Truck & Bus, Pheasant Drive, Birstall, Batley, West Yorkshire, WF17 9LR","WF17 9LR","00573068","45190,
45200,
45320","23.91","29.39","29.28","-312.16","69.84","76.79","59.7","40.3","77.9","22.1","94.8","5.2","94.8","5.2","https://www.dealer.volvotrucks.co.uk/crossroads/en-gb/tools/pay.html","Dave Crowley (Deputy Managing Director)","500 to 999","CROSSROADS TRUCK & BUS LIMITED","False","2025/04/05 00:00:00","2024/12/03 14:19:21"
"CROUD INC LTD","22614","Cannon Place, 78 Cannon Street, London, England, EC4N 6AF","EC4N 6AF","07542498","70210","12.72","2.26","","","0","0","44","56","47.37","52.63","39.47","60.53","53.95","46.05","","Anne Akrawi (HR Director)","250 to 499","CROUD INC LTD","False","2025/04/05 00:00:00","2024/09/09 13:54:39"
"CROWE U.K. LLP","16953","2nd Floor, 55 Ludgate Hill, London, United Kingdom, EC4M 7JW","EC4M 7JW","OC307043","","6.6","3.3","13.2","8.6","65.8","68.5","49.1","50.9","54.8","45.2","55.8","44.2","58.4","41.6","https://www.crowe.com/uk/about-us/gender-pay-report","Tony White (Partner, Chief People Officer)","1000 to 4999","CROWE U.K. LLP","False","2025/04/05 00:00:00","2024/12/13 11:17:19"
"CUBICO (UK) LIMITED","21536","Peel Avenue, Calder Business Park, Wakefield, West Yorkshire, England, WF2 7UA","WF2 7UA","08073879","43220,
46740,
47599","1.16","-1.60","11.83","-0.93","56.11","71.36","77.66","22.34","73.60","26.40","69.04","30.96","75","25","https://www.easybathrooms.com/gender-pay-gap","Laura Green (CFO)","500 to 999","CUBICO (UK) LIMITED","False","2025/04/05 00:00:00","2024/10/11 09:21:10"
"CULTURE AND SPORT GLASGOW","14168","Commonwealth House, 38 Albion Street, Glasgow, Scotland, G1 1LH","G1 1LH","SC313851","82990","-6.0","-5.3","","","0.0","0.0","46.27","53.73","49.05","50.95","45.93","54.07","34.9","65.1","https://www.glasgowlife.org.uk/media/h1dd5pmr/gender-pay-gap-statement-2024.pdf","Jan Buchanan (Director of Finance and Corporate Services)","1000 to 4999","CULTURE AND SPORT GLASGOW","False","2025/04/05 00:00:00","2024/12/05 13:46:17"
"CULTURE, LEARNING AND LIBRARIES (MIDLANDS)","15387","Inspire Headquarters, Glaisdale Parkway, Nottingham, NG8 4GP","NG8 4GP","RS007139","","9.8","13.3","","","0","0","19","81","18","82","24","76","36","64","https://www.inspireculture.org.uk/about-us/gender-pay-gap-reporting/","Peter Gaw (CEO)","500 to 999","CULTURE, LEARNING AND LIBRARIES (MIDLANDS)","False","2025/04/05 00:00:00","2024/11/25 11:22:10"
"Cumbria Fire and Rescue Service","22537","Fire and Rescue Service Headquarters, Kemplay Bank, Penrith, Cumbria, CA10 2FA","CA10 2FA","","","0.86","1.62","-96.57","0","26.65","18.35","70.37","29.63","89.51","10.49","87.04","12.96","82.10","17.9","","","500 to 999","Cumbria Fire and Rescue Service","False","2025/03/31 00:00:00","2024/12/17 15:34:28"
"D&D LONDON LIMITED","17384","16 Kirby Street, London, EC1N 8TS","EC1N 8TS","02859789","70100","2.2","3.9","9.9","-30","13.5","7","64.4","35.6","60.8","39.2","71.5","28.5","69.8","30.2","https://www.danddlondon.com/diversity-and-inclusion/","Jude Hughes (Head of People Operations)","1000 to 4999","D&D LONDON LIMITED","False","2025/04/05 00:00:00","2024/12/12 09:52:26"
"DACHSER LIMITED","33","Northampton Logistics Centre Thomas Dachser Way, Brackmills, Northampton, NN4 7HT","NN4 7HT","01195803","49410,
52103","8.4","1.32","62.23","60","27.17","22.17","66","34","58","42","58","42","61","39","","Mark Rollinson (Managing Director - UK & Ireland)","500 to 999","DACHSER LIMITED","False","2025/04/05 00:00:00","2025/01/10 09:52:16"
"DAIKIN AIRCONDITIONING UK LIMITED","3870","The Heights, Brooklands, Weybridge, Surrey, KT13 0NY","KT13 0NY","04616794","35300","19","28.4","26.9","32.7","87.5","93.0","56.7","43.3","74","26","81.7","18.3","83.7","16.3","","Angela Holt (Head of HR)","250 to 499","DAIKIN AIRCONDITIONING UK LIMITED","False","2025/04/05 00:00:00","2024/10/25 12:20:38"
"DAISY CORPORATE SERVICES TRADING LIMITED","1180","Wavenet Group, Second Floor One Central Boulevard Central Boulevard, Blythe Valley Park, Shirley, Solihull, United Kingdom, B90 8BG","B90 8BG","02888250","61900","21.2","28.7","33.9","13.3","27.6","31.3","60.4","39.6","65.7","34.3","82.5","17.5","84.3","15.7","","David Gisbourne (HR Director)","1000 to 4999","DAISY CORPORATE SERVICES TRADING LIMITED","False","2025/04/05 00:00:00","2024/12/19 15:04:55"
"DANBRO EMPLOYMENT UMBRELLA LTD","19080","Jubilee House, East Beach, Lytham St. Annes, United Kingdom, FY8 5FT","FY8 5FT","10585274","78200","2.33","9.25","19.42","24.25","99.67","99.85","69","31","76","24","82","18","79","21","https://www.danbro.co.uk/gender-pay-gap-statement-24/","Katie Gamble (Head of Group Compliance and Information)","1000 to 4999","DANBRO EMPLOYMENT UMBRELLA LTD","False","2025/04/05 00:00:00","2024/05/10 13:56:36"
"DANIEL THWAITES PUBLIC LIMITED COMPANY","421","Myerscough Road, Mellor Brook, Blackburn, Lancashire, England, BB2 7LB","BB2 7LB","00051702","11050,
55100,
56101,
56302","12.8","5","32.9","14.1","78.6","84.1","41","59","29.9","70.1","38.4","61.6","61.4","38.6","https://www.thwaites.co.uk/gender-pay-gap-statement/","Jason Royal (Director of People and Development)","1000 to 4999","DANIEL THWAITES PUBLIC LIMITED COMPANY","False","2025/04/05 00:00:00","2024/10/31 16:19:52"
"DATA TECH HOLDINGS LIMITED","20871","Unit 4, Gateway Business Centre, Tom Cribb Road, London, United Kingdom, SE28 0EZ","SE28 0EZ","11728816","64209","9.5","8.5","53.6","-750","17.9","50","84.8","15.2","87.9","12.1","88","12","93.4","6.6","","TIMOTHY COPPIN (CEO)","250 to 499","DATA TECH HOLDINGS LIMITED","False","2025/04/05 00:00:00","2024/12/12 14:51:37"
"DE LA RUE INTERNATIONAL LIMITED.","519","De La Rue House, Jays Close, Basingstoke, Hampshire, RG22 4BS","RG22 4BS","00720284","18129,
96090","7.4","9.8","10.8","9.4","15.2","8.8","67.6","32.4","63.6","36.4","78.3","21.7","71.3","28.7","","LISA MARTIN-WHATLEY (Head of Internal Communications and Engagement)","500 to 999","DE LA RUE INTERNATIONAL LIMITED.","False","2025/04/05 00:00:00","2025/01/02 13:41:19"
"Deal Education Alliance for Learning Trust","21293","DEALT Central Services Team, Northbourne Church Of England Primary School, Coldharbour Lane, Northbourne, CT14 0LP","CT14 0LP","","","7.3568","7.9996","","","0","0","12.9","87.1","14.1","85.9","11.8","88.2","4.7","95.3","https://www.dealt.org.uk/docs/finance_and_hr/DEALT-Gender-Pay-Gap-Information_2024.pdf","","250 to 499","Deal Education Alliance for Learning Trust","False","2025/03/31 00:00:00","2024/12/18 10:09:50"
"DECIDEBLOOM LIMITED","119","Stoneacre Omega Boulevard, Thorne, Doncaster, South Yorkshire, England, DN8 5TX","DN8 5TX","03003995","45111,
45112,
45200,
45320","28","13","58","47","84","59","73","27","63","37","81","19","89","11","","Nigel Wood (Finance Director)","1000 to 4999","DECIDEBLOOM LIMITED","False","2025/04/05 00:00:00","2024/10/04 15:05:57"
"DELIFRANCE (UK) LIMITED","3994","17 Chartwell Drive, Wigston, Leicestershire, LE18 2FL","LE18 2FL","02186392","10710,
46390","9.6","0.14","-0.9","-128","73","57","63","37","62","38","56","44","70","30","https://www.delifrance.com/uk/gender-pay-gap-statement","Niall Cogan (General Manager)","250 to 499","DELIFRANCE (UK) LIMITED","False","2025/04/05 00:00:00","2024/08/14 16:04:18"
"DELOITTE LLP","399","1 New Street Square, London, United Kingdom, EC4A 3HQ","EC4A 3HQ","OC303675","","13.3","12.1","44.4","28.5","83.4","84.2","49.8","50.2","46.1","53.9","52.1","47.9","58.7","41.3","","Philip Mills (UK Managing Partner)","5000 to 19,999","DELOITTE LLP","False","2025/04/05 00:00:00","2024/10/08 11:37:19"
"DELOITTE MCS LIMITED","400","1 New Street Square, London, United Kingdom, EC4A 3HQ","EC4A 3HQ","03311052","69201,
70229,
82990","13.5","14.7","50.2","30.8","94.7","93.4","49.0","51.0","53.5","46.5","63.3","36.7","67.8","32.2","","Philip Mills (UK Managing Partner)","5000 to 19,999","DELOITTE MCS LIMITED","False","2025/04/05 00:00:00","2024/10/08 11:41:00"
"Department for Business and Trade","22631","Old Admiralty Building, Admiralty Place, London, United Kingdom, SW1A 2DY","SW1A 2DY","","","5.24","9.15","-1.04","-2.18","81.90","81.35","45.0","55.0","50.4","49.6","52.3","47.7","55.7","44.3","https://www.gov.uk/government/publications/dbt-gender-pay-gap-report-and-data-2024","","5000 to 19,999","Department for Business and Trade","False","2025/03/31 00:00:00","2024/12/19 10:44:29"
"Department for Culture, Media and Sport","4030","100 Parliament Street, London, London, SW1A 2BQ","SW1A 2BQ","","1,
84110","2.4","2.5","-5.2","0","78.2","75","39.1","60.9","42.4","57.6","41.7","58.3","43.6","56.4","https://www.gov.uk/government/publications/dcms-gender-pay-gap-report-2024","","500 to 999","Department for Culture, Media and Sport","False","2025/03/31 00:00:00","2024/12/19 10:39:02"
"Department for Education","234","Great Smith Street, London, London, United Kingdom, SW1P 3BT","SW1P 3BT","","1,
84110","8.2","4.2","-6.3","-0.3","78.35","78.59","36.8","63.2","37.7","62.3","41.6","58.4","45.3","54.7","","","5000 to 19,999","Department for Education","False","2025/03/31 00:00:00","2024/12/17 16:11:39"
"Department for Energy Security and Net Zero","23516","55 Whitehall, London, SW1A 2HP","SW1A 2HP","","","3.6","8.7","1.2","0.0","84.0","85.2","48.3","51.7","46.3","53.7","52.8","47.2","54.9","45.1","https://www.gov.uk/government/publications/desnz-gender-pay-gap-report-and-data-2024","","1000 to 4999","Department for Energy Security and Net Zero","False","2025/03/31 00:00:00","2024/12/17 16:01:42"
"Department for Science, Innovation and Technology","23517","22-26 Whitehall, London, SW1A 2EG","SW1A 2EG","","","0.5","0.0","-8.7","-8.3","52.2","52.7","46","54","48.4","51.6","50.5","49.5","47.7","52.3","","","1000 to 4999","Department for Science, Innovation and Technology","False","2025/03/31 00:00:00","2024/12/17 15:44:20"
"Department For Transport","4034","Great Minster House, 76 Marsham Street, London, London, United Kingdom, SW1P 4DR","SW1P 4DR","","1,
84110","9.2","12.1","-6.1","-4.7","85.3","89.7","35","65","59","41","62","38","60","40","https://www.gov.uk/government/publications/dft-gender-pay-gap-report-and-data-2024/dft-gender-pay-gap-report-and-data-2024","","5000 to 19,999","Department For Transport","False","2025/03/31 00:00:00","2024/12/17 16:06:17"
"Department for Work And Pensions","4036","Caxton House, 6-12 Tothill Street, London, London, United Kingdom, SW1H 9NA","SW1H 9NA","","1,
84110","4.8","0","8.8","12.5","86.2","89.8","35.2","64.8","33.5","66.5","37.6","62.4","41.7","58.3","https://www.gov.uk/government/publications/dwp-gender-pay-gap-report-and-data-2024/dwp-gender-pay-gap-report-2024","","20,000 or more","Department for Work And Pensions","False","2025/03/31 00:00:00","2024/12/17 15:21:50"
"Department of Health and Social Care","4035","Richmond House, 79 Whitehall, London, London, United Kingdom, SW1A 2NS","SW1A 2NS","","1,
84110","7.8","13.9","8.7","0.0","47.4","50.4","32","68","32.7","67.3","37.3","62.7","42","58","https://www.gov.uk/government/publications/dhsc-gender-pay-gap-report-and-data-2024/2024-gender-pay-gap-report","","5000 to 19,999","Department of Health and Social Care","False","2025/03/31 00:00:00","2024/12/17 16:11:38"
"Department, for Environment, Food and Rural Affairs","14454","Nobel House, 17 Smith aquare, London, SW1P 3JR","SW1P 3JR","","1,
84110","3.8","8.7","5.5","0","75.6","76.1","41.0","59.0","40.8","59.2","45.1","54.9","47.5","52.5","","","5000 to 19,999","Department, for Environment, Food and Rural Affairs","False","2025/03/31 00:00:00","2024/12/17 16:02:14"
"Devon Partnership Nhs Trust","4073","Dryden Road, Exeter, Devon, United Kingdom, EX2 5AF","EX2 5AF","","1,
86210","10.04","6.35","19.86","55.02","1.72","0.15","25.22","74.78","23.36","76.64","23.3","76.7","33.2","66.8","https://www.dpt.nhs.uk/resources/corporate-information/equality-diversity-and-inclusion-reports/gender-pay-gap-reports","","1000 to 4999","Devon Partnership Nhs Trust","False","2025/03/31 00:00:00","2024/10/04 08:10:28"
"DHAMECHA FOODS LIMITED","4091","2 Hathaway Close, Stanmore, Middlesex, HA7 3NR","HA7 3NR","01163739","46342,
46390","-2","0","15","-158","5.4","4.9","81","19","80","20","75","25","78","22","https://www.dhamecha.com/group","FAYAAZ SHARIFF (Finance Director)","500 to 999","DHAMECHA FOODS LIMITED","False","2025/04/05 00:00:00","2024/08/01 16:49:18"
"DHL SERVICES LIMITED","4099","251 Midsummer Boulevard, Milton Keynes, Bucks, England, MK9 1EA","MK9 1EA","03324664","82990","1.5","10","10","8.5","12","22","67","33","76","24","86","14","80","20","","Jo Coppinger (VP Compensation and Benefits)","20,000 or more","DHL SERVICES LIMITED","False","2025/04/05 00:00:00","2024/10/24 14:41:56"
"DINGBRO LIMITED","4134","Unit 7/8 Whitemyres Avenue, Mastrick Industrial Estate, Aberdeen, Aberdeenshire, AB16 6HQ","AB16 6HQ","SC079886","45190","4.7","0.7","70.7","61.5","1.7","0.5","86.7","13.3","87.4","12.6","87.6","12.4","90.3","9.7","","DAWN DINGWALL (ADMINISTRATION DIRECTOR)","1000 to 4999","DINGBRO LIMITED","False","2025/04/05 00:00:00","2025/01/13 14:01:44"
"DIOCESE OF SOUTHWELL AND NOTTINGHAM MULTI-ACADEMY TRUST","14521","Jubilee House, Westgate, Southwell, Nottinghamshire, NG25 0JH","NG25 0JH","08738949","85590","21.21","26.51","","","0","0","5.28","94.72","15.04","84.96","19.51","80.49","23.17","76.83","","","500 to 999","DIOCESE OF SOUTHWELL AND NOTTINGHAM MULTI-ACADEMY TRUST","False","2025/03/31 00:00:00","2024/09/03 13:29:45"
"DIOCESE OF ST ALBANS MULTI-ACADEMY TRUST","18666","Manshead Ce Academy Dunstable Road, Caddington, Luton, England, LU1 4BB","LU1 4BB","10449374","85590","1.20","28.6","","","0.00","2.38","17.39","82.61","11.30","88.70","24.35","75.65","19.30","80.70","","","250 to 499","DIOCESE OF ST ALBANS MULTI-ACADEMY TRUST","False","2025/03/31 00:00:00","2024/08/29 14:27:42"
"DISCOVERY EDUCATIONAL TRUST","2353","St Martin's School Brentwood Hanging Hill Lane, Hutton, Brentwood, Essex, CM13 2HG","CM13 2HG","07638800","85590","21.7","24.6","","","0","0","17.4","82.6","13.8","86.2","20.3","79.7","37.7","62.3","https://www.discoveryeducationaltrust.co.uk/assets/Documents/Finance-and-Funding/DET-Gender-Pay-Gap-Report-as-at-31-Mar-24-Final-Approved-Nov-24.pdf","","500 to 999","DISCOVERY EDUCATIONAL TRUST","False","2025/03/31 00:00:00","2024/11/21 12:21:20"
"DIVERSE DINING LTD","20316","64 Princes Court Brompton Road, London, England, SW3 1ET","SW3 1ET","08282915","56101,
56103,
56210,
56290","-4.5","-4.4","4.9","0.1","54.5","54.5","60.4","39.6","61.1","38.9","59","41","55.9","44.1","","Dan Graham (Head of HR)","500 to 999","DIVERSE DINING LTD","False","2025/04/05 00:00:00","2024/10/04 10:25:43"
"DN Colleges Group","18282","The  Hub, Chappell Drive, Doncaster, DN1 2RF","DN1 2RF","","1","12.35","8.47","-9.98","-17.72","1.02","1.09","20.74","79.26","33.16","66.84","44.92","55.08","57.45","42.55","https://www.dncolleges.ac.uk/policies-and-procedures/equality-diversity-and-inclusion/","","500 to 999","DN Colleges Group","False","2025/03/31 00:00:00","2025/01/08 11:00:29"
"DONALD WARD LIMITED","17980","Donald Ward House, East Street, Ilkeston, England, DE7 5JB","DE7 5JB","01292288","38110,
38210,
38320,
39000","16.16","10.64","61.08","-46.42","29.39","35.48","70","30","87.64","12.36","93.26","6.74","80.90","19.10","https://www.ward.com/about-us/gender-pay-gap/","James Balfour (Finance Director)","250 to 499","DONALD WARD LIMITED","False","2025/04/05 00:00:00","2024/06/27 09:09:09"
"DONCASTERS LIMITED","4199","1 Park Row, Leeds, England, LS1 5AB","LS1 5AB","00321992","25990","1.2","13.8","-14.1","24.2","37.4","34.36","68.9","31.1","84.5","15.5","87.6","12.4","81.9","18.1","https://www.doncasters.com/uk-gender-pay-gap-report/","Mike Quinn (CEO)","500 to 999","DONCASTERS LIMITED","False","2025/04/05 00:00:00","2025/01/09 15:48:12"
"Dorset Healthcare Nhs Foundation Trust","4217","Sentinel House, 4-6 Nuffield Road, Poole, Dorset, United Kingdom, BH17 0RB","BH17 0RB","","1,
86210","11.75","1.95","24.38","24.50","50","50","14.08","85.92","20.14","79.86","14.69","85.31","22.59","77.41","https://www.dorsethealthcare.nhs.uk/about-us/equality-and-diversity/gender-pay-gap","","5000 to 19,999","Dorset Healthcare Nhs Foundation Trust","False","2025/03/31 00:00:00","2025/01/16 09:51:35"
"DRAPERS' MULTI-ACADEMY TRUST","14523","35 Ballards Lane, London, England, N3 1XW","N3 1XW","07035556","85200,
85310","27","48.7","","","0","0","3.4","96.6","12.6","87.4","23","77","34.5","65.5","https://www.drapers-schools.com/29/gender-pay-gap-data","","250 to 499","DRAPERS' MULTI-ACADEMY TRUST","False","2025/03/31 00:00:00","2025/01/06 10:32:01"
"DUDLEY BOROUGH COLLEGE LIMITED","17166","Dudley College Of Technology, The Broadway, Dudley, England, DY1 4AS","DY1 4AS","08717981","85320","9","23","","","0","0","33","67","36","64","45","55","64","36","https://www.dudleycol.ac.uk/","Kathryn Jones (HR Director)","500 to 999","DUDLEY BOROUGH COLLEGE LIMITED","False","2025/04/05 00:00:00","2024/12/11 09:15:55"
"Dudley Integrated Health and Care NHS Trust","21523","Brierley Hill Health and Social Care Centre, Venture Way, Brierley Hill, West Midlands, United Kingdom, DY5 1RU","DY5 1RU","","","25.1554","22.4034","","","0","0","10.78","89.22","15.57","84.43","25.93","74.07","33.62","66.38","","","250 to 499","Dudley Integrated Health and Care NHS Trust","False","2025/03/31 00:00:00","2024/09/15 10:52:48"
"DUKERIES HEALTHCARE LIMITED","4300","Ye Olde Bell, Barnby Moor, Retford, Nottinghamshire, DN22 8QS","DN22 8QS","03445393","87900","4.32","4.32","","","0","0","18.75","81.25","17.94","82.06","17.73","82.27","17.94","82.06","","Rosemarie Bracher (Managing Director)","250 to 499","DUKERIES HEALTHCARE LIMITED","False","2025/04/05 00:00:00","2025/01/08 11:17:52"
"Durham and Newcastle Diocesan Learning Trust","22766","Cai Building 4th Floor, Coble Dene, Royal Quays, NORTH SHIELDS, United Kingdom, NE29 6DE","NE29 6DE","","","23.31","37.37","","","0","0","6.6","93.4","8.3","91.7","13.3","86.7","19.2","80.8","https://www.durhamdmat.co.uk/docs/Gender_Pay_Gap_Reporting_Statement_for_wesbite.pdf","","250 to 499","Durham and Newcastle Diocesan Learning Trust","False","2025/03/31 00:00:00","2024/12/11 10:29:17"
"DX NETWORK SERVICES LIMITED","4334","Ditton Park, Riding Court Road, Datchet, Slough, England, SL3 9GL","SL3 9GL","05026914","53201","8.58","2.97","4.11","14.77","46.38","24.53","66.86","33.14","70.8","29.2","86.47","13.53","77.89","22.11","https://assets.dxdelivery.com/3017/3650/6201/GPG_2024_Final.pdf","Matthew Woods (Pay & Benefits Manager)","5000 to 19,999","DX NETWORK SERVICES LIMITED","False","2025/04/05 00:00:00","2025/01/10 11:09:56"
"E H SMITH (BUILDERS MERCHANTS) LIMITED","4351","Westhaven House, Arleston Way, Shirley, Solihull, West Midlands, B90 4LH","B90 4LH","00800907","46130,
46730,
47520","2.5","-1.1","55","23","86","85","70","30","86","14","83","17","84","16","","Ian GRainger (Finance Director)","250 to 499","E H SMITH (BUILDERS MERCHANTS) LIMITED","False","2025/04/05 00:00:00","2024/05/02 11:02:49"
"E.E. SMITH CONTRACTS LIMITED","18897","25 Morris Road, Clarendon Industrial Estate, Leicester, LE2 6AL","LE2 6AL","00534798","31090,
43320,
43999","9.3","9.6","29.4","-275","60.6","66.7","92.5","7.5","92.5","7.5","96.2","3.8","96.2","3.8","","Neil Simpson (Director)","Less than 250","E.E. SMITH CONTRACTS LIMITED","False","2025/04/05 00:00:00","2024/07/30 11:14:56"
"E.ON UK PLC","4362","Westwood Way, Westwood Business Park, Coventry, CV4 8LG","CV4 8LG","02366970","35110,
64209","14","25.2","29","37.5","89.6","93.7","37","63","52","48","78","22","64","36","https://www.eonenergy.com/content/dam/eon-energy-com/Files/inclusion/2024-inclusion-report.pdf","Helen Bradbury (Chief People Officer)","5000 to 19,999","E.ON UK PLC","False","2025/04/05 00:00:00","2024/12/12 09:36:13"
"EAST ANGLIA'S CHILDREN'S HOSPICES","15631","East Anglia's Children's Hospice, Milton Church Lane, Milton, Cambridge, Cambridgeshire, England, CB24 6AB","CB24 6AB","03550187","86900","7.6","-9.3","","","0","0","26.3","73.7","15.2","84.8","10.3","89.7","15.4","84.6","https://www.each.org.uk/about-us/our-organisation/reports-and-accounts/","Amanda Drummond (Head of HR)","250 to 499","EAST ANGLIA'S CHILDREN'S HOSPICES","False","2025/04/05 00:00:00","2024/08/15 11:16:58"
"East Devon District Council","4384","Blackdown House, Border Road, Heathpark Industrial Estate, Honiton, United Kingdom, EX14 1EJ","EX14 1EJ","","1,
84110","2.43","-4.29","","","0","0","61","39","34","66","33","67","57","43","","","500 to 999","East Devon District Council","False","2025/03/31 00:00:00","2024/04/05 13:37:16"
"East Kent Hospitals University Nhs Foundation Trust","4391","Kent & Canterbury Hospital, Ethelbert Road, Canterbury, CT1 3NG","CT1 3NG","","1,
86210","30.6030","17.1814","30.78","42.39","3.75","0.41","18.56","81.44","18.53","81.47","14.96","85.04","40.05","59.95","","","5000 to 19,999","East Kent Hospitals University Nhs Foundation Trust","False","2025/03/31 00:00:00","2024/07/09 09:42:47"
"East Midlands Academy Trust","16126","Pyramus House, Roman Way, Grange Park, Northampton, NN4 5EA","NN4 5EA","","1,
85310","24.1","37.8","","","0","0","10.4","89.6","19.1","80.9","27.4","72.6","33.8","66.2","","","500 to 999","East Midlands Academy Trust","False","2025/03/31 00:00:00","2024/08/06 07:37:28"
"EAST OF ENGLAND CO-OPERATIVE SOCIETY LIMITED","394","Wherstead Park, The Street, Wherstead, Ipswich, Suffolk, United Kingdom, IP9 2BJ","IP9 2BJ","IP01099R","","16.89","3.42","","","0","0","24.7","75.3","32.9","67.1","30.6","69.4","55.4","44.6","","Jordan Holder (Head of Talent Acquisition & Development)","1000 to 4999","EAST OF ENGLAND CO-OPERATIVE SOCIETY LIMITED","False","2025/04/05 00:00:00","2024/09/09 10:50:06"
"East Surrey College","4410","Gatton Point, London Road, Redhill, Surrey, United Kingdom, RH1 2JX","RH1 2JX","","1,
85320","5.55","9.43","","","0","0","21","79","38","62","48","52","37","63","","","250 to 499","East Surrey College","False","2025/03/31 00:00:00","2024/04/19 14:42:04"
"East Sussex College Group","20406","Cross Levels Way, Eastbourne, East Sussex, BN21 2UF","BN21 2UF","","","9.4","13.8","-27.9","-66.7","1.43","1.06","27.6","72.4","26.3","73.7","38.4","61.6","42","58","https://www.escg.ac.uk/docs/governance/board-documents/escg-gender-pay-gap-report/","","1000 to 4999","East Sussex College Group","False","2025/03/31 00:00:00","2025/01/08 09:15:14"
"East Sussex Healthcare NHS Trust","15871","Conquest Hospital, The Ridge, St Leonards-on-Sea, TN37 7RD","TN37 7RD","","1,
86101","18.3","4.4","18.6","-0.3","3.0","0.3","21.3","78.7","25.4","74.6","18.3","81.7","32.6","67.4","https://www.esht.nhs.uk/about-us/equality-inclusion-and-human-rights/","","5000 to 19,999","East Sussex Healthcare NHS Trust","False","2025/03/31 00:00:00","2024/12/18 10:31:34"
"EASTERN HOLDINGS LIMITED","28","8 Westerton Road, East Mains Industrial Estate, Broxburn, West Lothian, Scotland, EH52 5AU","EH52 5AU","SC014833","70100","30.9","22.5","65.9","67.2","79.6","73.4","62.7","37.3","60.3","39.7","89.2","10.8","88.1","11.9","https://www.easternwestern.co.uk/","Kim Gilfillan (Group HR Manager)","1000 to 4999","EASTERN HOLDINGS LIMITED","False","2025/04/05 00:00:00","2024/10/02 11:14:23"
"EBOR ACADEMY TRUST","14525","Ebor Business And Training Centre The Leyes, Osbaldwick, York, England, YO10 3PR","YO10 3PR","08806335","85200","23.1","37.01","","","0","0","5.26","94.74","9.28","90.72","11.42","88.58","22.42","77.58","","","1000 to 4999","EBOR ACADEMY TRUST","False","2025/03/31 00:00:00","2024/12/09 14:44:18"
"ECHO - U LIMITED","17400","4th Floor Tyne House, 26 Side, Newcastle Upon Tyne, Tyne And Wear, NE1 3JA","NE1 3JA","04227565","73110","1.9","-0.4","","","0","0","37.5","62.5","50","50","36","64","48","52","","Nicole Carr (Finance Manager)","Less than 250","ECHO - U LIMITED","False","2025/04/05 00:00:00","2025/01/10 13:18:23"
"EDEN LEARNING TRUST","19298","Ferryhill School, Merrington Road, Ferryhill, England, DL17 8RW","DL17 8RW","10980753","85100,
85200,
85310,
85600","18.50","22.2","","","0","0","22.6","77.4","23.7","76.3","28.6","71.4","35.70","64.30","https://edenlearningtrust.uk/","","500 to 999","EDEN LEARNING TRUST","False","2025/03/31 00:00:00","2024/06/18 12:02:02"
"EDGE VIEW HOMES LIMITED","15218","Natwest Chambers, High Street, Cradley Heath, England, B64 5HJ","B64 5HJ","03852350","87100,
87900","3.14","0","","","0","0","32.9","67.1","31.9","68.1","47.8","52.2","39.1","60.9","","Stephen Quinn (Chief Executive)","250 to 499","EDGE VIEW HOMES LIMITED","False","2025/04/05 00:00:00","2024/05/08 13:53:26"
"EDINBURGH AIRPORT LIMITED","389","Edinburgh Airport, Edinburgh, EH12 9DN","EH12 9DN","SC096623","52230","10.35","14.99","9","2","92.7","91","52","48","57","43","72","28","74","26","","Gillian Pollock (Chief People Officer)","500 to 999","EDINBURGH AIRPORT LIMITED","False","2025/04/05 00:00:00","2025/01/05 14:52:53"
"EDINBURGH LEISURE","531","Meadowbank Sports Centre, 139 London Road, Edinburgh, Scotland, EH7 6AE","EH7 6AE","SC179259","93110,
93130","-3.2","0","","","0","0","55.1","44.9","49.8","50.2","51.4","48.6","52","48","","Karen Scott (Director of People)","1000 to 4999","EDINBURGH LEISURE","False","2025/04/05 00:00:00","2024/12/12 08:41:03"
"EDINBURGH UNIVERSITY STUDENTS' ASSOCIATION","4484","The Potterrow, 5/2 Bristo Square, Edinburgh, EH8 9AL","EH8 9AL","SC429897","85600","7","0.34","","","0","0","39","61","35","65","35","65","48","52","https://www.eusa.ed.ac.uk/about/governance/genderpaygap","Paul Stephens (Head of People & Development)","250 to 499","EDINBURGH UNIVERSITY STUDENTS' ASSOCIATION","False","2025/04/05 00:00:00","2024/08/26 08:47:30"
"EDMUNDSON ELECTRICAL LIMITED","4488","Edmundson House, Tatton Street, Knutsford, Cheshire, England, WA16 6AY","WA16 6AY","02667012","46439","9.4","0.5","47.7","28.6","93.5","91.2","83.7","16.3","82.4","17.6","81.1","18.9","86.9","13.1","https://docs.edmundson-electrical.co.uk/media/wxydt3ht/gender-pay-gap-2024-narrative-for-website-final.pdf","Mark Felber (Managing Director)","1000 to 4999","EDMUNDSON ELECTRICAL LIMITED","False","2025/04/05 00:00:00","2024/12/16 11:25:42"
"EDUCATION PARTNERSHIP TRUST","17588","Education Partnership Trust, Pleckgate Road, Blackburn, England, BB1 8QA","BB1 8QA","07950891","85590","12.17","28.09","","","0","0","18.97","81.03","27.59","72.41","33.62","66.38","34.48","65.52","https://www.educationpartnershiptrust.org/finance/","","250 to 499","EDUCATION PARTNERSHIP TRUST","False","2025/03/31 00:00:00","2025/01/08 10:50:43"
"ELLE R LEISURE LIMITED","4562","Lower Basement Office Eastgate, 2 Castle Street, Manchester, United Kingdom, M3 4LZ","M3 4LZ","00890260","56101,
56302","-0.1","0","-170","0","63","37","52","48","45","55","46","54","65","35","","Beth Adams (Finance Director)","250 to 499","ELLE R LEISURE LIMITED","False","2025/04/05 00:00:00","2024/12/17 11:15:09"
"Ellesmere College","22629","40 Braunstone Lane East, Leicester, LE3 2FD","LE3 2FD","","","17","27","","","0","0","28","72","9","91","9","91","12","88","","","250 to 499","Ellesmere College","False","2025/03/31 00:00:00","2024/07/31 07:33:05"
"Embark Multi Academy Trust","22596","Unit 10 Derwent Business Centre, Clarke Street, Derby, DE1 2BU","DE1 2BU","","","23.41","25.85","","","0","0","10","90","13.5","86.5","14.5","85.5","28","72","https://embarkfederation.schoolzineplus.co.uk/_file/media/770/gender_pay_gap_report_202324.pdf","","1000 to 4999","Embark Multi Academy Trust","False","2025/03/31 00:00:00","2024/09/11 15:43:14"
"EMERALD PUBLISHING LIMITED","4589","Floor 5, Northspring, 21-23 Wellington Street, Leeds, England, LS1 4DL","LS1 4DL","03080506","58141","22","29","18","28","95","92","11","89","35","65","46","54","60","40","https://www.emeraldgrouppublishing.com/policies-information/gender-ethnicity-pay-gap-reports","Vicky Williams (Chief Executive Officer)","Less than 250","EMERALD PUBLISHING LIMITED","False","2025/04/05 00:00:00","2024/10/31 10:57:38"
"EMERGING FUTURES COMMUNITY INTEREST COMPANY","23426","Glen Valley House 634 Bacup Road, Waterfoot, Rossendale, England, BB4 7AW","BB4 7AW","08938725","68201,
87200,
88990","2.1","1.6","","","0","0","47","53","45","55","55","45","44","56","","Rachel Notley (Finance Director)","250 to 499","EMERGING FUTURES COMMUNITY INTEREST COMPANY","False","2025/04/05 00:00:00","2024/07/23 11:16:54"
"EMPOWER LEARNING ACADEMY TRUST","14527","Hall Mead School, Marlborough Gardens, Upminster, Essex, RM14 1SF","RM14 1SF","07702119","85310","24.7","-12.3","","","0","0","11","89","14","86","26","74","33","67","","","500 to 999","EMPOWER LEARNING ACADEMY TRUST","False","2025/03/31 00:00:00","2024/12/16 12:44:16"
"ENABLE INTERNATIONAL LIMITED","23425","10-12 The Courtyard Timothys Bridge Road, Stratford Enterprise Park, Stratford-Upon-Avon, England, CV37 9NP","CV37 9NP","03959037","62090","3.6","2.8","22.8","31.7","98","90.9","73","27","83","17","76","24","81","19","","Alexandria Cramer (VP, People and Places)","250 to 499","ENABLE INTERNATIONAL LIMITED","False","2025/04/05 00:00:00","2024/07/22 12:21:52"
"ENERGY ASSETS LIMITED","14285","Arkwright House, 2 Arkwright Court, Commercial Road, Darwen, Lancashire, England, BB3 0FG","BB3 0FG","05417114","82990","20.31","22.45","42.58","60.55","77","79","57","43","62","38","78","22","86","14","","Karen Birdsall (Head of HR & Business Support)","250 to 499","ENERGY ASSETS LIMITED","False","2025/04/05 00:00:00","2024/07/11 13:07:35"
"ENERGY COMPARE LIMITED","15357","The Old Mill Blisworth Hill Farm, Stoke Road, Blisworth, Northampton, Northants, United Kingdom, NN7 3DB","NN7 3DB","08445039","82200","2","-1","4","2","7","7","45","55","47","53","51","49","55","45","","Nikki Welsh (Director of Group HR)","250 to 499","ENERGY COMPARE LIMITED","False","2025/04/05 00:00:00","2024/12/11 16:39:04"
"ENGLISH PROVENDER COMPANY LIMITED","4633","Cunard Building, Liverpool, L3 1EL","L3 1EL","02593588","10840","6.27","2.01","-25.94","-39.13","91","89","56","44","71","29","72","28","68","32","https://www.englishprovendercorporate.com/media/1188/gender-pay-gap-2024.pdf","Hannah Sheldon (Head of People)","500 to 999","ENGLISH PROVENDER COMPANY LIMITED","False","2025/04/05 00:00:00","2025/01/06 16:33:01"
"EPI GENESYS LIMITED","16623","Cathedral Court, 1 Vicar Lane, Sheffield, England, S1 2LT","S1 2LT","06388971","62012,
62090","1.9","4.0","","","0.0","0.0","75.0","25.0","50.0","50.0","100.0","0.0","33.3","66.7","https://www.epigenesys.org.uk/gender-pay-gap","Christopher Murray (Managing Director)","Less than 250","EPI GENESYS LIMITED","False","2025/04/05 00:00:00","2024/04/12 13:47:00"
"EQUINITI FINANCIAL SERVICES LIMITED","18821","Aspect House, Spencer Road, Lancing, West Sussex, BN99 6DA","BN99 6DA","06208699","64205","26.49","10.48","49.24","67.48","28.05","11.76","36.96","63.04","45.65","54.35","30.43","69.57","66.67","33.33","","Andrew Stephenson (Chief People Officer)","Less than 250","EQUINITI FINANCIAL SERVICES LIMITED","False","2025/04/05 00:00:00","2025/01/16 09:23:05"
"EQUINITI LIMITED","4679","Aspect House, Spencer Road, Lancing, West Sussex, BN99 6DA","BN99 6DA","06226088","82990","26.62","26.78","50.52","37.42","20.08","17.65","39.1","60.9","34.59","65.41","53.38","46.62","71.97","28.03","","Andrew Stephenson (Chief People Officer)","500 to 999","EQUINITI LIMITED","False","2025/04/05 00:00:00","2025/01/16 09:28:39"
"EQUINITI SERVICES LIMITED","15948","Highdown House, Yeoman Way, Worthing, West Sussex, United Kingdom, BN99 3HH","BN99 3HH","00756582","64209","24.62","28.88","70.65","51.79","16.67","14.17","35.58","64.42","44.32","55.68","59.03","40.97","66.49","33.51","","Andrew Stephenson (Chief People Officer)","1000 to 4999","EQUINITI SERVICES LIMITED","False","2025/04/05 00:00:00","2025/01/16 09:33:39"
"ERIKS INDUSTRIAL SERVICES LIMITED","4692","Eriks, Seven Stars Road, Oldbury, West Midlands, United Kingdom, B69 4JR","B69 4JR","03142338","28150,
33140,
46690","15.8","20.2","12.1","25.3","27.7","24.1","61","39","65.7","34.3","86.2","13.8","85.0","15.0","","Diane Hopkins (Payroll Manager)","1000 to 4999","ERIKS INDUSTRIAL SERVICES LIMITED","False","2025/04/05 00:00:00","2024/07/01 09:01:01"
"ESLAND NORTH LIMITED","20761","Suites 1 & 5 Riverside Business Centre Foundry Lane, Milford, Belper, Derbyshire, England, DE56 0RN","DE56 0RN","04181878","87900","5.98","3.24","6.07","-33.33","11","9","25","75","27","73","33","67","30","70","","Steve Jeffers (CPO)","500 to 999","ESLAND NORTH LIMITED","False","2025/04/05 00:00:00","2024/05/06 07:36:50"
"ESPRESSO PLUS LIMITED","23497","Priory House Unit C, Gildersome Spur Ind Est, Leeds, LS27 7JZ","LS27 7JZ","04409416","99999","27.08","13.79","100","100","15","0","12.5","87.5","42.86","57.14","100","0","75","25","","Sue Rainford (Payroll Administrator)","Less than 250","ESPRESSO PLUS LIMITED","False","2025/04/05 00:00:00","2025/01/07 10:12:26"
"ESSENTRA COMPONENTS LIMITED","4728","Langford Locks, Kidlington, Oxford, England, OX5 1HX","OX5 1HX","00547495","22290","8.3","-1.1","16.5","4.2","89","90","64","36","72","28","66","34","68","32","","Stephanie Jenkins (Reward Director)","250 to 499","ESSENTRA COMPONENTS LIMITED","False","2025/04/05 00:00:00","2024/05/29 09:06:20"
"ESSITY UK LIMITED","10884","Southfields Road, Dunstable, Bedfordshire, LU6 3EJ","LU6 3EJ","03226403","17120,
17220","-18.71","-19.92","-58.58","-73.30","97.13","95.89","60.80","39.20","77.15","22.85","79.07","20.93","18.21","81.79","https://www.essity.com/Images/2024%20pay%20gap%20report_tcm339-208009.pdf","Katie Hilton (C&B Manager)","1000 to 4999","ESSITY UK LIMITED","False","2025/04/05 00:00:00","2024/12/17 08:45:46"
"ESURE SERVICES LIMITED","4746","The Observatory, Reigate, Surrey, RH2 0SG","RH2 0SG","02135610","64999,
82990","26.4","25","46.2","25.1","97.1","99.6","44.5","55.5","47.1","52.9","58.1","41.9","72","28","https://www.esuregroup.com/media/0pqpbfti/esure-gender-pay-gap-report-2024-web.pdf","Caroline Smith (Chief People Officer)","1000 to 4999","ESURE SERVICES LIMITED","False","2025/04/05 00:00:00","2025/01/17 15:23:42"
"EVER BRITE CLEANING SERVICES LIMITED","17822","Unit J Merlin Centre, Gatehouse Close, Aylesbury, Buckinghamshire, England, HP19 8DP","HP19 8DP","01307015","81210","1.33","1.44","","","0","0","24.88","75.12","27.70","72.30","35.68","64.32","30.99","69.01","https://everbritecleaning.co.uk/gender-pay-gap-report/","Avi Levison (Director)","500 to 999","EVER BRITE CLEANING SERVICES LIMITED","False","2025/04/05 00:00:00","2025/01/02 09:11:25"
"EVOLVE FACILITY SERVICES LIMITED","4810","2 Estuary Boulevard, Estuary Commerce Park, Speke, Liverpool, Merseyside, L24 8RF","L24 8RF","07101080","43999","10.1","19.3","-166.8","0","15.5","6.7","66","34","92","8","94","6","93","7","","Neil O'Halloran (Managing Director)","500 to 999","EVOLVE FACILITY SERVICES LIMITED","False","2025/04/05 00:00:00","2024/12/16 09:42:15"
"EXACT MORTGAGE EXPERTS LIMITED","4816","2 Charter Court, Broadlands, Wolverhampton, West Midlands, WV10 6TD","WV10 6TD","06749563","82990","20","12.5","38.9","21.4","100","100","24.7","75.3","34.4","65.6","45.2","54.8","52.7","47.3","https://www.osb.co.uk/sustainability/our-colleagues","Orlagh Hunt (Chief People Officer)","250 to 499","EXACT MORTGAGE EXPERTS LIMITED","False","2025/04/05 00:00:00","2024/11/27 13:14:46"
"EXCALIBUR ACADEMIES TRUST","4818","St John's Marlborough, Granham Hill, Marlborough, Wiltshire, SN8 4AX","SN8 4AX","08146633","85200,
85310,
85590","18.1","42.3","","","0","0","12.8","87.2","21.4","78.6","25.5","74.5","32.6","67.4","","","1000 to 4999","EXCALIBUR ACADEMIES TRUST","False","2025/03/31 00:00:00","2025/01/09 15:16:43"
"EXCEED CONTRACTING LIMITED","18360","Studio 3 Bridge Street Studios, 62 Bridge Street, Manchester, United Kingdom, M3 3BW","M3 3BW","08684204","82990","-7.41","-29.33","-0.71","-30.64","97.73","99.29","68.12","31.88","52.68","47.32","29.29","70.71","57.91","42.09","https://exceedoutsourcing.co.uk/gender-pay-gap-reports/","Barry Mellor (Director)","1000 to 4999","EXCEED CONTRACTING LIMITED","False","2025/04/05 00:00:00","2024/04/23 12:57:53"
"EXCEED LEARNING PARTNERSHIP","20079","Hill Top Academy Edlington Lane, Edlington, Doncaster, England, DN12 1PL","DN12 1PL","10660150","85200,
85310","23.86","44.77","","","0","0","3","97","6","94","24","76","32","68","https://exceedlp.org.uk/key-information-and-finances/","Beryce Nixon (Chief Executive Officer)","500 to 999","EXCEED LEARNING PARTNERSHIP","False","2025/04/05 00:00:00","2024/10/19 17:54:16"
"EXCEED PEO LIMITED","21478","Studio 3 Bridge Street Studios, 62 Bridge Street, Manchester, United Kingdom, M3 3BW","M3 3BW","12149480","82990","77.36","60.57","72.53","68.76","95.28","95.83","6.25","93.75","0","100","9.38","90.62","56.25","43.75","https://exceedoutsourcing.co.uk/gender-pay-gap-reports/","Barry Mellor (Director)","250 to 499","EXCEED PEO LIMITED","False","2025/04/05 00:00:00","2024/04/23 14:55:11"
"EXPRESSO PLUS LIMITED","23494","Priory House, Gildersome Spur Ind Est, Leeds, England, LS27 7JZ","LS27 7JZ","11384900","47990","-67.37","-71.21","","","0","0","100","0","50","50","66.67","33.33","33.33","66.67","","Sue Rainford (Payroll Administrator)","Less than 250","EXPRESSO PLUS LIMITED","False","2025/04/05 00:00:00","2025/01/07 09:39:30"
"EXTRA PERSONNEL AUTOMOTIVE LIMITED","15055","12 New Fetter Lane, London, England, EC4A 1JP","EC4A 1JP","08586759","78200","-2","0","-2.8","0","38.1","60.7","100","0","100","0","100","0","80","20","https://www.jobandtalent.co.uk/legal/policies-and-disclosures","Joanna Komanowska (Compliance Manager)","Less than 250","EXTRA PERSONNEL AUTOMOTIVE LIMITED","False","2025/04/05 00:00:00","2024/12/23 11:41:23"
"EXTRA PERSONNEL LIMITED","15053","12 New Fetter Lane, London, England, EC4A 1JP","EC4A 1JP","02692139","78200","8","3","44.2","71.8","50.2","38.7","65.6","34.4","69.4","30.6","83.2","16.8","88.7","11.3","https://www.jobandtalent.co.uk/legal/policies-and-disclosures","Joanna Komanowska (Compliance Manager)","1000 to 4999","EXTRA PERSONNEL LIMITED","False","2025/04/05 00:00:00","2024/12/23 11:43:45"
"EYNSHAM PARTNERSHIP ACADEMY","4861","Bartholomew School Witney Road, Eynsham, Witney, Oxfordshire, OX29 4AP","OX29 4AP","07939655","85200,
85310","23.27","47.41","","","0","0","24.32","75.68","8.78","91.22","18.24","81.76","30.41","69.59","","","500 to 999","EYNSHAM PARTNERSHIP ACADEMY","False","2025/03/31 00:00:00","2024/10/04 12:55:10"
"F.HINDS LIMITED","4875","24 Park Road, Uxbridge, Middlesex, UB8 1NH","UB8 1NH","00149328","47789","31.94","9.04","60.55","33.33","94.12","94.39","18.94","81.06","9.69","90.31","12.78","87.22","39.91","60.09","https://www.fhinds.co.uk/about-us/our-principles/statutory-reporting/gender-pay-gap","Stephen Cornwall (Finance Director)","1000 to 4999","F.HINDS LIMITED","False","2025/04/05 00:00:00","2024/04/10 14:30:20"
"FABULOUS FAN FAYRE LIMITED","17772","The Shed, Charbridge Lane, Bicester, Oxfordshire, England, OX26 4SS","OX26 4SS","08484482","56210","3.87","0","","","0","0","52.84","47.16","49.12","50.88","51.94","48.06","58.66","41.34","","Neil Worcester (Managing Director)","1000 to 4999","FABULOUS FAN FAYRE LIMITED","False","2025/04/05 00:00:00","2024/12/19 11:59:05"
"FAIRFAX MULTI ACADEMY TRUST","4894","Fairfax Multi Academy Trust, Fairfax Road, Sutton Coldfield, West Midlands, B75 7JT","B75 7JT","07661164","85200,
85310","16.4","21.72","","","0","0","30.28","69.72","18.35","81.65","27.52","72.48","34.86","65.14","https://fmat.co.uk/our-trust/financial-information-2/","","250 to 499","FAIRFAX MULTI ACADEMY TRUST","False","2025/03/31 00:00:00","2024/05/24 13:35:28"
"FALCON EDUCATION ACADEMIES TRUST","22799","C/O Investuk ( Group Limited(, 4 Cavendish Square, London, W1G 0PG","W1G 0PG","","","22.4","26","","","0","0","20","80","27.7","72.3","33.8","66.2","51.5","48.5","","","250 to 499","FALCON EDUCATION ACADEMIES TRUST","False","2025/03/31 00:00:00","2024/10/27 11:06:03"
"Fareham Borough Council","30","Civic Offices, Civic Way, Fareham, PO16 7AZ","PO16 7AZ","","1,
84110","-0.96","-1.37","","","0","0","73.21","26.79","39.29","60.71","46.43","53.57","56.25","43.75","","","250 to 499","Fareham Borough Council","False","2025/03/31 00:00:00","2024/07/29 10:20:27"
"Farnborough College of Technology","4918","Boundary Road, Farnborough, Hampshire, United Kingdom, GU14 6SB","GU14 6SB","","1,
85320","9.84","12.94","32.9","31.86","74.47","69.34","20.6","79.4","28.4","71.6","46.1","53.9","40.2","59.8","https://www.farn-ct.ac.uk/about-us/quality-assurance-and-governance/","","250 to 499","Farnborough College of Technology","False","2025/03/31 00:00:00","2024/12/23 15:26:17"
"FATHER HUDSON'S CARITAS","4927","St George's House Gerards Way, Off Coventry Road, Coleshill, Birmingham, B46 3FG","B46 3FG","01653388","87300,
88100,
88990,
94910","12.5","11.5","","","0","0","9.5","90.5","4.7","95.3","17.7","82.3","22.4","77.6","","Noel Stubbs (Financial Controller)","250 to 499","FATHER HUDSON'S CARITAS","False","2025/04/05 00:00:00","2024/12/04 12:48:43"
"FEDERATION OF JEWISH SERVICES","4947","Heathlands Drive, Prestwich, Manchester, M25 9SB","M25 9SB","05858766","87300","3.21","0.00","-78","-78","0.73","0.95","24","76","18","82","41","59","27","73","","Michele Godwin (Finance Manager)","250 to 499","FEDERATION OF JEWISH SERVICES","False","2025/04/05 00:00:00","2024/10/21 12:54:22"
"FINANCIAL OMBUDSMAN SERVICE LIMITED","4983","Exchange Tower, Harbour Exchange Square, London, E14 9SR","E14 9SR","03725015","94990","7.0","4.6","3.2","0.0","75.1","73.3","39.9","60.1","46.0","54.0","46.5","53.5","51.3","48.7","https://www.financial-ombudsman.org.uk/who-we-are/aims-values/pay-representation-data","Jane Cosgrove (Chief People Officer)","1000 to 4999","FINANCIAL OMBUDSMAN SERVICE LIMITED","False","2025/04/05 00:00:00","2024/12/11 12:21:27"
"FINDEL EDUCATION LIMITED","4984","Findel House, Gregory Street, Hyde, Cheshire, United Kingdom, SK14 4HR","SK14 4HR","01135827","47910","32.7","34.4","58.4","18.2","30","45","16","84","32","68","43","57","62","38","","Gary McDowell (HR Director)","250 to 499","FINDEL EDUCATION LIMITED","False","2025/04/05 00:00:00","2024/10/25 12:26:07"
"FITCH RATINGS LTD","16711","30 North Colonnade, London, E14 5GN","E14 5GN","01316230","64999","23.6","16.8","69.6","33.3","94.8","90.1","45","55","57","43","58","42","74","26","","Andy Jackson (Chief Human Resources Officer)","500 to 999","FITCH RATINGS LTD","False","2025/04/05 00:00:00","2024/10/02 14:23:03"
"FITZROY SUPPORT","5055","Fitzroy House, 8 Hylton Road, Petersfield, Hampshire, GU32 3JY","GU32 3JY","02699902","87900,
88100","-0.92","0","-10.93","0","70.62","75.53","22.28","77.72","18.91","81.09","29.02","70.98","21.56","78.44","https://fitzroy.org/publications/gender-pay-reporting/","Rebecca Dennis (HR Advisor)","1000 to 4999","FITZROY SUPPORT","False","2025/04/05 00:00:00","2024/07/15 09:01:49"
"FIVE RIVERS CHILD CARE LIMITED","5057","47 Bedwin Street, Salisbury, Wiltshire, SP1 3UT","SP1 3UT","04236028","86220,
87900,
88990","5.44","0.26","-7.14","-1.59","3.39","0.97","12.9","87.1","26.3","73.7","18.6","81.4","27.1","72.9","","Ben Wallage (Chief Operating Officer)","500 to 999","FIVE RIVERS CHILD CARE LIMITED","False","2025/04/05 00:00:00","2024/07/03 13:23:25"
"FLAGSHIP HOUSING GROUP LIMITED","364","1 Reynolds Court, Felixstowe, Suffolk, United Kingdom, IP11 2FN","IP11 2FN","IP031211","","1.75","-7.75","-2.48","0","51.77","60.63","48.04","51.96","75.53","24.47","49.29","50.71","58.01","41.99","","Lisa Colllen (Director of People & Culture)","1000 to 4999","FLAGSHIP HOUSING GROUP LIMITED","False","2025/04/05 00:00:00","2025/01/11 12:58:53"
"FOCUSED CONSULTING LIMITED","5108","Mansion House, Manchester Road, Altrincham, Cheshire, England, WA14 4RW","WA14 4RW","05261541","78200","33","33","","","0","0","51","49","43","57","57","43","78","22","https://focusedumbrella.co.uk/gender-pay-gap-report/","Andrew Cleal (CEO)","250 to 499","FOCUSED CONSULTING LIMITED","False","2025/04/05 00:00:00","2025/01/09 16:11:37"
"FOREST GARDEN LIMITED","5133","Unit 288 Hartlebury Trading Estate, Hartlebury, Kidderminster, Worcestershire, DY10 4JB","DY10 4JB","01771349","16100","10","18","59","96","96","91","59","41","86","14","94","6","89","11","","Emma Roberts (Group Head of HR)","500 to 999","FOREST GARDEN LIMITED","False","2025/04/05 00:00:00","2024/07/03 10:24:46"
"FORHOUSING LIMITED","16996","52 Regent Street, Salford, M30 0BP","M30 0BP","IP030483","","9.75","7.36","-25","-25","0.7","0.26","41.5","58.5","42.0","58.0","34.1","65.9","56.3","43.7","https://www.forhousing.co.uk/wp-content/uploads/2023/07/Gender-Pay-Gap-2024_ForHousing_R4.pdf","Nichola Hembury (Director of People)","500 to 999","FORHOUSING LIMITED","False","2025/04/05 00:00:00","2024/12/20 10:21:22"
"FORMULA ONE MANAGEMENT LIMITED","5143","No. 2 St. James's Market, London, United Kingdom, SW1Y 4AH","SW1Y 4AH","01545332","59113,
59133,
93199","19.9","18","31.4","24.4","89.6","85.5","47.2","52.8","65.4","34.6","66.7","33.3","68.7","31.3","","Adrienne Heeley (Director of HR)","500 to 999","FORMULA ONE MANAGEMENT LIMITED","False","2025/04/05 00:00:00","2025/01/06 12:41:48"
"FOSTER CARE ASSOCIATES LIMITED","5168","Malvern View Saxon Business Park, Hanbury Road Stoke Prior, Bromsgrove, Worcestershire, B60 4AD","B60 4AD","04322806","87900,
88990","16","7","21","63","10.7","6.1","7","93","8","92","10","90","14","86","https://www.thefca.co.uk/","Jessica Chadwick (Chief People Officer)","250 to 499","FOSTER CARE ASSOCIATES LIMITED","False","2025/04/05 00:00:00","2025/01/09 15:08:18"
"FOURFRONT GROUP LIMITED","5181","Windsor Two, Arthur Road, Windsor, England, SL4 1RS","SL4 1RS","05733761","64209","35","38","62","77","90","83","23","77","66","34","86","14","82","18","https://cdn2.assets-servd.host/ar-ea/production/uploads/files/GPG-April-Report-2023-2024-V2.pdf","Gary Chandler (CEO)","Less than 250","FOURFRONT GROUP LIMITED","False","2025/04/05 00:00:00","2024/07/18 09:24:25"
"FRANK G. GATES LIMITED","5194","Gates Corner, Edinburgh Way, Harlow, Essex, England, CM20 2EG","CM20 2EG","00245843","45111,
45112,
45200,
45320","31.72","32.24","51.32","47.90","73.55","63.16","70.15","29.85","69.70","30.30","89.39","10.61","93.94","6.06","","David Edwards (Group Accountant)","250 to 499","FRANK G. GATES LIMITED","False","2025/04/05 00:00:00","2024/10/03 14:53:22"
"FRASER CAPITAL MANAGEMENT LIMITED","5199","Woodlands, Wellpond Green, Standon, Herts, SG11 1NN","SG11 1NN","05049317","93290","0.5","5.2","5","2","7.93","7.11","25","75","28.2","71.8","31.4","68.6","56.4","43.6","","Michael Pearson (Financial Controller)","500 to 999","FRASER CAPITAL MANAGEMENT LIMITED","False","2025/04/05 00:00:00","2025/01/04 17:11:41"
"FRED CHAMPION GROUNDWORKS LIMITED","16621","Doublebois Industrial Estate, Doublebois, Liskeard, Cornwall, PL14 6LE","PL14 6LE","03200045","43120","10","-15","-15","-400","31","93","91","9","97","3","98","2","96","4","","Jamie Roberts (Managing Director)","250 to 499","FRED CHAMPION GROUNDWORKS LIMITED","False","2025/04/05 00:00:00","2024/07/18 10:11:57"
"FRESHCUT FOODS LIMITED","18557","14-16 Lilac Grove, Beeston, Nottingham, England, NG9 1PF","NG9 1PF","04584241","10850","0","0","","","0","0","62","38","62","38","62","38","50","50","http://www.freshcutfoods.co.uk","Deborah Brown (Head of People)","250 to 499","FRESHCUT FOODS LIMITED","False","2025/04/05 00:00:00","2024/06/11 12:48:47"
"FUJIFILM HEALTHCARE UK LIMITED","23557","Fujifilm House, Whitbread Way, Bedford, Bedfordshire, England, MK42 0ZE","MK42 0ZE","03218117","47749","20","28","52","47","74","66","39","61","79","21","85","15","79","21","","Allan Elborn (Managing Director)","Less than 250","FUJIFILM HEALTHCARE UK LIMITED","False","2025/04/05 00:00:00","2025/01/10 12:39:41"
"FUJIFILM UK LIMITED","5272","Fujifilm House, Whitbread Way, Bedford, Bedfordshire, England, MK42 0ZE","MK42 0ZE","01264514","46439,
46690,
46760","27","25","38","26","89","86","50","50","49","51","75","25","81","19","","Tsutomu Watanabe (Managing Director)","Less than 250","FUJIFILM UK LIMITED","False","2025/04/05 00:00:00","2025/01/10 11:11:40"
"FUTABA MANUFACTURING U.K. LIMITED","23485","Futaba Manufacturing Uk Ltd, Liverpool Road, Burnley, England, BB12 6HJ","BB12 6HJ","04070975","29320","-9.4","-0.1","-5.1","-21.2","5.1","12.5","88.4","11.6","84.1","15.9","84.1","15.9","85.7","14.3","","Emily Heeney (HR Manager)","250 to 499","FUTABA MANUFACTURING U.K. LIMITED","False","2025/04/05 00:00:00","2024/10/31 11:51:18"
"FUTAMURA CHEMICAL UK LIMITED","16878","Station Road, Wigton, Cumbria, CA7 9BG","CA7 9BG","10042418","32990","7.8","17.13","-61.2","-30.4","100","100","60.1","39.9","93","7","93","7","83","17","","Adrian Cave (Managing Director)","250 to 499","FUTAMURA CHEMICAL UK LIMITED","False","2025/04/05 00:00:00","2024/11/20 14:34:54"
"Fylde Borough Council","5308","Town Hall, Lytham St Annes, Lancashire, United Kingdom, FY8 1LW","FY8 1LW","","1,
84110","-3.25","-13.11","","","0","0","82.09","17.91","57.58","42.42","48.48","51.52","62.12","37.88","","","250 to 499","Fylde Borough Council","False","2025/03/31 00:00:00","2025/01/10 09:45:07"
"GAFOOR PURE HALAL LTD","16339","5 Fletcher Road, Preston, Lancashire, England, PR1 5AJ","PR1 5AJ","07876663","10120,
10130","0.8","0.6","","","0","0","62.4","37.6","75.2","24.8","75.2","24.8","86.2","13.8","","Maksud Patel (Operations Director)","250 to 499","GAFOOR PURE HALAL LTD","False","2025/04/05 00:00:00","2024/04/09 15:40:31"
"Galileo Multi Academy Trust","20180","Galileo Multi Academy Trust, The Innovation Centre, Vienna Court, Kirkleatham Business Park, Redcar, TS10 5SH","TS10 5SH","","","20.14","30.50","","","0","0","5.88","94.12","7.84","92.16","10.78","89.22","12.87","87.13","https://www.galileotrust.co.uk/key-information/legal-documents-policies/","","250 to 499","Galileo Multi Academy Trust","False","2025/03/31 00:00:00","2024/08/22 12:24:37"
"GAMES WORKSHOP LIMITED","5372","Willow Road, Lenton, Nottingham, Nottinghamshire, NG7 2WS","NG7 2WS","01467092","32409","12.7","5.7","7.8","0","96","95","71","29","69","31","71","29","83","17","https://drive.google.com/file/d/1tldIv7ijoHlVtKnkV4IHQnCJ8PJYpbY0/view?usp=drive_link","Elizabeth Harrison (Group Finance Director)","1000 to 4999","GAMES WORKSHOP LIMITED","False","2025/04/05 00:00:00","2025/01/09 10:49:45"
"GASWAY SERVICES LIMITED","19359","31 King Street, Norwich, Norfolk, England, NR1 1PD","NR1 1PD","04158628","43220","24.7","-34.4","-20.7","0","33.3","64.4","60.8","39.2","87.3","12.7","97.5","2.5","97.5","2.5","","Lisa Collen (Director of People & Culture)","250 to 499","GASWAY SERVICES LIMITED","False","2025/04/05 00:00:00","2025/01/11 13:07:09"
"GATEWAY LEARNING COMMUNITY","5403","The Gateway Academy, Marshfoot Road, Grays, Essex, RM16 4LU","RM16 4LU","05853746","85200,
85310","21.8","20.1","-11.8","0","7","6","6.8","93.2","11.8","88.2","10.8","89.2","20.6","79.4","https://www.theglc.org.uk/_site/data/files/documents/2024-2025/0FA151C13CAB03A15196DF5580278589.pdf","","250 to 499","GATEWAY LEARNING COMMUNITY","False","2025/03/31 00:00:00","2024/11/04 12:00:18"
"GATWICK AIRPORT LIMITED","5405","5th Floor, Destinations Place, Gatwick Airport, Gatwick, West Sussex, RH6 0NP","RH6 0NP","01991018","52290","15.4","11.6","73","27.4","99.4","99.3","51.9","48.1","54.7","45.3","69.3","30.7","76.7500","23.2500","https://www.gatwickairport.com/on/demandware.static/-/Sites-Gatwick-Library/default/dw63492e8d/images/Corporate-PDFs/Other-Reports/Pay%20Gap%20Report%20Document%20-%20FINALNOV24.pdf","David Conway (HR Director)","1000 to 4999","GATWICK AIRPORT LIMITED","False","2025/04/05 00:00:00","2024/11/28 10:47:00"
"Gedling Borough Council","5425","Civic Centre, Arnot Hill Park, Arnold, Nottingham, Nottinghamshire, United Kingdom, NG5 6LU","NG5 6LU","","1,
84110","4.1","1.6","","","0","0","37.7","62.3","50.7","49.3","47.5","52.5","51.5","48.5","https://www.gedling.gov.uk/council/aboutus/financeandaccounts/opendata/genderpaygapdata/","","250 to 499","Gedling Borough Council","False","2025/03/31 00:00:00","2024/08/07 17:11:55"
"GEODIS CONTRACT LOGISTICS UNITED KINGDOM LIMITED","22466","3 Newmans Row, Lincolns Inn, Lincoln Road, Cressex Business Park, High Wycombe, United Kingdom, HP12 3RE","HP12 3RE","12744168","49410,
50200,
52103,
52219","2.36","11.67","41.14","-77.78","17","23","48.4","51.6","36.7","63.3","87.5","12.5","72.7","27.3","","Pauline Whiteman (Head of HR)","500 to 999","GEODIS CONTRACT LOGISTICS UNITED KINGDOM LIMITED","False","2025/04/05 00:00:00","2024/12/11 12:50:25"
"George Eliot Hospital Nhs Trust","5468","Eliot Way, Nuneaton, Warwickshire, CV10 7DJ","CV10 7DJ","","1,
86210","36.76","20.48","15.70","0.00","12.29","0.91","15.61","84.39","14.36","85.64","16.02","83.98","33.20","66.80","","","1000 to 4999","George Eliot Hospital Nhs Trust","False","2025/03/31 00:00:00","2024/10/17 08:51:23"
"GERALD EVE LLP","5473","One Fitzroy, 6 Mortimer Street, London, England, W1T 3JJ","W1T 3JJ","OC339470","","42.4","37.3","68","73.3","83.6","82.9","33.8","66.2","44.1","55.9","49.3","50.7","83.1","16.9","https://www.geraldeve.com/wp-content/uploads/2024/11/Impact-Report-2024_FINAL.pdf","Simon Rees (Managing Partner)","500 to 999","GERALD EVE LLP","False","2025/04/05 00:00:00","2024/12/23 10:34:14"
"GIP LIMITED","21402","Citygate, Saint James Boulevard, Newcastle Upon Tyne, NE1 4JE","NE1 4JE","00884274","68209","3.3","0.4","25.6","-8.1","84.0","73.2","36.8","63.2","26.3","73.7","21.1","78.9","50","50","","Helen Gordon (CEO)","Less than 250","GIP LIMITED","False","2025/04/05 00:00:00","2024/12/17 16:51:11"
"GLASSWELLS LIMITED","5526","Glasswells, Newmarket Road, Bury St Edmunds, Suffolk, Ip33 3tu, United Kingdom, IP33 3TU","IP33 3TU","00602166","47530,
47599,
52103","20.1","14.6","79","66.1","98.8","93.6","26.3","73.7","26.3","73.7","56.1","43.9","64.9","35.1","","Paul Glasswell (Managing Director)","250 to 499","GLASSWELLS LIMITED","False","2025/04/05 00:00:00","2024/11/21 13:52:44"
"GLEESON DEVELOPMENTS LIMITED","5538","6 Europa Court, Sheffield Business Park, Sheffield, S9 1XE","S9 1XE","00848808","41202","18.3","7.6","-70.6","-100.8","75.6","74.9","65","35","65","35","56","44","87","13","https://www.mjgleesonplc.com/media/mrydscki/1-7-ah-gpg-2024.pdf","Graham Prothero (Chief Executive Officer)","500 to 999","GLEESON DEVELOPMENTS LIMITED","False","2025/04/05 00:00:00","2024/12/09 11:28:47"
"GLOBAL EXPERIENCE SPECIALISTS (GES) LIMITED","5559","Block A Exhibition Way, The Nec, Birmingham, United Kingdom, B40 1PA","B40 1PA","02930892","82990","23.54","17.39","52.7","16.67","75.6","72.2","31.78","68.22","44.44","55.56","56.48","43.52","60.19","39.81","https://insights.ges.com/i/1417331-gender-pay-gap-report/0?","Katrina Rowbury (HR Director EMEA)","250 to 499","GLOBAL EXPERIENCE SPECIALISTS (GES) LIMITED","False","2025/04/05 00:00:00","2024/04/05 09:08:43"
"Gloucestershire Constabulary","5577","1 Waterwells Drive, Quedgeley, Gloucester, Gloucestershire, United Kingdom, GL2 2AN","GL2 2AN","","1,
84110,
84240","10.38","19.89","13.16","9.42","7.78","8.16","52","48","67","33","50","50","100","0","","","1000 to 4999","Gloucestershire Constabulary","False","2025/03/31 00:00:00","2024/10/07 15:07:12"
"Gosforth Federated Academies Limited","17220","Knightsbridge, Great North Road, Newcastle upon Tyne, NE3 2JH","NE3 2JH","","1","12.87","14.90","","","0","0","22.49","77.51","38.46","61.54","31.95","68.05","41.42","58.58","","","500 to 999","Gosforth Federated Academies Limited","False","2025/03/31 00:00:00","2024/10/09 13:46:33"
"GRAINGER EMPLOYEES LIMITED","5654","Citygate, St James Boulevard, Newcastle Upon Tyne, Tyne & Wear, NE1 4JE","NE1 4JE","05019636","41100,
68209","27.0","19.2","45.2","40.0","91.4","93.5","34.8","65.2","36.2","63.8","50.7","49.3","57.4","42.6","","Helen Gordon (CEO)","250 to 499","GRAINGER EMPLOYEES LIMITED","False","2025/04/05 00:00:00","2024/12/17 16:46:46"
"GRAND UNION HOUSING GROUP LIMITED","18750","Derwent House, University Way, Cranfield, MK43 0AZ","MK43 0AZ","RS007853","","-1.56","-3.48","","","0","0","42.3","57.7","57.7","42.3","38.1","61.9","53.6","46.4","","Ian Warren (Director of People Services)","250 to 499","GRAND UNION HOUSING GROUP LIMITED","False","2025/04/05 00:00:00","2024/12/12 10:01:20"
"GRAY & ADAMS HOLDINGS LIMITED","5679","South Road, South Road, Fraserburgh, Aberdeenshire, Scotland, AB43 9HU","AB43 9HU","SC369620","29202","-36.3","10.4","19.2","0","85.5","82.1","82.7","17.3","94.6","5.4","94.1","5.9","92.4","7.6","https://www.gray-adams.com/wp-content/uploads/2024/12/Gender-Pay-Gap-April-24-Fraserburgh-and-Holdings.pdf","Andrew Sutherland (Group Financial Director)","500 to 999","GRAY & ADAMS HOLDINGS LIMITED","False","2025/04/05 00:00:00","2024/12/06 14:09:12"
"GRAY & ADAMS LIMITED","5680","Gray & Adams, South Road, Fraserburgh, Scotland, AB43 9HU","AB43 9HU","SC047482","29202","-49.9","14.0","12.2","-103.4","85.2","83.3","78.4","21.6","96.0","4.0","95.2","4.8","92.0","8.0","https://www.gray-adams.com/wp-content/uploads/2024/12/Gender-Pay-Gap-April-24-Fraserburgh-and-Holdings.pdf","Andrew Sutherland (Group Financial Director)","500 to 999","GRAY & ADAMS LIMITED","False","2025/04/05 00:00:00","2024/12/06 14:12:45"
"GREAT ORMOND STREET HOSPITAL CHILDREN'S CHARITY","16271","40 Bernard Street, 2nd Floor, London, England, WC1N 1LE","WC1N 1LE","09338724","86900","15.4","14.3","","","0","0","15","85","22","78","19","81","38","62","https://www.gosh.org/about-us/equality-diversity-and-inclusion-edi-strategy/gender-pay-gap-reports/","Tamsin Giles (Deputy Director People and Culture)","250 to 499","GREAT ORMOND STREET HOSPITAL CHILDREN'S CHARITY","False","2025/04/05 00:00:00","2024/08/01 14:57:51"
"GREEN DESTINATIONS LTD","23352","386 Park Road, Hockley, Birmingham, West Midlands, England, B18 5ST","B18 5ST","08022705","49390","-0.6","0","","","0","0","8.9","91.1","7.3","92.7","7.3","92.7","9.5","90.5","","Jameel Malik (Director)","500 to 999","GREEN DESTINATIONS LTD","False","2025/04/05 00:00:00","2024/07/01 13:25:52"
"GREENHEART LEARNING PARTNERSHIP","4494","Unit 7 Newlands Court, Attwood Road, Burntwood, Staffordshire, England, WS7 3GF","WS7 3GF","08255492","85200","95.9","0.10","","","0","0","5.88","94.12","4.95","95.05","13.86","86.14","20.00","80.00","","","500 to 999","GREENHEART LEARNING PARTNERSHIP","False","2025/03/31 00:00:00","2024/04/01 11:12:51"
"GREENVALE AP LIMITED","125","Greenvale Ap Limited Floods Ferry Road, Doddington, March, England, PE15 0UW","PE15 0UW","03163230","1130,
1630,
10310","6.9","1.7","69","-400","13","5.2","78","22","62","38","70","30","72","28","https://www.greenvale.co.uk/wp-content/uploads/2024/08/GVAP-GPG-Report-2024.pdf","Andrew Ferguson (HR Director)","250 to 499","GREENVALE AP LIMITED","False","2025/04/05 00:00:00","2024/12/18 08:57:56"
"GREENWOOD & COOPE LIMITED","5720","Brookhouse Mill, Greenmount, Bury, BL8 4HR","BL8 4HR","00200956","13939","5.28","-1","28.39","-21.1","100","100","76.5","23.5","91.4","8.6","74.1","25.9","88.9","11.1","","Iain Booth (Finance Director)","250 to 499","GREENWOOD & COOPE LIMITED","False","2025/04/05 00:00:00","2024/04/05 15:03:41"
"GREENWOOD ACADEMIES TRUST","5721","Greenwood House Colwick Quays Business Park, Private Road No 2, Colwick, Nottingham, NG4 2JY","NG4 2JY","06864339","85200,
85310","26.66","43.01","","","0","0","4.14","95.86","14.98","85.02","20.58","79.42","27.77","72.23","","","1000 to 4999","GREENWOOD ACADEMIES TRUST","False","2025/03/31 00:00:00","2024/12/12 11:25:08"
"GREGORY PARK HOLDING LIMITED","5729","Connect House, 133-137 Alexandra Road, London, England, SW19 7JY","SW19 7JY","05124555","55100","8.8","6.9","44.1","-83.5","30.9","35.3","44","56","57","43","56","44","66","34","https://www.fourseasons.com","Hanani Welldon (Director of People and Culture)","250 to 499","GREGORY PARK HOLDING LIMITED","False","2025/04/05 00:00:00","2025/01/14 13:52:14"
"GRUNDFOS PUMPS LIMITED","18906","Grovebury Road, Leighton Buzzard, Bedfordshire, LU7 4TL","LU7 4TL","00805960","28131","19","22","30","20","99","99","39","61","79","21","83","17","76","24","","Catherine Attwell (Head of Country HR & Plants - UK&I)","250 to 499","GRUNDFOS PUMPS LIMITED","False","2025/04/05 00:00:00","2024/05/07 10:10:19"
"GRUPO BIMBO UK LIMITED","8899","Swinton Meadows Industrial, Estate Swinton, Rotherham, South Yorkshire, S64 8AB","S64 8AB","04571039","10710","6","5","0.9","3.4","66","34","63","37","61","39","71","29","67","33","","Michelle Bower (Payroll administrator)","500 to 999","GRUPO BIMBO UK LIMITED","False","2025/04/05 00:00:00","2024/07/04 13:01:06"
"GUIDE DOGS FOR THE BLIND ASSOCIATION(THE)","5784","Hillfields, Reading Road Burghfield Common, Reading, RG7 3YG","RG7 3YG","00291646","96090","11.82","10.31","","","0","0","13.28","86.72","15.21","84.79","17.13","82.87","27.83","72.17","https://www.guidedogs.org.uk/about-us/finance-governance/","Andrew Lennox (CEO)","1000 to 4999","GUIDE DOGS FOR THE BLIND ASSOCIATION(THE)","False","2025/04/05 00:00:00","2024/12/12 16:23:02"
"GUSTO RESTAURANTS LIMITED","5798","81 King Street, Knutsford, England, WA16 6DX","WA16 6DX","02177931","56101","8.13","0","18.80","50","13","9","47","53","61","39","60","40","78","22","https://gustorestaurants.com/corporate-statements/","Kyle Basnett (Talent Manager)","500 to 999","GUSTO RESTAURANTS LIMITED","False","2025/04/05 00:00:00","2024/07/09 08:28:35"
"H M Government Cabinet Office","5816","The White Chapel Building, London, London, E1 8QS","E1 8QS","","1,
84110","8.8","18.4","28.0","11.7","50.6","53.4","45.1","54.9","44.8","55.2","45.3","54.7","60.0","40.0","https://www.gov.uk/government/publications/cabinet-office-gender-pay-gap-report-2024/cabinet-office-gender-pay-gap-report-2024-html","","5000 to 19,999","H M Government Cabinet Office","False","2025/03/31 00:00:00","2024/12/18 08:20:51"
"HADRIAN LEARNING TRUST","14538","Queen Elizabeth High School, Whetstone Bridge Road, Hexham, Northumberland, United Kingdom, NE46 3JB","NE46 3JB","10299446","85200,
85310","19","12.3","","","0","0","24.7","75.3","27.2","72.8","28.4","71.6","40","60","","","250 to 499","HADRIAN LEARNING TRUST","False","2025/03/31 00:00:00","2024/04/30 13:20:00"
"HAIER SMART HOME UK & I LTD","6293","302 Bridgewater Place, Birchwood, Warrington, England, WA3 6XG","WA3 6XG","02521528","27510,
46439","18.4","19.2","39.7","96.6","96.4","90.5","47.6","52.4","74.1","25.9","85.7","14.3","73.5","26.5","https://cms.hoover-home.com/documents/d/global/gpg-2024","Matthew Given (UK Group Director, Human Resources)","500 to 999","HAIER SMART HOME UK & I LTD","False","2025/04/05 00:00:00","2024/08/10 10:11:17"
"HALA LIMITED","5863","Hala House, 12-16 York Road, Maidenhead, Berkshire, England, SL6 1SF","SL6 1SF","03068625","56103","-3.4","0","4","-2","18","35","67","33","82","18","73","27","74","26","https://hellodominos.co.uk/","Saneeta Jalaf (HR Manager)","1000 to 4999","HALA LIMITED","False","2025/04/05 00:00:00","2024/09/25 13:37:42"
"HALO LEISURE SERVICES LIMITED","5891","Halo Support Centre, Lion Yard Broad Street, Leominster, Herefordshire, HR6 8BT","HR6 8BT","04335715","93110","-5","-5","","","0","0","42.78","57.22","50","50","28.17","71.83","29.65","70.35","https://haloleisure.org.uk/","Sara Gosling (People Director)","500 to 999","HALO LEISURE SERVICES LIMITED","False","2025/04/05 00:00:00","2024/07/01 13:12:49"
"HALTON HOUSING","19179","Waterfront Point, Warrington Road, Widnes, WA8 0TD","WA8 0TD","RS007744","","0.1","-5","0","0.6","75.9","85","53.8","46.2","53.4","46.6","53.8","46.2","53.2","46.8","http://www.haltonhousing.co.uk/about-us/our-performance/our-reports","Tracy Fairclough (Head of HR)","250 to 499","HALTON HOUSING","False","2025/04/05 00:00:00","2024/08/15 11:55:35"
"HARGREAVES INDUSTRIAL SERVICES LIMITED","5938","Hargreaves Services Plc, West Terrace, Esh Winning, Durham, DH7 9PT","DH7 9PT","02307132","70229,
78200","6.54","26.12","-10.62","-2.17","32.76","60.53","82.54","17.46","97.62","2.38","95.28","4.72","94.44","5.56","https://www.hsgplc.co.uk/responsibility/group-policies/
ESH WINNING INDUSTRIAL ESTATE
ESH WINNING","Beverley Roe (Payroll Manager)","500 to 999","HARGREAVES INDUSTRIAL SERVICES LIMITED","False","2025/04/05 00:00:00","2024/11/01 15:10:15"
"Harlow College","15331","Velizy Avenue, Harlow, United Kingdom, CM20 3EZ","CM20 3EZ","","1,
85310","4.13","11","","","0","0","30","70","34","66","35","65","52","48","https://www.harlow-college.ac.uk/images/harlow_college/about-us/policies/Gender_Pay_Gap_Statement_2024.pdf","","250 to 499","Harlow College","False","2025/03/31 00:00:00","2024/07/15 07:14:03"
"HARPER ADAMS UNIVERSITY","15961","Harper Adams University, Edgmond, Newport, Shropshire, TF10 8NB","TF10 8NB","08049710","85421,
85422,
85590","18.7","24.8","","","0","0","27.2","72.8","36.7","63.3","40.4","59.6","60.0","40.0","","","500 to 999","HARPER ADAMS UNIVERSITY","False","2025/03/31 00:00:00","2024/12/09 16:10:19"
"HARRIS FEDERATION","5953","4th Floor Norfolk House, Wellesley Road, Croydon, CR0 1LH","CR0 1LH","06228587","85590","16.3","17.8","27.33","0","64.87","66.72","19.07","80.93","25.56","74.44","34.59","65.41","38.99","61.01","https://www.harrisfederation.org.uk/39/policies-documents/category/22/equality-and-diversity","","1000 to 4999","HARRIS FEDERATION","False","2025/03/31 00:00:00","2024/12/16 19:48:56"
"Hartlepool College of Further Education","5974","Stockton Street, Hartlepool, Cleveland, United Kingdom, TS24 7NT","TS24 7NT","","1,
85320","23.11","40.91","","","0","0","23.08","76.92","38.10","61.9","54.29","45.71","50","50","","","250 to 499","Hartlepool College of Further Education","False","2025/03/31 00:00:00","2024/12/19 17:39:20"
"HARVEY & THOMPSON LIMITED","5982","Times House, Throwley Way, Sutton, Surrey, SM1 4AF","SM1 4AF","02636684","64999","20.09","9.95","40.73","13.64","92.94","97.39","14.42","85.58","19.82","80.18","29.17","70.83","45.22","54.78","https://handt.co.uk/cdn/shop/files/Gender_Pay_Report_2024.pdf?v=13103038527722348050","Christopher Gillespie (CEO)","1000 to 4999","HARVEY & THOMPSON LIMITED","False","2025/04/05 00:00:00","2024/08/01 13:33:12"
"HASKINS GROUP LIMITED","5987","Haskins, Head Office Building, Longham, Ferndown, Dorset, BH22 9DJ","BH22 9DJ","03901816","74990","14.8","0","0","0","3","1.8","34.2","65.8","35.6","64.4","35","65","46.3","53.7","https://www.haskins.co.uk/gender-pay-gap-2025/","Amy Denyer-Green (Director of People and Development)","500 to 999","HASKINS GROUP LIMITED","False","2025/04/05 00:00:00","2024/10/23 12:05:06"
"Hastings Borough Council","5990","Muriel Matters House, Breeds Place, Hastings, TN34 3UY","TN34 3UY","","1,
84110","0","-3","","","0","0","62","38","40","60","39","61","59","41","","","250 to 499","Hastings Borough Council","False","2025/03/31 00:00:00","2025/01/03 12:04:55"
"HATZFELD CARE LIMITED","23392","Unit 3 Trentside Business Village, Farndon Road, Newark, Nottinghamshire, NG24 4XB","NG24 4XB","04457635","87300,
96090","1.8","0.9","-10.7","-0.1","46.8","36.10","18.3","81.7","32.4","67.6","29.6","70.4","29.6","70.4","","Joanne Jones (Finance Director)","250 to 499","HATZFELD CARE LIMITED","False","2025/04/05 00:00:00","2024/06/06 11:52:00"
"HAYLEY GROUP LIMITED","6015","Shelah Road, Halesowen, West Midlands, B63 3XL","B63 3XL","01257303","46690,
71121,
71122","20.2","10.2","71.7","0","99","94.5","77.2","22.8","71.8","28.2","76.3","23.7","91.7","8.3","https://www.hayley-group.co.uk/","James Brinton (Financial Director)","500 to 999","HAYLEY GROUP LIMITED","False","2025/04/05 00:00:00","2024/06/19 07:49:52"
"HBOS PLC","6025","The Mound, Edinburgh, EH1 1YZ","EH1 1YZ","SC218813","64205","25.2","30.9","51","61.6","98.8","98.8","21.8","78.2","32.9","67.1","46.4","53.6","57.3","42.7","https://www.lloydsbankinggroup.com/assets/pdfs/who-we-are/responsible-business/downloads/2024/lbg-gender-ethnicity-pay-gap-report-2024.pdf","Sharon Doherty (Chief People & Places Officer)","5000 to 19,999","HBOS PLC","False","2025/04/05 00:00:00","2024/12/16 10:20:22"
"HCAT","19426","Hcat, Unit 7 Dodworth Business Park, Dodworth, Barnsley, England, S75 3SP","S75 3SP","08654591","85200","18.70","25.70","","","0","0","9","91","19","81","21","79","28","72","https://www.hcacademytrust.education/cms/wp-content/uploads/2024/04/HCAT-Gender-Pay-Report-to-March-2024.pdf","Victoria Harrison (Deputy CEO)","500 to 999","HCAT","False","2025/04/05 00:00:00","2024/12/12 08:46:03"
"Health Research Authority","18011","2 Redman Place, Stratford, London, E20 1JQ","E20 1JQ","","1,
84110","5.6","5.1","","","0","0","30.6","69.4","15.5","84.5","30","70","36.6","63.4","https://www.hra.nhs.uk/about-us/governance/equality-and-diversity/","","250 to 499","Health Research Authority","False","2025/03/31 00:00:00","2024/04/10 11:36:37"
"HEART OF MERCIA","19736","Hereford Sixth Form College, Folly Lane, Hereford, Herefordshire, United Kingdom, HR1 1LU","HR1 1LU","10499174","85410,
85590","19","45","","","0","0","19","81","22","78","35","65","36","64","","","1000 to 4999","HEART OF MERCIA","False","2025/03/31 00:00:00","2024/12/16 16:29:54"
"HENSHAWS SOCIETY FOR BLIND PEOPLE TRUSTEE LIMITED","15823","4a Washbrook House Lancastrian Office Centre, Talbot Road, Stretford, Manchester, England, M32 0FP","M32 0FP","08313313","87900","1.41","1.52","45","0","41","59","25","75","24","76","35","65","23","77","https://www.henshaws.org.uk/","Sally Daniels (CEO)","250 to 499","HENSHAWS SOCIETY FOR BLIND PEOPLE TRUSTEE LIMITED","False","2025/04/05 00:00:00","2025/01/14 16:08:16"
"HERON FOODS LIMITED","6121","The Vault Dakota Drive, Estuary Commerce Park, Speke, Liverpool, L24 8RJ","L24 8RJ","01392197","47110","18.8","2.5","42.3","55.6","24.9","4","38.4","61.6","21.8","78.2","27.1","72.9","54.5","45.5","","Tony Dobbs (Managing Director)","5000 to 19,999","HERON FOODS LIMITED","False","2025/04/05 00:00:00","2024/06/18 10:14:30"
"Hertfordshire and West Essex ICB","22944","Charter House, Parkway, Welwyn Garden City, Hertfordshire, AL8 6JL","AL8 6JL","","","20.16","2.94","","","0","0.13","22.82","77.18","24.51","75.49","23.35","76.65","39.73","60.27","https://www.hertsandwestessex.ics.nhs.uk/wp-content/uploads/2024/10/Hertfordshire-and-West-Essex-ICB-Annual-Workforce-Equality-Data-Report-2024.pdf","","500 to 999","Hertfordshire and West Essex ICB","False","2025/03/31 00:00:00","2024/12/11 12:59:00"
"HERTFORDSHIRE COMMUNITY MEALS LIMITED","19913","","","IP30206R","","-0.4","-0.3","21.0","42.9","35.3","64.7","30.6","69.4","42.9","57.1","32.1","67.9","32.1","67.9","https://hils-uk.org/our-journey/","Alison Taylor-Cox (Head of Finance)","250 to 499","HERTFORDSHIRE COMMUNITY MEALS LIMITED","False","2025/04/05 00:00:00","2024/12/23 10:29:58"
"HF HOLIDAYS LIMITED","17450","Unit 1, 1st Floor,  Imperial Place, Maxwell Road, Borehamwood, WD6 1JN","WD6 1JN","IP05713R","","-9.6","-10.8","21.79","31.5","18.44","18.26","56.7","43.3","65","35","40","60","32.2","67.8","","Paul Mitchell (Payroll & Benefits Manager)","250 to 499","HF HOLIDAYS LIMITED","False","2025/04/05 00:00:00","2024/12/05 17:08:39"
"HILL CARE 3 LIMITED","19159","91-97 Saltergate, Chesterfield, Derbyshire, S40 1LA","S40 1LA","07602678","87300","0.4","0.8","","","0","6.4","6.1","93.9","10.8","89.2","15.4","84.6","10.6","89.4","https://www.hillcare.net/gender-pay-gap-reports/","Ian Mitchell (Finance Director)","250 to 499","HILL CARE 3 LIMITED","False","2025/04/05 00:00:00","2024/04/05 19:07:15"
"Hinchley Wood Learning Partnership","21151","Hinchley Wood Learning Partnership, Claygate Lane, Hinchley Wood, Surrey, KT10 0AQ","KT10 0AQ","","","19.5","27.9","","","0","0","10","90","17","83","20","80","30","70","","","250 to 499","Hinchley Wood Learning Partnership","False","2025/03/31 00:00:00","2024/04/16 13:14:29"
"HISCOX UNDERWRITING GROUP SERVICES LIMITED","6217","22 Bishopsgate, London, United Kingdom, EC2N 4BQ","EC2N 4BQ","04137419","94110","16.5","16.2","37","24","91","91","51","49","51","49","63","37","66","34","https://www.hiscoxgroup.com/sites/group/files/documents/2024-12/Hiscox Gender Pay Report 2024.pdf","Nicola Grant (Chief People Officer)","1000 to 4999","HISCOX UNDERWRITING GROUP SERVICES LIMITED","False","2025/04/05 00:00:00","2024/12/16 10:18:27"
"HITACHI RAIL GTS UK LIMITED","12165","Quadrant House 4 Thomas More Square, Thomas More Street, London, England, E1W 1YW","E1W 1YW","03132438","52219,
52290,
70100","3.5","9.1","7.2","22.6","47","55","76","24","82","18","87","13","81","19","https://www.thalesgroup.com/sites/default/files/2025-01/Pay%20Gap%20Report%202024.pdf","Phil Siveter (Chief Executive Officer)","500 to 999","HITACHI RAIL GTS UK LIMITED","False","2025/04/05 00:00:00","2025/01/14 10:49:06"
"HM Revenue and Customs (HMRC)","14655","100 Parliament Street, London, SW1A 2BQ","SW1A 2BQ","","1,
84110","5.6","5.5","20.4","0","36.4","36.7","42.8","57.2","47.7","52.3","51.9","48.1","53.9","46.1","https://www.gov.uk/government/publications/hmrc-and-valuation-office-agency-gender-pay-gap-report-and-data-2024","","20,000 or more","HM Revenue and Customs (HMRC)","False","2025/03/31 00:00:00","2024/12/17 17:40:46"
"HM Treasury","303","1 Horse Guards Road, London, London, United Kingdom, SW1A 2HQ","SW1A 2HQ","","1,
84110","4.1","10.5","2.2","-9.1","72.9","75.2","50.1","49.9","51.2","48.8","57.9","42.1","25","75","https://assets.publishing.service.gov.uk/media/67595eaf78973003bbfaec72/HM_Treasury_Gender_Pay_Gap_Report__2023-2024__1_.pdf","","1000 to 4999","HM Treasury","False","2025/03/31 00:00:00","2025/01/08 10:13:29"
"Hollingworth Learning Trust","21288","Hollingworth Academy, Cornfield Street, Milnrow, Rochdale, Lancashire, OL16 3DR","OL16 3DR","","","28.7","33.7","","","0","0","13","87","23","77","31","69","43","57","https://www.hltrust.co.uk/trust-policies-key-documents/trust-reports","","250 to 499","Hollingworth Learning Trust","False","2025/03/31 00:00:00","2025/01/06 12:24:21"
"Holy Cross Catholic Multi Academy Company","20195","c/o St Augustine's Catholic Primary School, Heathcote Street, Coventry, West Midlands, UK, CV6 3BL","CV6 3BL","","","14.0","39.6","","","0","0","28.1","71.9","26.4","73.6","22.1","77.9","9.8","90.2","https://www.hccmac.co.uk/_site/data/files/documents/financial-reporting/gender-pay-gap/8DB454D9ECA4B31F807D955811EC418E.pdf","","250 to 499","Holy Cross Catholic Multi Academy Company","False","2025/03/31 00:00:00","2024/10/24 08:53:47"
"HOME FROM HOME CARE LIMITED","6266","55 Loudoun Road, St John's Wood, London, NW8 0DL","NW8 0DL","05106283","96090","-1.6","-0.6","","","0","0","45.2","54.8","53.3","46.7","39.1","60.9","47.8","52.2","","David Hopkins (Financial Controller)","250 to 499","HOME FROM HOME CARE LIMITED","False","2025/04/05 00:00:00","2024/06/19 08:37:55"
"Home Office","6270","Peel Building, Marsham Street, London, London, United Kingdom, SW1P 4DF","SW1P 4DF","","1,
84110","6.7","11.1","0.1","0.0","86.3","85.4","41.2","58.8","42.6","57.4","53.4","46.6","54.6","45.4","https://www.gov.uk/government/publications/gender-pay-gap-2024/home-office-gender-pay-gap-report-2024","","20,000 or more","Home Office","False","2025/03/31 00:00:00","2024/12/17 17:25:20"
"Homerton University Hospital Foundation Trust","6275","Homerton Row, London, London, United Kingdom, E9 6SR","E9 6SR","","1,
86210","20.08","13.30","-0.76","0.00","2.06","6.61","23.08","76.92","15.22","84.78","17.92","82.08","32.71","67.29","https://www.homerton.nhs.uk/equality-and-diversity","","1000 to 4999","Homerton University Hospital Foundation Trust","False","2025/03/31 00:00:00","2024/12/12 10:47:22"
"HORIZON ACADEMY TRUST","18258","Biggin Hill Primary School, Biggin Avenue, Hull, HU7 4RL","HU7 4RL","08411590","85200","29.2","35.9","","","0","0","2.4","97.6","4","96","9.5","90.5","12.8","87.2","https://www.horizonacademytrust.co.uk/Financial-Statements/","","500 to 999","HORIZON ACADEMY TRUST","False","2025/03/31 00:00:00","2024/12/10 10:31:38"
"HORIZONS SPECIALIST ACADEMY TRUST","14544","Abbey Hill Academy, Ketton Road, Stockton-On-Tees, Cleveland, TS19 8BU","TS19 8BU","08608287","85590","20.21","24.32","","","0","0","10.24","89.76","22.22","77.78","21.43","78.57","38.89","61.11","","","500 to 999","HORIZONS SPECIALIST ACADEMY TRUST","False","2025/03/31 00:00:00","2025/01/15 16:10:20"
"HOSPISCARE","6319","Searle House, Dryden Road, Exeter, EX2 5JJ","EX2 5JJ","02164215","86900","-2.5","-26","","","0","0","24.3","75.7","13.5","86.5","5.4","94.6","10.8","89.2","https://www.hospiscare.co.uk/about-us/governance/","Brian Aird (Chairman)","250 to 499","HOSPISCARE","False","2025/04/05 00:00:00","2024/06/26 08:36:48"
"HOWARTH TIMBER & BUILDING SUPPLIES LIMITED","6345","Prince Edward Works, Pontefract, Lane, Leeds, West Yorkshire, LS9 0RA","LS9 0RA","00201929","16290,
46130,
47520","2.5","-0.6","31.60","42.80","81.50","75.20","78.90","21.10","84.40","15.60","79.60","20.40","80.30","19.70","https://howarth-group.co.uk/wp-content/uploads/2024/10/Gender-Pay-Gap-2024-1.pdf","Allister Turner (Finance Director)","500 to 999","HOWARTH TIMBER & BUILDING SUPPLIES LIMITED","False","2025/04/05 00:00:00","2024/10/21 15:12:31"
"HR ESSENTIALS LIMITED","14441","Blenheim Court, 17 Newbold Road, Chesterfield, Derbyshire, S41 7PG","S41 7PG","04646287","78300","-2.15","-0.54","-229.79","-366.82","6.70","12.40","68.66","31.34","73.27","26.73","66.36","33.64","73.27","26.73","https://www.essentialrecruitment.co.uk/gender-pay-gap/","Carl Wootton (Financial Director)","500 to 999","HR ESSENTIALS LIMITED","False","2025/04/05 00:00:00","2024/12/12 12:06:50"
"HR GO PLC","6358","The Cedars, Church Road, Ashford, Kent, England, TN23 1RQ","TN23 1RQ","00924542","70100,
78200","14.5","-12.8","47.5","51.8","3.2","12.5","62.4","37.6","66.3","33.7","68.2","31.8","59.8","40.2","","Josephine Harrison (People & Culture Business Partner)","500 to 999","HR GO PLC","False","2025/04/05 00:00:00","2024/12/10 15:21:51"
"HULL COLLABORATIVE ACADEMY TRUST","6389","C/O Dorchester Primary School, Dorchester Road, Hull, England, HU7 6AH","HU7 6AH","08542806","85200,
85310","34.28","45.68","","","0","0","96","4","3","97","14","86","21","79","","","1000 to 4999","HULL COLLABORATIVE ACADEMY TRUST","False","2025/03/31 00:00:00","2025/01/06 13:25:05"
"HUMBER EDUCATION TRUST","18112","Bude Park Primary School Cookbury Close, Bransholme, Hull, United Kingdom, HU7 4EY","HU7 4EY","08682547","85200","21.83","23.9","","","0","0","4","96","7","93","12","88","14","86","https://www.humbereducationtrust.co.uk/attachments/download.asp?file=149&type=pdf","","1000 to 4999","HUMBER EDUCATION TRUST","False","2025/03/31 00:00:00","2024/12/10 09:34:37"
"HYDROCK CONSULTANTS LIMITED","6434","Over Court Barns, Over Lane, Almondsbury, Bristol, Avon, BS32 4DF","BS32 4DF","03118932","74909","24.8","23.7","51.5","33.3","38.6","37.5","56.8","43.2","58.4","41.6","75.8","24.2","85.8","14.2","","Kira Heal (People Services Lead)","500 to 999","HYDROCK CONSULTANTS LIMITED","False","2025/04/05 00:00:00","2025/01/03 14:04:05"
"Hywel Dda University Health Board","22402","Hafan Derwen, St David's Park, Jobswell Road, Carmarthen, Cartmarthenshire, SA31 3BB","SA31 3BB","","","21.11","5.46","34.28","50.00","3.91","0.52","19.39","80.61","19.15","80.85","14.62","85.38","29.97","70.03","https://hduhb.nhs.wales/about-us/governance-arrangements/equality-diversity-and-inclusion/","","5000 to 19,999","Hywel Dda University Health Board","False","2025/03/31 00:00:00","2025/01/07 16:17:03"
"I4 PAY PARTNERS LIMITED","6455","22 Gilbert Street, London, England, W1K 5HD","W1K 5HD","05407362","70229","-15.6","-5.2","36.1","10.7","97.55","97.16","29.5","70.5","30","70","29.8","70.2","24.8","75.2","https://i4services.uk/gender-pay-gap-reporting-2024/","Alison Jolly (Operations Manager)","1000 to 4999","I4 PAY PARTNERS LIMITED","False","2025/04/05 00:00:00","2024/04/18 10:47:35"
"IBSTOCK PLACE SCHOOL","23209","Clarence Lane, Roehampton, London, SW15 5PY","SW15 5PY","07847467","85200,
85310","-1","-11","21","0","3","3","55","45","47","53","41","59","44","56","","John Hutchinson (Bursar)","250 to 499","IBSTOCK PLACE SCHOOL","False","2025/04/05 00:00:00","2025/01/10 14:15:07"
"ICBC STANDARD BANK PLC","16915","20 Gresham Street, London, United Kingdom, EC2V 7JE","EC2V 7JE","02130447","64191","23.7","20.5","46.4","36","86","91","54","46","69","31","72","28","85","15","https://www.icbcstandardbank.com/","Nicki Auret (HR Director)","500 to 999","ICBC STANDARD BANK PLC","False","2025/04/05 00:00:00","2025/01/02 11:44:29"
"ICONSULT PAYMENT SOLUTIONS LIMITED","23299","Castlemead, Lower Castle Street, Bristol, BS1 3AG","BS1 3AG","09947346","70229","-8.44","-40.4","","","0","0","89.38","10.62","84.96","15.04","53.51","46.49","81.42","18.58","","Stephen English (Director)","250 to 499","ICONSULT PAYMENT SOLUTIONS LIMITED","False","2025/04/05 00:00:00","2024/12/24 15:25:52"
"IHG HOTELS LIMITED","19699","1 Windsor Dials, Arthur Road, Windsor, Berkshire, England, SL4 1RS","SL4 1RS","03130330","82990","23.4","16.4","48.1","26.3","90.5","96.1","26.1","73.9","39.1","60.9","43.5","56.5","59.1","40.9","https://www.ihgplc.com/~/media/Files/I/Ihg-Plc/responsible-business/reporting/2024/GENDER_PAY_dec_2024_FINAL.pdf","Wayne Hoare (Chief Human Resources Officer)","250 to 499","IHG HOTELS LIMITED","False","2025/04/05 00:00:00","2024/12/16 10:05:31"
"IMAGINE INDEPENDENCE","18930","25 Hope Street, Liverpool, L1 9BQ","L1 9BQ","02699682","87200,
88990","-7.3","-6.1","","","0","0","50.6","49.4","28.9","71.1","22.4","77.6","22.4","77.6","","Nicole Squires (Corporate Services Director)","250 to 499","IMAGINE INDEPENDENCE","False","2025/04/05 00:00:00","2025/01/16 15:37:44"
"IMK AUTOMOTIVE LIMITED","17683","Unit 4 Weekley Wood Avenue, Kettering, Northamptonshire, United Kingdom, NN14 1UD","NN14 1UD","03932965","29320","22","6","73","0","53","45","44","56","55","45","56","44","76","24","","Jessica Cartwright (HR Manager)","250 to 499","IMK AUTOMOTIVE LIMITED","False","2025/04/05 00:00:00","2024/07/26 08:38:50"
"IMPACT MULTI ACADEMY TRUST","7453","Langley Park School For Girls Hawksbrook Lane, South Eden Park Road, Beckenham, Kent, BR3 3BE","BR3 3BE","07697400","85200,
85310","16.7","22.9","","","0","0","12.7","87.3","21.7","78.3","30.9","69.1","32.6","67.4","","","500 to 999","IMPACT MULTI ACADEMY TRUST","False","2025/03/31 00:00:00","2024/12/09 07:53:40"
"Imperial College London","6539","Faculty Building, South Kensington Campus, London, United Kingdom, SW7 2AZ","SW7 2AZ","","1,
85421","14.8","10.3","51.2","6.3","5.4","5.4","45.9","54.1","45.5","54.5","51.8","48.2","64.3","35.7","","","5000 to 19,999","Imperial College London","False","2025/03/31 00:00:00","2024/10/28 13:59:23"
"IMPERIAL WORKFORCE LTD","18581","Suite 2, Imperial Centre, Grange Road, Darlington, England, DL1 5NQ","DL1 5NQ","10724663","78109,
78200","1.54","0","","","0","0","67","33","63","37","62","38","80","20","","Patricia Dodsworth (Financial Director)","250 to 499","IMPERIAL WORKFORCE LTD","False","2025/04/05 00:00:00","2024/12/16 14:44:49"
"IN DEPTH SERVICES (CLEANING) LIMITED","6550","Leonard House, 308 Winwick Road, Warrington, Cheshire, WA2 8JE","WA2 8JE","01388446","81210","2.6","0.80","59.8","86.6","0.9","0.3","22.8","77.2","40.9","59.1","32.1","67.9","39.5","60.5","","David Froude (Director)","500 to 999","IN DEPTH SERVICES (CLEANING) LIMITED","False","2025/04/05 00:00:00","2024/06/11 13:56:47"
"Infinity Academies Trust","23500","Woad Farm Road, Boston, Lincs, United Kingdom, PE21 0EF","PE21 0EF","","","26.6","29.3","","","0","0","9.2","90.8","4.7","95.3","5.8","94.2","13.8","86.2","https://infinity-academies-trust.secure-primarysite.net/financial-information/","","250 to 499","Infinity Academies Trust","False","2025/03/31 00:00:00","2024/11/14 09:41:47"
"INOVYN CHLORVINYLS LIMITED","6638","Bankes Lane Office, Bankes Lane, Runcorn, Cheshire, United Kingdom, WA7 4EL","WA7 4EL","04068812","20110,
20130,
20140","-7.5","-4","-17","-14.2","80.6","85.2","77.8","22.2","77.6","22.4","81.7","18.3","70.4","29.6","https://www.inovyn.com/information/gender-pay-gap/","Els Pauwels (HR Director)","500 to 999","INOVYN CHLORVINYLS LIMITED","False","2025/04/05 00:00:00","2025/01/10 09:52:12"
"Inspire Education Group","20730","Park Crescent, Peterborough, Cambridgeshire, United Kingdom, PE1 4DZ","PE1 4DZ","","","9.37","16.76","2.6","19.6","1.28","0.65","23","77","29","71","35","65","53","47","https://www.ieg.ac.uk/documents/","","500 to 999","Inspire Education Group","False","2025/03/31 00:00:00","2024/11/04 14:22:39"
"INSPIRE PARTNERSHIP MULTI ACADEMY TRUST","19587","Maypole Centre, High Street, Ossett, England, WF5 9QP","WF5 9QP","07805262","85200","16.19","19.94","","","0","0","2","98","5","95","16","84","13","87","","","250 to 499","INSPIRE PARTNERSHIP MULTI ACADEMY TRUST","False","2025/03/31 00:00:00","2024/05/28 14:13:49"
"Intellectual Property Office","19506","Concept House, Cardiff Road, Newport, Newport, NP108QQ","NP108QQ","","1","17","27","2","3","92","92","36.1","63.9","42.1","57.9","62.1","37.9","69.1","30.9","https://www.gov.uk/government/publications/inclusion-diversity-annual-report-23-24/inclusion-diversity-annual-report-23-24","","1000 to 4999","Intellectual Property Office","False","2025/03/31 00:00:00","2024/12/30 07:06:08"
"INTELLIGENT WORKPLACE SOLUTIONS LTD","17647","Unit 201, Second Floor Metroline House, 118-122 College Road, Harrow, Middlesex, United Kingdom, HA1 1BQ","HA1 1BQ","03737792","81100,
81210,
81221,
81222","0.0","0.0","-36.4","0.0","3.9","5.3","28.3","71.7","31.8","68.2","27.1","72.9","31.1","68.9","https://www.workplace.co.uk/_files/ugd/1b6062_1876bc93645e4bb4bcd2178a0d9d3754.pdf","Amber Jones (HR/Payroll Administrator)","500 to 999","INTELLIGENT WORKPLACE SOLUTIONS LTD","False","2025/04/05 00:00:00","2024/04/12 13:43:32"
"INTERFLOOR LIMITED","92","Broadway, Haslingden, Rossendale, Lancashire, BB4 4LS","BB4 4LS","00162988","32990","-2.0","-8.3","-21.2","-209.7","1.7","2.8","82.7","17.3","98.8","1.2","93.9","6.1","80.2","19.8","https://www.interfloor.com/about-us/our-policies/","Jennifer Birtwistle (HR Advisor)","250 to 499","INTERFLOOR LIMITED","False","2025/04/05 00:00:00","2024/06/04 15:26:45"
"INTERMEDIATE CAPITAL GROUP PLC","6701","Procession House, 55 Ludgate Hill, London, United Kingdom, EC4M 7JW","EC4M 7JW","02234775","64999","30.3","24.3","70.2","59.8","77","75.6","41","59","60","40","60","40","80","20","https://www.icgam.com/who-we-are/leadership-governance/policies-disclosures/gender-pay-gap/","Antje Hensel-Roth (Chief People and External Affairs Officer)","250 to 499","INTERMEDIATE CAPITAL GROUP PLC","False","2025/04/05 00:00:00","2024/10/21 15:29:17"
"INTERNATIONAL EXHIBITION CO-OPERATIVE WINE SOCIETY LIMITED","21031","","","IP01824R","","-1.8","-3.1","46.9","47.9","16.1","0.8","57","43","59","41","49","51","57","43","https://www.thewinesociety.com/4a1b1f/globalassets/pdfs/gender-pay-gap-report-to-april-2024.pdf","Maggie O'Connor (Head of Human Resources)","250 to 499","INTERNATIONAL EXHIBITION CO-OPERATIVE WINE SOCIETY LIMITED","False","2025/04/05 00:00:00","2024/08/02 10:13:03"
"ISLAND HEALTHCARE LIMITED","19545","Northbrooke House Main Road, Havenstreet, Ryde, Isle Of Wight, England, PO33 4DR","PO33 4DR","03040310","87100,
87300","1.22","0","","","0","0","22.1","77.9","20.8","79.2","23.4","76.6","21.8","78.2","","Chelsey Sansom (Company Secretary / HR Manager)","250 to 499","ISLAND HEALTHCARE LIMITED","False","2025/04/05 00:00:00","2024/12/12 13:26:46"
"Isle of Anglesey County Council","18653","Council Offices, Llangefni, LL77 7TW","LL77 7TW","","1","9.7","12.7","","","0","0","32","68","25","75","38","62","43","57","","","1000 to 4999","Isle of Anglesey County Council","False","2025/03/31 00:00:00","2024/12/09 12:57:18"
"ITS TESTING SERVICES (UK) LIMITED","6817","Academy Place, 1-9 Brook Street, Brentwood, Essex, CM14 5NQ","CM14 5NQ","01408264","71200","15.9","12.9","60.6","9.9","96.1","95.1","52.9","47.1","59.2","40.8","63.9","36.1","70.7","29.3","","André Lacroix (Group CEO)","1000 to 4999","ITS TESTING SERVICES (UK) LIMITED","False","2025/04/05 00:00:00","2024/12/18 11:43:30"
"J & D PIERCE (CONTRACTS) LTD.","23410","Unit 14, Caledonian Road, Glengarnock, Ayrshire, KA14 3DA","KA14 3DA","SC174690","25110","33","30","100","100","2","0","100","0","89","11","99","1","100","0","","David Taylor (Finance Director)","500 to 999","J & D PIERCE (CONTRACTS) LTD.","False","2025/04/05 00:00:00","2024/09/30 07:17:39"
"J D WETHERSPOON PLC","13691","Wetherspoon House, Reeds Crescent, Watford, Hertfordshire, WD24 4QL","WD24 4QL","01709784","56302","2.49","0.08","32.89","20.28","90","91","48","52","50","50","47","53","54","46","https://www.jdwetherspoon.com/wp-content/uploads/2025/01/ESG0001UK-V5-0125-Gender-pay-gap-report-UK.pdf","JOHN HUTSON (Chief Executive)","20,000 or more","J D WETHERSPOON PLC","False","2025/04/05 00:00:00","2025/01/17 11:07:41"
"J.M. FINN & CO.LTD","6860","25 Copthall Avenue, London, United Kingdom, EC2R 7AH","EC2R 7AH","05772581","64999,
66120","53.2","41.8","77.1","54.8","89.9","94.6","42.31","57.69","39.74","60.26","62.82","37.18","92.31","7.69","https://www.jmfinn.com/gender-pay-report/","Gary Merrick (Head of HR)","250 to 499","J.M. FINN & CO.LTD","False","2025/04/05 00:00:00","2024/12/09 12:01:39"
"J.T.DOVE,LIMITED","19231","1 Riversdale Way, Newburn Haugh Industrial Estate, Newcastle Upon Tyne, Tyne & Wear, NE15 8SF","NE15 8SF","00085529","46130,
46740","9","-5","28","7","98.4","94","93.4","6.6","84.4","15.6","80","20","86.7","13.3","","Jonathan Archer (Financial Director)","250 to 499","J.T.DOVE,LIMITED","False","2025/04/05 00:00:00","2025/01/05 16:12:51"
"JAMES MONTGOMERY ACADEMY TRUST","19581","Ellis House, C/O Brampton Ellis Primary School, Wath-Upon-Dearne, England And Wales, United Kingdom, S63 6BB","S63 6BB","10482806","85200,
85310","40","96","","","0","0","3","97","5","95","11","89","17","83","","","500 to 999","JAMES MONTGOMERY ACADEMY TRUST","False","2025/03/31 00:00:00","2024/09/30 14:30:19"
"JCT600 (RAWDON) LIMITED","14302","Tordoff House, Apperley Bridge, Bradford, West Yorkshire, BD10 0PQ","BD10 0PQ","02284503","45111,
45112,
45200,
45320","31.5","22.2","68.1","30.4","95","85","75","25","70","30","88","12","94","6","","Nigel Shaw (Group Finance Director)","250 to 499","JCT600 (RAWDON) LIMITED","False","2025/04/05 00:00:00","2025/01/10 15:36:53"
"JCT600 (SOUTH YORKSHIRE) LIMITED","6942","Tordoff House, Apperley Bridge, Bradford, West Yorkshire, BD10 0PQ","BD10 0PQ","01695253","45111,
45112,
45200,
45320","23.3","18.4","35.5","37.8","75","59","67.7","32.3","61.3","38.7","83.9","16.1","93.3","6.7","","Nigel Shaw (Group Finance Director)","250 to 499","JCT600 (SOUTH YORKSHIRE) LIMITED","False","2025/04/05 00:00:00","2025/01/10 15:39:28"
"JCT600 LIMITED","6943","Tordoff House, Apperley Bridge, Bradford, West Yorkshire, BD10 0PQ","BD10 0PQ","00413250","45111,
45112,
45200,
45320","17.5","17.4","56.2","38.6","77","59","71.7","28.3","54","46","83.9","16.1","89.1","10.9","","Nigel Shaw (group Finance Director)","1000 to 4999","JCT600 LIMITED","False","2025/04/05 00:00:00","2025/01/10 15:42:27"
"JEREMY BENN ASSOCIATES LIMITED","6964","1 Broughton Park Old Lane North, Broughton, Skipton, North Yorkshire, England, BD23 3FD","BD23 3FD","03246693","71122","10.9","13.5","12.5","5.5","79.4","78.9","53.8","46.2","53.5","46.5","66.5","33.5","69.4","30.6","https://www.jbagroup.co.uk/sites/www.jbagroup.co.uk/files/documents/15-037%20Gender%20Pay%20Gap%20Report%20(JBA%20Consulting%20UK)%202023.pdf","Marc Pinnell (Managing Director)","500 to 999","JEREMY BENN ASSOCIATES LIMITED","False","2025/04/05 00:00:00","2024/10/09 12:48:59"
"JOBANDTALENT UK LIMITED","21482","12 New Fetter Lane, London, United Kingdom, EC4A 1JP","EC4A 1JP","07890603","78109","37","15","85.5","0","54.9","58","28.2","71.8","36.4","63.6","47.4","52.6","62.3","37.7","https://www.jobandtalent.co.uk/legal/policies-and-disclosures","Joanna Komanowska (Compliance Manager)","250 to 499","JOBANDTALENT UK LIMITED","False","2025/04/05 00:00:00","2024/12/20 17:33:21"
"JOBANDTALENT WORKS LTD","20378","12 New Fetter Lane, London, United Kingdom, EC4A 1JP","EC4A 1JP","10123783","78109","4","2","70.2","56.7","13.4","26.6","43","57","55.6","44.4","64.8","35.2","84.2","15.8","https://www.jobandtalent.co.uk/legal/policies-and-disclosures","Joanna Komanowska (Compliance Manager)","1000 to 4999","JOBANDTALENT WORKS LTD","False","2025/04/05 00:00:00","2024/12/23 11:46:05"
"JOHN INNES CENTRE","7005","Norwich Research Park, Colney, Norwich, NR4 7UH","NR4 7UH","00511709","72190","18.19","5.85","53.3","77.28","6.36","6.06","33","67","50","50","48","52","73","27","https://www.jic.ac.uk/app/uploads/2024/10/JIC-Gender-Pay-Gap-2024.pdf","Graham Moore (Director)","250 to 499","JOHN INNES CENTRE","False","2025/04/05 00:00:00","2024/10/02 13:05:05"
"JOHN SISK & SON LIMITED","7013","1 Curo Park, Frogmore, St. Albans, Hertfordshire, AL2 2DD","AL2 2DD","01973332","41201,
41202,
42110","32.2","34","75.2","0","89.06","84.62","58.73","41.27","78.31","21.69","82.45","17.55","90.96","9.04","https://www.johnsiskandson.com/uploads/pdf/Gender-Pay-Gap-Report-2024.pdf","Sean Fitzpatrick (Group Human Resources Director)","500 to 999","JOHN SISK & SON LIMITED","False","2025/04/05 00:00:00","2024/12/17 17:12:11"
"JOSEPH ROWNTREE HOUSING TRUST","21915","","","RS008209","","9.2","13.3","","","0","0","27.6","72.4","11.8","88.2","21.4","78.6","39.3","60.7","https://www.jrht.org.uk/about-us/corporate-information","Chri Simpson (Managing Director)","500 to 999","JOSEPH ROWNTREE HOUSING TRUST","False","2025/04/05 00:00:00","2025/01/07 14:15:42"
"JUST ASK ESTATE SERVICES LIMITED","16508","4a & 4b Wintersells Road, West Byfleet, Surrey, United Kingdom, KT14 7LF","KT14 7LF","05956392","96090","5.68","4.70","26.98","-21.38","10.32","6.96","52","48","60","40","64","36","70","30","","Sherree Fielding (Group People Director)","500 to 999","JUST ASK ESTATE SERVICES LIMITED","False","2025/04/05 00:00:00","2024/06/05 15:01:19"
"JUST RECRUITMENT GROUP LTD","16836","Crispin House, Maldon Road, Witham, England, CM8 2UR","CM8 2UR","02557529","78109,
78200","4.7","0","","","0","0","70.18","29.82","67.24","32.76","79.31","20.69","67.24","32.76","","Liz Arthur (Secretary)","Less than 250","JUST RECRUITMENT GROUP LTD","False","2025/04/05 00:00:00","2024/04/22 09:54:31"
"JUST RETIREMENT MANAGEMENT SERVICES LIMITED","7082","Enterprise House, Bancroft Road, Reigate, Surrey, England, RH2 7RP","RH2 7RP","04682458","82990","26.4","31.6","65.7","41.3","71.3","75","47","53","46","54","61","39","68","32","https://www.justgroupplc.co.uk/~/media/Files/J/Just-Retirement-Corp/documents/just-pay-gap-report-nov-24B.pdf","David Richardson (Group CEO)","1000 to 4999","JUST RETIREMENT MANAGEMENT SERVICES LIMITED","False","2025/04/05 00:00:00","2024/12/19 13:19:10"
"KAINOS SOFTWARE LIMITED","16344","Kainos House, 4-6 Upper Crescent, Belfast, BT7 1NT","BT7 1NT","NI019370","62012,
62020","17.41","17.89","35.73","43.11","36.67","35.29","60.53","39.47","61.46","38.54","67.61","32.39","79.51","20.49","https://www.kainos.com/information/gender-pay-gap","Colette Kidd (Chief People Officer)","1000 to 4999","KAINOS SOFTWARE LIMITED","False","2025/04/05 00:00:00","2025/01/14 14:29:19"
"KARBON HOMES LIMITED","15841","Unit 5 Gosforth Park Avenue, Newcastle, NE12 8EG","NE12 8EG","RS007529","","4.11","0.33","2.11","25.0","4.80","5.08","46","54","67","33","55","45","60","40","https://www.karbonhomes.co.uk/media/ejgkpqzx/pay-gap-report-2024-final.pdf","Scott Martin (Executive Director, Resources)","1000 to 4999","KARBON HOMES LIMITED","False","2025/04/05 00:00:00","2024/12/06 16:56:54"
"KATHARINE HOUSE HOSPICE","7124","Weston Road, Stafford, ST16 3SB","ST16 3SB","02700516","86102,
86900,
96040","-0.4","-7.8","","","0","0","22.8","77.2","24.1","75.9","6.9","93.1","15.5","84.5","https://www.khhospice.org.uk/wp-content/uploads/2020/09/2024-Gender-Pay-Gap-Report-Katharine-House.pdf","Richard Soulsby (Chief Executive)","Less than 250","KATHARINE HOUSE HOSPICE","False","2025/04/05 00:00:00","2025/01/07 09:56:26"
"KAWASAKI PRECISION MACHINERY (UK) LIMITED","7131","Ernesettle Lane, Ernesettle, Plymouth, Devon, PL5 2SA","PL5 2SA","02833215","28120","0.45","5.60","","","0","0","86.79","13.21","98.11","1.89","84.91","15.09","90.74","9.26","https://www.kawasakihydraulics.com/app/uploads/2024/12/Gender-Pay-Gap-Report2024.pdf","Tracy MacPherson (Head of Human Resources)","Less than 250","KAWASAKI PRECISION MACHINERY (UK) LIMITED","False","2025/04/05 00:00:00","2024/12/12 10:07:42"
"KEN WILKINS PRINT LIMITED","7180","Private Road Number One, Colwick Industrial Estate, Nottingham, NG4 2JQ","NG4 2JQ","01793462","17219","2.5","6.2","","","0","0","78.7","21.3","67.1","32.9","75.9","24.1","88.7","11.3","","Aron Wilkins (MD)","250 to 499","KEN WILKINS PRINT LIMITED","False","2025/04/05 00:00:00","2024/06/14 09:26:23"
"KENNELPAK LIMITED","7186","Palmer Drive, Bessell Lane, Stapleford, Nottinghamshire, NG9 7BW","NG9 7BW","01129627","46210,
47760","17.2","1.9","57.7","40","71.6","68.5","27.8","72.2","11.1","88.9","16.4","83.6","37.5","62.5","https://www.kennelpak.co.uk/gender-pay-gap-report/","SHONA CLARK (HEAD OF PEOPLE)","250 to 499","KENNELPAK LIMITED","False","2025/04/05 00:00:00","2024/05/30 14:13:10"
"Kettering General Hospital","7215","Rothwell Road, Kettering, Northamptonshire, NN16 8UZ","NN16 8UZ","","1,
86210","26.0","10.3","14.7","0","7.8","0.92","18.8","81.2","21.2","78.8","16.8","83.2","37.0","63.0","https://www.kgh.nhs.uk/equality-diversity-and-inclusion","","5000 to 19,999","Kettering General Hospital","False","2025/03/31 00:00:00","2025/01/16 13:11:35"
"KETTLE PRODUCE LIMITED","7218","Balmalcolm Farm, Cupar, Fife, KY15 7TJ","KY15 7TJ","SC097725","10390,
10850","-1.26","2.40","","","0","0","64.7","35.3","64","36","69.8","30.2","70.1","29.9","https://www.kettle.co.uk/","Elizabeth Waugh (Finance Director)","500 to 999","KETTLE PRODUCE LIMITED","False","2025/04/05 00:00:00","2024/12/12 12:03:06"
"KEYSIGHT TECHNOLOGIES UK LIMITED","24","610 Wharfedale Road, Winnersh Triangle, Wokingham, Berkshire, RG41 5TP","RG41 5TP","03809903","82990","15.6","21.9","27.2","23.7","99","94","77","23","71","29","83","17","89","11","https://jobs.keysight.com/location-united-kingdom","Carole Tomlinson (UK HR Manager)","500 to 999","KEYSIGHT TECHNOLOGIES UK LIMITED","False","2025/04/05 00:00:00","2024/09/16 13:55:54"
"KGB CLEANING SOUTH WEST LIMITED","17111","10 Hillside, Burghfield Common, Reading, Berkshire, RG7 3BQ","RG7 3BQ","06941723","81210,
81299","52.5","47.5","50","50","50","50","40.5","59.5","40.4","59.6","43.7","56.3","45.8","54.2","","Charlotte Summers (Diector of People)","1000 to 4999","KGB CLEANING SOUTH WEST LIMITED","False","2025/04/05 00:00:00","2024/06/10 14:08:14"
"KINDRED (LONDON) LIMITED","7272","Kindred House,, 17 Hartfield Road, London, United Kingdom, SW19 3SE","SW19 3SE","03433883","82990","11.09","10.94","15.49","25.65","48.8","49.4","51.14","48.86","56.12","43.88","66.67","33.33","73.47","26.53","https://www.kindredgroup.com/globalassets/documents/sustainability-related-documents/resources/gpg/final-gender-pay-gap-report-2024.pdf","Rachel Randle-Williams (Chief HR Officer)","250 to 499","KINDRED (LONDON) LIMITED","False","2025/04/05 00:00:00","2024/12/18 13:40:24"
"KINGSBRIDGE EDUCATIONAL TRUST","15798","Oakgrove School Venturer Gate, Middleton, Milton Keynes, MK10 9JQ","MK10 9JQ","09144847","85100,
85200,
85310,
85600","21.99","33.70","","","0","0","11.02","88.98","19.69","80.31","18.90","81.10","32.54","67.46","https://www.ket.education/about/governance/","","250 to 499","KINGSBRIDGE EDUCATIONAL TRUST","False","2025/03/31 00:00:00","2025/01/14 11:53:51"
"KINGSCLERE NURSERIES LIMITED","23382","Old Bracknell House, Crowthorne Road North, Bracknell, Berkshire, RG12 7AR","RG12 7AR","03092545","85100","-0.3","0","-213.14","-14.3","16.67","12.78","7.32","92.68","7.32","92.68","7.5","92.5","5","95","https://www.completechildcare.co.uk/userfiles/files/Gender%20Pay%20Gap%20Summary.pdf","Alec Hodson (Managing Director)","250 to 499","KINGSCLERE NURSERIES LIMITED","False","2025/04/05 00:00:00","2024/09/19 12:50:34"
"Kingston University Higher Education Corporation","15797","Human Resources, Hind Court, 106-114 London Road, Kingston, Surrey, KT2 6TN","KT2 6TN","","1,
85421,
85422","9.2","8.0","18.3","33.3","0.9","1.2","32","68","38","62","45","55","48","52","https://www.kingston.ac.uk/aboutkingstonuniversity/equality-diversity-and-inclusion/equality-data/","","1000 to 4999","Kingston University Higher Education Corporation","False","2025/03/31 00:00:00","2024/12/03 12:42:18"
"Kirklees College","4079","Manchester Road, Huddersfield, West Yorkshire, HD1 3LD","HD1 3LD","","1,
85310","7","20","","","0","0","25","75","25.8","74.2","38.6","61.4","37.5","62.5","https://www.kirkleescollege.ac.uk/","","500 to 999","Kirklees College","False","2025/03/31 00:00:00","2025/01/14 09:34:02"
"KMS (UK) LTD","7331","Kingly House, Ram Passage, Kingston Upon Thames, England, KT1 1HH","KT1 1HH","03545205","68209,
78300","-0.5","-0.5","-0.4","-0.4","5","9","18","82","18","82","16","84","12","88","https://www.kmsuk.net/","Clive Gates (Director)","250 to 499","KMS (UK) LTD","False","2025/04/05 00:00:00","2024/12/12 15:01:18"
"Knowledge Schools Trust","23047","West London Free School Primary, Cambridge Grove, London, W6 0LB","W6 0LB","","","20","33","-68","0","25","75","10","90","18","82","25","75","32","68","","","250 to 499","Knowledge Schools Trust","False","2025/03/31 00:00:00","2025/01/02 16:16:13"
"KOMATSU UK LIMITED","55","Durham Road, Birtley, Chester Le Street, County Durham, DH3 2QX","DH3 2QX","01948743","28922","-1.97","-6.57","72.46","-93.93","30.48","35.29","95.79","4.21","93.33","6.67","91.51","8.49","88.07","11.93","https://www.komatsu.eu/en/company/komatsu-uk/legal-statement/gender-pay-gap-report-2024","Katie O'Brien (General Manager - Human Resources)","250 to 499","KOMATSU UK LIMITED","False","2025/04/05 00:00:00","2024/06/17 11:45:12"
"KONECRANES DEMAG UK LIMITED","7358","Unit 1 Charter Point, Coalfield Way,, Ashby Business Park, Ashby De La Zouch, Leicestershire, England, LE65 1NF","LE65 1NF","00969869","28220,
33200","17.4","9.5","-10.7","-169.1","83.9","94.9","66.3","33.7","91.3","8.7","83.7","16.3","85.4","14.6","https://www.konecranes.com/en-gb/2024ukgender-pay-gap-report","Richard Beats (UK Payroll Manager)","250 to 499","KONECRANES DEMAG UK LIMITED","False","2025/04/05 00:00:00","2024/07/25 10:39:08"
"KPPES LTD","14805","Unit 3, Kpp Chartered Accountants Morris Park, 37 Rosyth Road, Glasgow, Scotland, G5 0YE","G5 0YE","SC349485","82990","11","19","","","0","0","13","87","17","83","29","71","26","74","https://keyportfolio.co.com/gender-pay-gap","Gary Walker (Director)","1000 to 4999","KPPES LTD","False","2025/04/05 00:00:00","2024/05/07 09:17:30"
"KRS FINANCE LTD","19544","Baines House Midgery Court, Pittman Way, Fulwood, Preston, PR2 9ZH","PR2 9ZH","05624979","64205","19.7","20.1","51.51","33.01","45.81","32.07","38.68","61.32","46.67","53.33","47.62","52.38","64.76","35.24","","Karen Ditch (Head of People)","250 to 499","KRS FINANCE LTD","False","2025/04/05 00:00:00","2024/11/28 11:12:06"
"KUEHNE + NAGEL LIMITED","7381","1 Roundwood Avenue, Stockley Park, Uxbridge, England, UB11 1FG","UB11 1FG","01722216","52290","6","0.6","32.5","27.1","26.9","28.9","65","35","68","32","64","36","70","30","https://uk.kuehne-nagel.com/documents/236865/503096/kuehne-nagel-ltd-gender-pay-gap-report-2024.pdf/315853a6-fd4b-dfbc-30d7-210e2507d2d8?t=1730817333464","Rene Van Es (HR Director)","1000 to 4999","KUEHNE + NAGEL LIMITED","False","2025/04/05 00:00:00","2024/11/06 15:43:55"
"L.E.A.D. ACADEMY TRUST","7394","The Old Pumphouse, 5 The Ropewalk, Nottingham, NG1 5DU","NG1 5DU","08296921","85200,
85310","21","30","","","0","0","8","92","12","88","22","78","26","74","https://www.leadacademytrust.co.uk/","","1000 to 4999","L.E.A.D. ACADEMY TRUST","False","2025/03/31 00:00:00","2024/04/03 12:50:54"
"L&Q LIVING LIMITED","271","29-35 West Ham Lane, Stratford, London, E15 4PH","E15 4PH","IP27902R","","14.47","4.55","7.11","24.33","35.87","20.85","11.25","88.75","22.22","77.78","24.69","75.31","32.1","67.9","https://www.lqgroup.org.uk/-/media/files/corporate/landq-equality-diversity-and-inclusion-report-23_24.pdf","Tom Nicholls (Executive Group Director, Human Resources)","250 to 499","L&Q LIVING LIMITED","False","2025/04/05 00:00:00","2025/01/02 07:48:33"
"Lake College","7411","Hallwood Road, Lillyhall, Workington, Cumbria, United Kingdom, CA14 4JN","CA14 4JN","","1,
85320","10.2","18.7","","","0","0","29","71","36","64","47","53","49","51","","","250 to 499","Lake College","False","2025/03/31 00:00:00","2025/01/14 10:47:25"
"Lancaster & Morecambe College","7430","Morecambe Road, Lancaster, Lancashire, United Kingdom, LA1 2TY","LA1 2TY","","1,
85320","11.1","15.9","","","0","0","21","79","38","62","36","64","45","55","","","250 to 499","Lancaster & Morecambe College","False","2025/03/31 00:00:00","2024/11/27 12:41:53"
"LAND SECURITIES PROPERTIES LIMITED","7440","100 Victoria Street, London, United Kingdom, SW1E 5JL","SW1E 5JL","00961477","68320","25.6","29.0","59.4","50.6","68.1","67.3","29.2","70.8","45.5","54.5","61.7","38.3","61.0","39.0","https://landsec.com/sites/default/files/2024-11/Landsec%202024%20gender%20and%20ethnicity%20pay%20gap%20report%20final_0.pdf","Kate Seller (Chief People Officer)","500 to 999","LAND SECURITIES PROPERTIES LIMITED","False","2025/04/05 00:00:00","2024/11/22 14:13:24"
"LANDAU FORTE CHARITABLE TRUST","7441","Landau Forte College, Fox Street, Derby, Derbyshire, DE1 2LF","DE1 2LF","02387916","85200,
85310","17","28","1","0","4","2","12","88","21","79","27","73","43","57","https://lfct.org.uk/","","500 to 999","LANDAU FORTE CHARITABLE TRUST","False","2025/03/31 00:00:00","2024/10/22 08:18:51"
"LAST MILE INFRASTRUCTURE LIMITED","23152","Fenick House Lister Way, Hamilton International Technology Park, Glasgow, Scotland, Scotland, G72 0FT","G72 0FT","SC293480","43999","28.62","39.63","28.15","29.04","50.94","54.63","37","63","55","45","81","19","80","20","","Hannah Smith (Director, People and Culture)","500 to 999","LAST MILE INFRASTRUCTURE LIMITED","False","2025/04/05 00:00:00","2024/10/23 10:02:54"
"LAURIEM COMPLETE CARE LIMITED","23361","3 Ella Mews, London, England, NW3 2NH","NW3 2NH","09640303","87100","1.75","0.17","-170.1","0","40","44.55","2.86","97.14","20","80","11.43","88.57","14.29","85.71","","Miguel Angel Herraiz Marco (Director)","250 to 499","LAURIEM COMPLETE CARE LIMITED","False","2025/04/05 00:00:00","2024/05/02 11:28:24"
"LAW DEBENTURE TRUST CORPORATION P.L.C.(THE)","22620","8th Floor 100 Bishopsgate, London, United Kingdom, EC2N 4AG","EC2N 4AG","01675231","82990","9","11","18","13","80","79","57","43","33","67","51","49","51","49","https://www.lawdebenture.com/about#gender-pay-gap-reporting","Trish Houston (COO)","250 to 499","LAW DEBENTURE TRUST CORPORATION P.L.C.(THE)","False","2025/04/05 00:00:00","2024/12/30 12:19:51"
"LDBS Frays Academy Trust","15071","Worcest Road, West Drayton, UB8 3TH","UB8 3TH","","1","34.4","39.1","","","0","0","3.3","96.7","1.1","98.9","11","89","9.9","90.1","","","250 to 499","LDBS Frays Academy Trust","False","2025/03/31 00:00:00","2025/01/08 10:55:27"
"LEARNING COMMUNITY TRUST","18901","Corner House Whitechapel Way, Priorslee, Telford, England, TF2 9PQ","TF2 9PQ","10846393","85600","19.53","30.33","","","0","0","11","89","18","82","27","73","32","68","https://learningcommunitytrust.co.uk/key_documents_and_policies/","Paul Jones (COO)","500 to 999","LEARNING COMMUNITY TRUST","False","2025/04/05 00:00:00","2024/04/08 09:05:44"
"LEARNING DISABILITY NETWORK LONDON LIMITED","12633","16a Croxley Road, London, W9 3HL","W9 3HL","02325273","87900","2.7","10.8","","","0","0","24.8","75.2","24.8","75.2","35.8","64.2","30.8","69.2","https://www.ldnlondon.org/wp-content/uploads/2024/10/Gender-Pay-Analysis-Apr-2024.pdf","Brian Watts (Director for People)","250 to 499","LEARNING DISABILITY NETWORK LONDON LIMITED","False","2025/04/05 00:00:00","2024/10/17 15:56:14"
"LEARNING IN HARMONY MULTI ACADEMY TRUST","7515","Hartley Primary School, Hartley Avenue, London, England, E6 1NT","E6 1NT","09148738","85590","22.1","27.2","","","0","0","2.7","97.3","11","89","18.3","81.7","16","84","","","500 to 999","LEARNING IN HARMONY MULTI ACADEMY TRUST","False","2025/03/31 00:00:00","2024/11/12 12:35:58"
"Leathersellers' Federation of Schools","17403","Prendergast School, Adelaide Avenue, London, SE4 1LE","SE4 1LE","","1,
85310","15.63","24.54","","","0","0","16","84","31","69","31","69","39","61","","","250 to 499","Leathersellers' Federation of Schools","False","2025/03/31 00:00:00","2025/01/02 08:40:49"
"Leeds Arts University","14402","Blenheim Walk, Leeds, LS2 9BP","LS2 9BP","","1,
85421","11","5.6","","","0","0","36.3","63.7","34.6","65.4","50.6","49.4","43.7","56.3","https://www.leeds-art.ac.uk/about-us/legal-and-governance-at-leeds-arts-university/gender-pay-gap-reporting-2024","","250 to 499","Leeds Arts University","False","2025/03/31 00:00:00","2024/12/09 09:56:38"
"Leeds Community Healthcare Trust","17016","Stockdale House, Headingley Office Park, Victoria Road, LS6 1PF","LS6 1PF","","1,
86900","4.6","0","20.2","0","1.1","0.7","15.9","84.1","13.4","86.6","10.5","89.5","17.3","82.7","https://www.leedscommunityhealthcare.nhs.uk/about-us-new/equality-and-diversity/","","1000 to 4999","Leeds Community Healthcare Trust","False","2025/03/31 00:00:00","2024/10/29 09:12:41"
"LEEDS UNIVERSITY UNION","7536","Leeds University Union, Lifton Place, Leeds, West Yorkshire, United Kingdom, LS2 9JZ, 157","LS2 9JZ","07284768","94990","8.47","4.83","","","0","0","22","78","24","76","32","68","46","54","","Rachel Winfield (Head of Employee Experience)","250 to 499","LEEDS UNIVERSITY UNION","False","2025/04/05 00:00:00","2024/06/25 15:30:45"
"LEES CLEANING CONTRACTORS LLP","7537","43 Maxwell Street, South Shields, Tyne & Wear, NE33 4PU","NE33 4PU","OC350879","","2.34","2.30","","","0","0","25.35","74.65","26.03","73.97","26.03","73.97","26.03","73.97","https://leespremiercleaning.co.uk","DAWN WEST (PAYROLL ASSISTANT)","250 to 499","LEES CLEANING CONTRACTORS LLP","False","2025/04/05 00:00:00","2025/01/16 13:08:37"
"Legal Ombudsman","562","Edward House, Quay Place, Birmingham, B1 2RA","B1 2RA","","1,
84110","8","4","3","24","34","66","19.60","80.40","25.30","74.70","38","62","41.40","58.60","","","250 to 499","Legal Ombudsman","False","2025/03/31 00:00:00","2024/12/09 13:08:44"
"Leicester City Council","7551","City Hall, 115 Charles Street, Leicester, LE1 1FZ","LE1 1FZ","","1,
84110","-2.6","0.0","","","0","0","46","54","45","55","45","55","40","60","","","5000 to 19,999","Leicester City Council","False","2025/03/31 00:00:00","2024/08/27 15:34:59"
"LEICESTER GRAMMAR SCHOOL TRUST","20492","Leicester Grammar School London Road, Great Glen, Leicester, LE8 9FL","LE8 9FL","01521751","85200,
85310","10.7","5.2","","","0","0","28.8","71.2","18.7","81.3","22.7","77.3","42.7","57.3","https://www.leicestergrammar.org.uk/gender-pay-gap-reporting","Stephen Jeffries (Director of Finance & Operations)","250 to 499","LEICESTER GRAMMAR SCHOOL TRUST","False","2025/04/05 00:00:00","2025/01/07 08:40:53"
"Leicester Leicestershire & Rutland Integrated Care Board","22783","Room G30, Pen Lloyd Building, County Hall, Glenfield, Leicester, Leicestershire, LE3 8TB","LE3 8TB","","","21.3","11.2","","","0","0","30","70","22","78","27","73","42","58","","","250 to 499","Leicester Leicestershire & Rutland Integrated Care Board","False","2025/03/31 00:00:00","2025/01/16 15:46:28"
"Leicestershire Police","7559","St. Johns, Enderby, Leicester, Leicestershire, United Kingdom, LE19 2BX","LE19 2BX","","1,
84240","13.1","27.0","-40.7","-154.2","7.4","7.6","36.2","63.8","42.5","57.5","57.7","42.3","68.7","31.3","","","1000 to 4999","Leicestershire Police","False","2025/03/31 00:00:00","2025/01/07 11:57:14"
"LEIGH TRUST","7562","Nansen Primary School 104 Naseby Road, Alum Rock, Birmingham, England, B8 3HG","B8 3HG","08779660","85200","10.4","19.9","","","0","0","4.7","95.3","8.5","91.5","4.7","95.3","13.2","86.8","https://primarysite-prod-sorted.s3.amazonaws.com/leigh-trust/UploadedDocument/17440fe3-27bd-49ef-9636-df6a6022d54a/gender-pay-gap-leigh-trust-240331.pdf","","250 to 499","LEIGH TRUST","False","2025/03/31 00:00:00","2024/06/17 12:13:00"
"LEVERHULME ACADEMY CHURCH OF ENGLAND AND COMMUNITY TRUST","16256","Rivington And Blackrod High School Rivington Lane, Horwich, Bolton, United Kingdom, BL6 7RU","BL6 7RU","10514293","85310","21.96","39.61","","","0","0","17.3","82.7","23","77","24.70","75.30","48.75","51.25","https://www.leverhulmeacademytrust.org/Finances/","","250 to 499","LEVERHULME ACADEMY CHURCH OF ENGLAND AND COMMUNITY TRUST","False","2025/03/31 00:00:00","2024/10/30 11:30:54"
"Lewisham And Greenwich Nhs Trust","7593","Lewisham and Greenwich NHS Trust, Waterloo Block, 1st floor, Lewisham High Street, London, SE13 6LH","SE13 6LH","","1,
86210","21.83","15.26","11.73","0","2.68","0.48","18.08","81.92","17.81","82.19","18.10","81.90","34.74","65.26","","","5000 to 19,999","Lewisham And Greenwich Nhs Trust","False","2025/03/31 00:00:00","2024/12/10 13:43:08"
"Leyton sixth form college","15911","Essex Road, Leyton, E10 6EQ","E10 6EQ","","1,
85310","6.05","21.84","","","0","0","31","69","44","56","43","57","42","58","https://www.leyton.ac.uk/about-us/equity-diversity-and-inclusion/","","250 to 499","Leyton sixth form college","False","2025/03/31 00:00:00","2025/01/16 23:52:26"
"LGC LIMITED","7606","Queens Road, Teddington, Middlesex, TW11 0LY","TW11 0LY","02991879","74909","16.4","10.3","53.5","63.1","48.4","46.1","38.8","61.2","38.8","61.2","38.8","61.2","54.3","45.7","https://d2p36i2repke8e.cloudfront.net/app/uploads/2024/12/gender-pay-gap-report-2024.pdf","Anne Keyne Li (Assistant Company Secretary)","500 to 999","LGC LIMITED","False","2025/04/05 00:00:00","2024/12/19 12:53:30"
"Liberty Leisure Limited","14793","Town Hall, Foster Avenue, Beeston, Nottingham, NG9 1AB","NG9 1AB","","","7.2","3.6","","","0","0","23.5","76.5","23.5","76.5","25.5","74.5","26","74","","Craig Stevens (Payroll & Job Evaluation Manager)","Less than 250","Liberty Leisure Limited","False","2025/04/05 00:00:00","2024/07/03 15:05:39"
"LIBRA TEXTILES LIMITED","7620","Boundary Mill Stores Head Office, Vivary Way, Colne, Lancashire, BB8 9NW","BB8 9NW","01000964","47510,
47710,
47721","6.51","0","","","0","0","29.5","70.5","24.4","75.6","14.8","85.2","35.8","64.2","","Nigel Shuker (Finance Director)","500 to 999","LIBRA TEXTILES LIMITED","False","2025/04/05 00:00:00","2024/05/01 09:12:57"
"LIBRARIES UNLIMITED SOUTH WEST","17024","Exeter Library, Castle Street, Exeter, England, EX4 3PQ","EX4 3PQ","09822597","91011","16.87","0","","","0","0","5","95","17","83","16","84","25","75","","Keren Sansom (HR Data & Payroll Manager)","250 to 499","LIBRARIES UNLIMITED SOUTH WEST","False","2025/04/05 00:00:00","2024/09/30 08:34:26"
"Lichfield District Council","7622","District Council House, Frog Lane, Lichfield, WS13 6YU","WS13 6YU","","1,
84110","-4.3","-1.9","","","0","0","62","38","65","35","58","42","54","46","","","250 to 499","Lichfield District Council","False","2025/03/31 00:00:00","2024/07/10 11:01:49"
"LIFE Education Trust","20604","Brentwood Road, Romford, Essex, UK, RM1 2RR","RM1 2RR","","","31","40.3","","","0","0","5.5","94.5","12.2","87.8","14.9","85.1","27","73","","","250 to 499","LIFE Education Trust","False","2025/03/31 00:00:00","2024/04/15 06:49:25"
"LIME TRUST","19436","C/O Larkswood Primary School 70-72 New Road, Chingford, London, E4 8ET","E4 8ET","09297519","85200","16","18","","","0","0","18.3","81.7","16.8","83.2","7","93","5.4","94.6","https://limetrust.org/wp-content/uploads/2024/12/LT-Lime-Trust-Gender-pay-gap-report-2024-1.pdf","","500 to 999","LIME TRUST","False","2025/03/31 00:00:00","2024/12/17 11:17:14"
"Lincoln College","16447","Lincoln College, Monks Road, Lincoln, LN2 5HQ","LN2 5HQ","","1,
85310","8.36","5.16","23.90","14.88","1.85","1.52","40","60","56","44","58","42","55","45","https://www.lincolncollege.ac.uk/management-and-governance","","250 to 499","Lincoln College","False","2025/03/31 00:00:00","2025/01/07 15:36:30"
"LINCOLN COLLEGE CORPORATE SUPPORT SOLUTIONS LIMITED","7658","Lincoln College, Monks Road, Lincoln, Lincolnshire, LN2 5HQ","LN2 5HQ","07721010","82990","16.18","8.70","45.58","38.58","6.82","2.69","21","79","32","68","38","62","39","61","https://www.lincolncollege.ac.uk/management-and-governance","Claire O'Hara (Head of People Services)","250 to 499","LINCOLN COLLEGE CORPORATE SUPPORT SOLUTIONS LIMITED","False","2025/04/05 00:00:00","2025/01/07 15:32:07"
"Lincolnshire Community Health Services Nhs Trust","7660","Beech House, Witham Park, Lincoln, LN57JH","LN57JH","","1,
86210","16.8","8.8","0.0","0.0","0.3","0.1","20.6","79.4","10.6","89.4","12.9","87.1","10.8","89.2","","","1000 to 4999","Lincolnshire Community Health Services Nhs Trust","False","2025/03/31 00:00:00","2024/12/23 09:55:48"
"Lincolnshire County Council","7662","County Offices, Newland, Lincolnshire, LN1 1YL","LN1 1YL","","1,
84110","3.6","1.9","","","0","0","25","75","28","72","42","58","31","69","","","5000 to 19,999","Lincolnshire County Council","False","2025/03/31 00:00:00","2024/11/07 13:55:20"
"LINCOLNSHIRE HOUSING PARTNERSHIP LIMITED","19218","Westgate Park, Charlton Street, Grimsby, DN31 1SQ","DN31 1SQ","RS007748","","7.3","9.9","","","0","0","30.8","69.2","59.2","40.8","61.8","38.2","69","31","","Susan Parkinson (People Services Manager)","250 to 499","LINCOLNSHIRE HOUSING PARTNERSHIP LIMITED","False","2025/04/05 00:00:00","2024/11/28 15:05:37"
"Lincolnshire Partnership NHS Foundation Trust","514","Long Leys Road, Lincoln, LN1 1FS","LN1 1FS","","1,
86210","17.51","13.43","0","0","0.056","0.004","11.58","88.42","17.58","82.42","19.84","80.16","24.63","75.37","https://www.lpft.nhs.uk/application/files/6117/3098/6154/Gender_Pay_Gap_Report_2024_approved_by_Board_of_Directors_7_November_2024.pdf","","1000 to 4999","Lincolnshire Partnership NHS Foundation Trust","False","2025/03/31 00:00:00","2025/01/16 09:34:32"
"LINCS INSPIRE LIMITED","7665","Bradley Football Development Centre, Bradley Road, Grimsby, South Humberside, England, DN37 0AG","DN37 0AG","08293679","90010,
91011,
91012,
93110","0.71","0.00","","","0","0","40.00","60.00","27.00","73.00","47.00","53.00","34.00","66.00","https://lincsinspire.com/about-us/policies/","Susan Wells (Chief Executive Officer)","250 to 499","LINCS INSPIRE LIMITED","False","2025/04/05 00:00:00","2024/12/24 12:26:35"
"LIND GROUP HOLDING COMPANY LIMITED","22571","Brook Farm, Five Oak Green Road, Tonbridge, Kent, TN11 0QN","TN11 0QN","06497578","70100","26","24","68","66","88","84","70","30","77","23","88","12","94","6","https://www.lind.co.uk","Sarah St Clair Bishop (Head of People)","250 to 499","LIND GROUP HOLDING COMPANY LIMITED","False","2025/04/05 00:00:00","2024/08/13 11:10:21"
"LINEAGE UK TRANSPORT LIMITED","20585","Hareshill Road, Heywood, Lancashire, OL10 2TP","OL10 2TP","03405750","49410","4.6","6.2","26.5","13.1","78.9","57.80","87.2","12.8","97.2","2.8","97.9","2.1","93.6","6.4","https://www.onelineage.com/ethics-compliance","Emma Herstell (Payroll Supervisor)","250 to 499","LINEAGE UK TRANSPORT LIMITED","False","2025/04/05 00:00:00","2024/08/02 15:59:27"
"LINEAGE UK WAREHOUSING LIMITED","105","Hareshill Road, Heywood, Lancashire, OL10 2TP","OL10 2TP","00556895","46310,
46380,
49410,
52103","6.5","3.6","17.5","0","69.2","53.3","86","14","86","14","95.1","4.9","95.8","4.2","https://www.onelineage.com/ethics-compliance","Emma Herstell (Payroll Supervisor)","1000 to 4999","LINEAGE UK WAREHOUSING LIMITED","False","2025/04/05 00:00:00","2024/08/02 16:03:53"
"LINECROSS GROUP LIMITED","7676","Station Road, South Luffenham, Oakham, Rutland, LE15 8NG","LE15 8NG","04676612","70100","12","2","-23","0","11","15","69","31","84","16","84","16","84","16","","David Austin (Financial Director)","250 to 499","LINECROSS GROUP LIMITED","False","2025/04/05 00:00:00","2024/10/31 09:38:02"
"Link Academy Trust","20925","Landscove School House, Landscove C of E Primary School, Landscove, Nr Ashburton, Devon, United Kingdom, TQ13 7LY","TQ13 7LY","","","29.67","59.93","","","0","0","6.36","93.64","5.41","94.59","4.5","95.5","20","80","","","250 to 499","Link Academy Trust","False","2025/03/31 00:00:00","2025/01/02 14:28:19"
"Linwood Special School","18560","Alma Road, Bournemouth, BH9 1AJ","BH9 1AJ","","1","8.97","17.15","","","0","0","18.42","81.58","5.26","94.74","17.11","82.89","19.74","80.26","","","250 to 499","Linwood Special School","False","2025/03/31 00:00:00","2024/12/20 14:58:17"
"Lion Academy Trust","20425","155 Canterbury Road, London, London, United Kingdom, E10 6EJ","E10 6EJ","","","38.7","27.2","","","0","0","6.5","93.5","10.5","89.5","11.1","88.9","22.2","77.8","https://www.lionacademytrust.net/our-trust/our-policies","","500 to 999","Lion Academy Trust","False","2025/03/31 00:00:00","2024/12/13 11:20:27"
"Liverpool City Council","7711","Cunard Building, Water Street, Liverpool, L3 1AH","L3 1AH","","1,
84110","3.81","1.11","","","0","0","30.62","69.38","34.95","65.05","39.50","60.50","38.26","61.74","","","1000 to 4999","Liverpool City Council","False","2025/03/31 00:00:00","2024/12/09 08:31:33"
"LIVEWELL SOUTHWEST CIC","7717","Local Care Centre, 200 Mount Gould Road, Plymouth, Devon, PL4 7PY","PL4 7PY","07584107","86101","11.05","2.29","29.09","20.00","0.86","0.12","15.77","84.23","15.21","84.79","14.03","85.97","20.95","79.05","https://www.livewellsouthwest.co.uk/wp-content/uploads/2024/09/Informational-Data-Infographic_GPG-V4-scaled.jpg","Dawn Slater (Director of People and Professionalism)","1000 to 4999","LIVEWELL SOUTHWEST CIC","False","2025/04/05 00:00:00","2024/09/05 14:28:44"
"LIVV HOUSING GROUP","20202","","","RS007773","","-5.5","2.4","0","0","100","100","51.3","48.7","52.6","47.4","62.9","37.1","53.8","46.2","https://livvhousinggroup.com/news/gender-pay-gap-report-april-2024/","Judith Wilkinson (Director - People)","250 to 499","LIVV HOUSING GROUP","False","2025/04/05 00:00:00","2024/12/18 11:55:38"
"LLOYDS BANK ASSET FINANCE LIMITED","14117","25 Gresham Street, London, EC2V 7HN","EC2V 7HN","00615235","64205","20.7","31.9","41.2","62.8","100","100","25.8","74.2","42.3","57.7","56.8","43.2","64.6","35.4","https://www.lloydsbankinggroup.com/assets/pdfs/who-we-are/responsible-business/downloads/2024/lbg-gender-ethnicity-pay-gap-report-2024.pdf","Sharon Doherty (Chief People & Places Officer)","500 to 999","LLOYDS BANK ASSET FINANCE LIMITED","False","2025/04/05 00:00:00","2024/12/16 10:29:24"
"LLOYDS BANK CORPORATE MARKETS PLC","21607","25 Gresham Street, London, EC2V 7HN","EC2V 7HN","10399850","64191","10.9","0.6","35.3","8.5","96.4","97.4","34.4","65.6","32.2","67.8","32.2","67.8","36.4","63.6","https://www.lloydsbankinggroup.com/assets/pdfs/who-we-are/responsible-business/downloads/2024/lbg-gender-ethnicity-pay-gap-report-2024.pdf","Sharon Doherty (Chief People & Places Officer)","500 to 999","LLOYDS BANK CORPORATE MARKETS PLC","False","2025/04/05 00:00:00","2024/12/16 10:33:16"
"LLOYDS BANK PLC","7727","25 Gresham Street, London, EC2V 7HN","EC2V 7HN","00002065","64191","26.7","39.2","50.6","43.6","95.3","96.1","33","67","38.2","61.8","53.1","46.9","63.6","36.4","https://www.lloydsbankinggroup.com/assets/pdfs/who-we-are/responsible-business/downloads/2024/lbg-gender-ethnicity-pay-gap-report-2024.pdf","Sharon Doherty (Chief People & Places Officer)","20,000 or more","LLOYDS BANK PLC","False","2025/04/05 00:00:00","2024/12/16 10:17:25"
"LLOYDS BANKING GROUP PLC","7728","The Mound, Edinburgh, EH1 1YZ","EH1 1YZ","SC095000","64205","25.9","35.5","50.5","56.8","96.5","97.1","30.7","69.3","35.8","64.2","50.2","49.8","62.1","37.9","https://www.lloydsbankinggroup.com/assets/pdfs/who-we-are/responsible-business/downloads/2024/lbg-gender-ethnicity-pay-gap-report-2024.pdf","Sharon Doherty (Chief People & Places Officer)","20,000 or more","LLOYDS BANKING GROUP PLC","False","2025/04/05 00:00:00","2024/12/16 10:13:28"
"LOCAL PENSIONS PARTNERSHIP ADMINISTRATION LTD","20808","Level 2 Christ Church Precinct, County Hall Complex, Preston, England, PR1 8XJ","PR1 8XJ","09985860","66290","-0.4","5.50","-6.90","0","63.85","55.75","37.84","62.16","41.89","58.11","38.67","61.33","50.67","49.33","","Jessica Whittles (People & Culture Operations Manager)","250 to 499","LOCAL PENSIONS PARTNERSHIP ADMINISTRATION LTD","False","2025/04/05 00:00:00","2024/12/12 09:41:41"
"LONDON & QUADRANT HOUSING TRUST","251","29-35 West Ham Lane, London, E15 4PH","E15 4PH","IP030441","","11.55","9.86","-36.93","0","25.23","32.37","44.32","55.68","46.63","53.37","45.44","54.56","61.8","38.2","https://www.lqgroup.org.uk/-/media/files/corporate/landq-equality-diversity-and-inclusion-report-23_24.pdf","Tom Nicholls (Executive Group Director, Human Resources)","1000 to 4999","LONDON & QUADRANT HOUSING TRUST","False","2025/04/05 00:00:00","2025/01/02 07:50:39"
"LONDON EV COMPANY LIMITED","16202","Li Close, Ansty Park, Ansty, Coventry, England, CV7 9RF","CV7 9RF","08357576","29100,
45111,
45200,
62090","-4.7","-0.8","37","-7.3","9","5","89","11","80","20","81","19","82","18","https://www.levc.com/company/corporate-compliance/","Sarah Weston (HR Director)","250 to 499","LONDON EV COMPANY LIMITED","False","2025/04/05 00:00:00","2024/10/04 13:42:32"
"London Metropolitan University","7812","Tower Building, 166 - 220 Holloway Road, London, N7 8DB","N7 8DB","","1,
85421","4.39","5.82","12.18","2.79","82.26","83.29","44.02","55.98","42.24","57.76","43.26","56.74","52.67","47.33","https://www.londonmet.ac.uk/about/equality-and-diversity/","","1000 to 4999","London Metropolitan University","False","2025/03/31 00:00:00","2024/12/10 10:44:54"
"LONDON NORTH EASTERN RAILWAY LIMITED","19069","West Offices, Station Rise, York, England, YO1 6GA","YO1 6GA","04659712","49100","21.24","15.74","21.24","15.74","48.46","60.23","40.51","59.49","49.93","50.07","62.63","37.37","80.11","19.89","","Craig McNally (EDI Lead)","1000 to 4999","LONDON NORTH EASTERN RAILWAY LIMITED","False","2025/04/05 00:00:00","2025/01/15 11:38:41"
"LONG LANE DELIVERIES LTD.","17398",". Belgowan Street, Bellshill, ML4 3LB","ML4 3LB","SC230233","49410","-3.03","2.35","","","0","0","74.32","25.68","73.33","26.67","98.67","1.33","70.67","29.33","","Tracy Hall (Head of Finance)","250 to 499","LONG LANE DELIVERIES LTD.","False","2025/04/05 00:00:00","2024/05/10 16:08:46"
"LONGACRES GARDEN CENTRE LIMITED","212","Longacres Nursery, London Road, Bagshot, Surrey, GU19 5JB","GU19 5JB","07689770","47760","-2.00","0.00","","","0","0","52","48","37","63","32","68","43","57","","Nigel Long (Managing Director)","500 to 999","LONGACRES GARDEN CENTRE LIMITED","False","2025/04/05 00:00:00","2024/05/28 12:55:55"
"LONGHURST GROUP LIMITED","7839","50 Newhall Hill, Birmingham, England, B1 3JN","B1 3JN","03958380","68201","15.1","13.2","19.6","17.9","82.3","84.7","27","73","21","79","25","75","46","54","https://www.longhurst-group.org.uk/about-us/publications/search=gender+pay+gap","Julie Doyle (Chief Executive)","500 to 999","LONGHURST GROUP LIMITED","False","2025/04/05 00:00:00","2024/12/16 15:14:45"
"LORDS GROUP TRADING PLC","21475","Second Floor, 12-15 Hanger Green, London, United Kingdom, W5 3EL","W5 3EL","11633708","70100","7.3","11.4","1.4","0","83","90","88.7","11.3","86.7","13.3","80.2","19.8","78.9","21.1","https://www.lordsgrouptradingplc.co.uk/about-us/gender-pay-gap-report","Anne Prince (Group HR Director)","500 to 999","LORDS GROUP TRADING PLC","False","2025/04/05 00:00:00","2024/09/17 14:00:37"
"LOTUS CARS LIMITED","7861","Potash Lane, Hethel, Norwich, Norfolk, NR14 8EZ","NR14 8EZ","00895081","29100","0.01","2.00","-5.46","-6.67","93.72","90.25","85.67","14.33","87.92","12.08","88.20","11.80","87.64","12.36","https://www.lotuscars.com/en-GB/gender-pay-gap-statement","Matthew Windle (Managing Director Lotus Cars Limited)","1000 to 4999","LOTUS CARS LIMITED","False","2025/04/05 00:00:00","2024/09/23 14:09:57"
"LOTUS INTERNATIONAL LIMITED","7865","Sandpiper House, 37-39 Queen Elizabeth Street, London, SE1 2BT","SE1 2BT","01835272","79110","23.96","-2.8","","","0","0","59","41","74","26","71","29","81","19","","Mark Furnish (Management Accountant)","250 to 499","LOTUS INTERNATIONAL LIMITED","False","2025/04/05 00:00:00","2025/01/10 09:42:42"
"LOUISE HEWETT RECRUITMENT LIMITED","16654","1 Bridge Street, Kidderminster, Worcestershire, DY10 1BN","DY10 1BN","01504560","78300","10.1","0.0","37.6","35.3","7.5","10","60.4","39.6","48.1","51.9","56.6","43.4","63.5","36.5","","Laura Hewett (Owner Director)","Less than 250","LOUISE HEWETT RECRUITMENT LIMITED","False","2025/04/05 00:00:00","2025/01/02 10:17:51"
"LUCID GROUP COMMUNICATIONS LIMITED","22154","Middlesex House, 34-42 Cleveland Street, London, England, W1T 4JE","W1T 4JE","09212331","70210","9.00","16.21","-0.78","-9.88","30.18","69.82","24.36","75.64","28.12","71.88","33.78","66.22","34.78","65.22","","Luke Devlin (People Data & Insights Specialist)","250 to 499","LUCID GROUP COMMUNICATIONS LIMITED","False","2025/04/05 00:00:00","2024/04/10 09:25:24"
"LUMEN CHRISTI CATHOLIC MULTI ACADEMY COMPANY","7901","St Thomas Aquinas Catholic School, Wychall Lane, Birmingham, B38 8AP","B38 8AP","09471525","85100,
85200,
85310","21.5","21","","","0","0","6.8","93.2","11","89","21.2","78.8","25.6","74.4","","","250 to 499","LUMEN CHRISTI CATHOLIC MULTI ACADEMY COMPANY","False","2025/03/31 00:00:00","2024/12/30 08:23:56"
"Lumen Learning Trust","20497","C/O Saxon Primary School, Briar Road, Shepperton, County (optional), TW17 0JB","TW17 0JB","","","10.5","8.8","","","0","0","1.8","98.2","3.6","96.4","6.4","93.6","4.5","95.5","","","250 to 499","Lumen Learning Trust","False","2025/03/31 00:00:00","2025/01/02 10:27:38"
"Lykos Multi Academy Trust","23525","Boundary Way, Penn, Wolverhampton, West Midlands, United Kingdom, WV4 4NT","WV4 4NT","","","25.84","54.22","","","0","0","15.22","84.78","7.53","92.47","25.81","74.19","33.33","66.67","","","250 to 499","Lykos Multi Academy Trust","False","2025/03/31 00:00:00","2025/01/09 13:30:41"
"M J BIRTWISTLE & CO LIMITED","7937","1 Ferrous Way, Irlam, Manchester, M44 5FS","M44 5FS","04685959","10110,
10120,
10130,
46320","-2.1","0","-45.4","-25","32.2","40.5","82.6","17.4","68.6","31.4","81.4","18.6","70.1","29.9","http://birtwistles.com","ELIZABETH WATTS (Company Secretary)","250 to 499","M J BIRTWISTLE & CO LIMITED","False","2025/04/05 00:00:00","2024/06/20 09:13:19"
"M.MARKOVITZ LIMITED","21205","Commercial Road, Tideswell, Buxton, Derbyshire, England, SK17 8NY","SK17 8NY","00627513","46130","-5.0","-5.3","-125","-130.8","1.9","5.6","86.0","14.0","84.9","15.1","80.2","19.8","84.7","15.3","","lorraine kilvert (Finance Director)","250 to 499","M.MARKOVITZ LIMITED","False","2025/04/05 00:00:00","2024/05/10 10:32:29"
"M&S ON-TIME SERVICES LTD","17945","7 Cranley Drive, Ilford, England, IG2 6AH","IG2 6AH","08982232","69202,
78109","0","0","","","0","0","92","8","95","5","93","7","94","6","","Mahalingasivam Mathitharan (Director)","Less than 250","M&S ON-TIME SERVICES LTD","False","2025/04/05 00:00:00","2025/01/02 10:11:30"
"MACE CONSTRUCT LIMITED","21551","155 Moorgate, London, England, EC2M 6XB","EC2M 6XB","09887082","41100,
41201,
41202","33.5","35.5","58.9","37.5","71.1","63.1","48","52","78","22","86","14","93","7","https://www.macegroup.com/about-us/edi","Mark Reynolds (Group Chairman and Chief Executive)","1000 to 4999","MACE CONSTRUCT LIMITED","False","2025/04/05 00:00:00","2024/12/16 15:53:10"
"MACE CONSULT LIMITED","21550","155 Moorgate, London, EC2M 6XB","EC2M 6XB","07094851","70229,
82990","18.3","18.2","26.9","21","60.3","56.4","50","50","62","38","72","28","77","23","https://www.macegroup.com/about-us/edi","Mark Reynolds (Group Chairman and Chief Executive)","1000 to 4999","MACE CONSULT LIMITED","False","2025/04/05 00:00:00","2024/12/16 15:48:36"
"MACE LIMITED","7969","155 Moorgate, London, EC2M 6XB","EC2M 6XB","02410626","41100,
41201,
64203,
70229","20.3","21.3","37.8","33.3","79","76.5","32","68","43","57","49","51","58","42","https://www.macegroup.com/about-us/edi","Mark Reynolds (Group Chairman and Chief Executive)","250 to 499","MACE LIMITED","False","2025/04/05 00:00:00","2024/12/16 15:36:56"
"MACINTYRE CARE","7978","Seebeck House 1 Seebeck Place, Knowlhill, Milton Keynes, England, MK5 8FR","MK5 8FR","00894054","85590,
87200,
87300,
87900","-4.72","0","","","0","0","25","75","33","67","33","67","20","80","https://www.macintyrecharity.org/about-us/governance/corporate-documents-financials-and-statements/","Gemma Scott (HR Advisor)","1000 to 4999","MACINTYRE CARE","False","2025/04/05 00:00:00","2025/01/13 11:07:59"
"Maidstone Borough Council","8010","Maidstone House, King Street, Maidstone, Kent, United Kingdom, ME15 6JQ","ME15 6JQ","","1,
84110","3.0","1.6","-46.9","-33.3","13.9","12.0","58.4","41.6","24.1","75.9","32.1","67.9","53.3","46.7","https://maidstone.gov.uk/home/primary-services/council-and-democracy/primary-areas/information-and-data/tier-3-primary-areas/council-performance-reports/tier-3-primary-areas/strategies-and-plans/gender-pay-gap-report","","500 to 999","Maidstone Borough Council","False","2025/03/31 00:00:00","2024/12/23 12:17:43"
"MAINPAY LIMITED","8013","9 Chestnut Close, Englefield Green, Egham, England, TW20 0SJ","TW20 0SJ","05980853","70229","27","6.4","","","0","0","22.8","77.2","20.9","79.1","26.5","73.5","33.4","66.6","https://drive.google.com/file/d/1W3gWibs4dKM2k5LJHfz9HdOsgn38rdTs/view?usp=sharing","Thomas Nugent (Director)","5000 to 19,999","MAINPAY LIMITED","False","2025/04/05 00:00:00","2025/01/09 16:38:01"
"MAJESTIC WINE WAREHOUSES LIMITED","15155","Majestic House The Belfry, Colonial Way, Watford, Hertfordshire, United Kingdom, WD24 4WH","WD24 4WH","01594599","46342","-4.2","-2.6","8.5","1.9","95","93","73.8","26.2","75.5","24.5","75.9","24.1","64.6","35.4","","Jacqueline Rouse (People Director)","1000 to 4999","MAJESTIC WINE WAREHOUSES LIMITED","False","2025/04/05 00:00:00","2024/12/31 10:04:45"
"Malvern Hills District Council","19693","Council House, Avenue Road, Malvern, Worcestershire, WR14 3AF","WR14 3AF","","1","-5.25","0","","","0","0","68.85","31.15","32.79","67.21","48.33","51.67","44.26","55.74","","","250 to 499","Malvern Hills District Council","False","2025/03/31 00:00:00","2024/11/05 13:35:15"
"MANOR HOUSE HOTEL (OKEHAMPTON) LIMITED","8064","Manor House Hotel, Fowley Cross, Okehampton, Devon, England, EX20 4NA","EX20 4NA","01883684","55100","12","12","","","0","0","48.5","51.5","42.4","57.6","72.7","27.3","63.6","36.4","","Michael Armstrong (Director)","250 to 499","MANOR HOUSE HOTEL (OKEHAMPTON) LIMITED","False","2025/04/05 00:00:00","2024/10/09 11:34:09"
"MARELLI AUTOMOTIVE SYSTEMS UK LIMITED","2700","Llethri Road, Llanelli, Dyfed, SA14 8HU","SA14 8HU","02147831","29320","-6.59","0","27.67","1.02","2.83","5","86.57","13.43","90.61","9.39","93.85","6.15","83.81","16.19","","Dawn Prior (HR Director)","1000 to 4999","MARELLI AUTOMOTIVE SYSTEMS UK LIMITED","False","2025/04/05 00:00:00","2024/11/14 11:12:10"
"MARIPOSA CARE GROUP LIMITED","19282","Scholes Mill Old Coach Road, Tansley, Matlock, Derbyshire, United Kingdom, DE4 5FY","DE4 5FY","10104381","87100","8.3","0","","","0","0","13.9","86.1","7.3","92.7","17.9","82.1","22","78","https://mariposacare.com/gender-pay-profile/","Joanne Barry (Head of Finance)","500 to 999","MARIPOSA CARE GROUP LIMITED","False","2025/04/05 00:00:00","2024/04/15 05:59:02"
"MARK EDUCATION TRUST","1916","Mark Education Trust, North Beeches Road, Crowborough, England, TN6 2AS","TN6 2AS","07959980","85310","14","27","","","0","0","24","76","22","78","21","79","43","57","https://www.markeducationtrust.org/trust-information-and-documents","","250 to 499","MARK EDUCATION TRUST","False","2025/03/31 00:00:00","2024/07/01 14:28:41"
"MARKS AND SPENCER P.L.C.","8118","Waterside House, 35 North Wharf Road, London, W2 1NW","W2 1NW","00214436","47190","12.2","5.5","56.2","0.0","85.3","84.4","20.5","79.5","26.3","73.7","33.1","66.9","44.6","55.4","","Sarah Findlater (People Director)","20,000 or more","MARKS AND SPENCER P.L.C.","False","2025/04/05 00:00:00","2024/12/05 09:59:05"
"Mater Ecclesiae Catholic Multi Academy Trust","23529","Wrkspace, Fulwood, Preston, Lancashire, United Kingdom, PR2 9ZZ","PR2 9ZZ","","","23.83","37.72","","","0","0","7.8","92.2","9.0","91.0","10.0","90.0","23.6","76.4","","","250 to 499","Mater Ecclesiae Catholic Multi Academy Trust","False","2025/03/31 00:00:00","2024/12/16 15:57:05"
"MAYFAIR HOMECARE LIMITED","20809","Unit 9 Pendeford Place Pendeford Business Park, Wobaston Road, Wolverhampton, England, WV9 5HD","WV9 5HD","03633635","88100","-2.34","-0.96","-21.56","0","86.17","86.82","19.64","80.36","28.83","71.17","14.41","85.59","26.13","73.87","https://irp.cdn-website.com/bfe02999/files/uploaded/Gender_Pay_Gap_2024.pdf","Darren Stapelberg (CEO)","250 to 499","MAYFAIR HOMECARE LIMITED","False","2025/04/05 00:00:00","2025/01/06 10:24:45"
"MBNA LIMITED","8215","Cawley House, Chester Business Park, Chester, United Kingdom, CH4 9FB","CH4 9FB","02783251","64999","15.4","17","32.3","46.8","99.2","95.2","34.4","65.6","33.3","66.7","42.9","57.1","55.2","44.8","https://www.lloydsbankinggroup.com/assets/pdfs/who-we-are/responsible-business/downloads/2024/lbg-gender-ethnicity-pay-gap-report-2024.pdf","Sharon Doherty (Chief People & Places Officer)","500 to 999","MBNA LIMITED","False","2025/04/05 00:00:00","2024/12/16 10:26:15"
"MCGILL’S SCOTLAND EAST LIMITED","18815","Carmuirs House, 300 Stirling Road, Larbert, Stirlingshire, FK5 3NJ","FK5 3NJ","SC091923","49319","5","1","","","0","0","88","12","91","9","90","10","75","25","","Christopher Brindle (Management Accountant)","500 to 999","MCGILL’S SCOTLAND EAST LIMITED","False","2025/04/05 00:00:00","2024/04/10 09:17:23"
"MCMANUS MANAGED PUB CO. LIMITED","18172","Barratts Club, Kingsthorpe Road, Northampton, Northamptonshire, NN2 6HT","NN2 6HT","04080189","56302","18","11","68","49","14","1","21","79","33","67","49","51","62","38","https://mcmanuspub.co.uk/uploads/genderpay_20240607.pdf","Christopher Wright (Finance Director)","250 to 499","MCMANUS MANAGED PUB CO. LIMITED","False","2025/04/05 00:00:00","2024/06/13 12:59:14"
"MEAD MEDICAL SERVICES LIMITED","8269","37 Albyn Place, Aberdeen, Aberdeen City, Scotland, AB10 1YN","AB10 1YN","SC103385","86210,
86900","-5.57","0.17","","","0","0","15","85","10","90","15","85","16","84","","Alison Dryden (assistant accountant)","250 to 499","MEAD MEDICAL SERVICES LIMITED","False","2025/04/05 00:00:00","2025/01/15 15:59:16"
"MEDICAL SERVICES INTERNATIONAL LIMITED","8292","Cromwell Hospital, Cromwell Road, London, SW5 0TU","SW5 0TU","01416977","86102,
86210,
86900","0.6","-2.1","-2.5","-5.2","83.5","81.8","42.3","57.7","24.7","75.3","29.1","70.9","35","65","https://www.bupa.com/important-notices/pay-gap-reports","Carlos Jaureguizar (CEO, Bupa Global, India & UK)","500 to 999","MEDICAL SERVICES INTERNATIONAL LIMITED","False","2025/04/05 00:00:00","2024/12/30 11:18:23"
"MEIYUME (UK) LIMITED","7603","Aintree Avenue, White Horse Business Park, Trowbridge, United Kingdom, BA14 0XB","BA14 0XB","00483352","20420","9.19","5.38","2.79","15.19","95.68","86.56","71.82","28.18","57.27","42.73","49.09","50.91","52.78","47.22","","Amanda Hards (Managing Director (UK))","250 to 499","MEIYUME (UK) LIMITED","False","2025/04/05 00:00:00","2025/01/06 11:02:11"
"MENZIES LLP","8334","Suite A 1st Floor Midas House, 62 Goldsworth Road, Woking, Surrey, GU21 6LQ","GU21 6LQ","OC336077","","5.3","2.3","15.4","1.2","71.6","74.4","49.6","50.4","44.7","55.3","44.0","56.0","53.9","46.1","","Rich Singleton (Finance Director)","500 to 999","MENZIES LLP","False","2025/04/05 00:00:00","2024/12/16 11:44:19"
"MERIDIAN HEALTH & SOCIAL CARE LIMITED","18945","Unit 9-10 Pendeford Place Pendeford Business Park, Wolverhampton, West Midlands, WV9 5HD","WV9 5HD","06321196","86900","-0.28","0.23","-4.5","14.29","88.53","85.93","20","80","18.44","81.56","30.33","69.67","16.8","83.2","https://irp.cdn-website.com/bfe02999/files/uploaded/Gender_Pay_Gap_2024.pdf","Darren Stapelberg (CEO)","1000 to 4999","MERIDIAN HEALTH & SOCIAL CARE LIMITED","False","2025/04/05 00:00:00","2025/01/06 10:25:19"
"Merseyside Fire and Rescue Service","14088","Bridle Road, Bootle, Merseyside, L30 4YD","L30 4YD","","1,
84250","8.4","3.4","","","0","0","52.5","47.5","82.4","17.6","71.7","28.3","78.4","21.6","https://www.merseyfire.gov.uk/media/er5djri2/equality-analysis-workforce-and-employment-data-2023-24.pdf","","500 to 999","Merseyside Fire and Rescue Service","False","2025/03/31 00:00:00","2024/10/21 08:30:15"
"METHODIST HOMES","8380","Epworth House, Stuart Street, Derby, Derbyshire, DE1 2EQ","DE1 2EQ","04043124","87100","1.1","0.9","","","0","0","17.3","82.7","16.1","83.9","26.6","73.4","20.5","79.5","https://www.mha.org.uk/about/equality-diversity/gender-pay-gap/","Anna Marshall-Day (Director of People and Communications)","5000 to 19,999","METHODIST HOMES","False","2025/04/05 00:00:00","2024/05/07 11:53:58"
"METTLER-TOLEDO LIMITED","15949","64 Boston Road, Beaumont Leys, Leicester, LE4 1AW","LE4 1AW","00959974","26511,
26512","16.5","17","23","34","93.5","94.6","51.7","48.3","75","25","78.3","21.7","79.7","20.3","","Kirsty FitzPatrick (HR Business Partner)","Less than 250","METTLER-TOLEDO LIMITED","False","2025/04/05 00:00:00","2024/08/08 14:45:19"
"MEWBURN ELLIS LLP","21506","20th Floor City Tower, 40 Basinghall Street, London, England, EC2V 5DE","EC2V 5DE","OC306749","","21.2","25.9","27","34.4","95.8","91.9","21.7","78.3","19.1","80.9","41.2","58.8","50","50","https://www.mewburn.com/gender-pay-gap","Robert Andrews (Partner, Patent Attorney, Chief Inclusion & Diversity Officer)","250 to 499","MEWBURN ELLIS LLP","False","2025/04/05 00:00:00","2024/11/08 14:38:05"
"MI HUB LIMITED","8738","3 Long Acre, Willow Farm Business Park, Castle Donington, Derbyshire, England, DE74 2UG","DE74 2UG","00454264","14120","15.5","4.1","1.5","16.1","10.5","6.9","43.7","56.3","25.4","74.6","27.7","72.3","47.5","52.5","","Hayley Brooks (Chief Executive Officer)","500 to 999","MI HUB LIMITED","False","2025/04/05 00:00:00","2025/01/08 14:49:00"
"MICROLISE LIMITED","8423","Farrington Way, Eastwood, Nottingham, NG16 3AG","NG16 3AG","03037936","26200,
62012,
62020","24.5","25.3","70.2","87.8","13.4","13","49.6","50.4","79.4","20.6","76.1","23.9","83","17","https://www.microlise.com/about/csr/","Nick Wightman (CFO)","500 to 999","MICROLISE LIMITED","False","2025/04/05 00:00:00","2025/01/13 09:47:03"
"Mid and South Essex NHS Foundation Trust","20298","Prittlewell Chase, Westcliff On Sea, Southend, Essex, SS0 0RY","SS0 0RY","","","24.16","7.46","32.15","0","9.93","1.32","37.51","62.49","18.42","81.58","22.75","77.25","20.96","79.04","","","5000 to 19,999","Mid and South Essex NHS Foundation Trust","False","2025/03/31 00:00:00","2025/01/08 14:52:28"
"Mid Cheshire Hospitals Nhs Foundation Trust","8431","Leighton Hospital, Crewe, Cheshire, United Kingdom, CW1 4QJ","CW1 4QJ","","1,
86210","20.87","7.20","21.58","0","9.20","1.38","14.8","85.2","18.36","81.64","14.86","85.14","25.7","74.3","https://www.mcht.nhs.uk/download_file/5273/182     Page will be updated with 2024 report prior to 30-03-24","","5000 to 19,999","Mid Cheshire Hospitals Nhs Foundation Trust","False","2025/03/31 00:00:00","2025/01/07 17:39:59"
"Middlesbrough College","8436","Dock Street, Middlesbrough, Cleveland, United Kingdom, TS2 1AD","TS2 1AD","","1,
85320","7.96","11.93","-9.19","45.37","0.92","1.47","37.28","62.72","29.39","70.61","38.85","61.15","49.82","50.18","https://www.mbro.ac.uk/about-us/governance/gender-pay-gap","","1000 to 4999","Middlesbrough College","False","2025/03/31 00:00:00","2024/12/11 14:52:21"
"MIDDLESEX LEARNING PARTNERSHIP","12207","Barnhill Community High School, Yeading Lane, Hayes, UB4 9LE","UB4 9LE","07719016","85200,
85310","29.5","45.4","","","0","0","7.7","92.3","11.7","88.3","20.3","79.7","38.5","61.5","","","250 to 499","MIDDLESEX LEARNING PARTNERSHIP","False","2025/03/31 00:00:00","2024/12/13 14:41:04"
"Middlesex University","8438","Hendon Campus, The Burroughs, London, NW4 4BT","NW4 4BT","","1,
85421","9.6","12.1","9.3","12.1","0.1","0.1","34.6","65.4","37.2","62.8","45.0","55.0","51.7","48.3","https://www.mdx.ac.uk/about-us/policies/gender-pay/","","1000 to 4999","Middlesex University","False","2025/03/31 00:00:00","2024/12/09 09:54:42"
"Midlands Partnership NHS Foundation Trust","18582","Mellor HouseSt George's Hospital, Corporation Street Stafford. Staffordshire, ST16 3AG","ST16 3AG","","1","12.95","2.45","20.07","-7.83","1.44","0.17","13.57","86.43","18.25","81.75","16.58","83.42","22.44","77.56","https://www.mpft.nhs.uk/about-us/equality-and-inclusion","","5000 to 19,999","Midlands Partnership NHS Foundation Trust","False","2025/03/31 00:00:00","2024/09/09 17:53:42"
"MILETA SPORTS LIMITED","12777","Spen Vale Mills, Station Lane, Heckmondwike, Yorkshire, WF16 0NQ","WF16 0NQ","01132951","47710","11.5","0","65.69","66.06","87.9","84.8","36.4","63.6","37.9","62.1","33.3","66.7","54.5","45.5","https://www.tog24.com/pages/company-information","Emma Woodcock (Head of HR)","250 to 499","MILETA SPORTS LIMITED","False","2025/04/05 00:00:00","2024/07/09 14:40:56"
"MILLIKEN INDUSTRIALS LIMITED","8477","Beech Hill Plant, Gidlow Lane, Wigan, Lancashire, WN6 8RN","WN6 8RN","00172105","13931","-4","-20.7","-224.7","-590.1","72","42","79.5","20.5","79.5","20.5","72.7","27.3","67.8","32.2","https://www.milliken.com/en-us/sustainability/ethics","Shaun Thompson (Payroll Director)","250 to 499","MILLIKEN INDUSTRIALS LIMITED","False","2025/04/05 00:00:00","2025/01/06 14:55:05"
"Milton Keynes  College","16550","Chaffron Way Campus, Leadenhall, Milton Keynes, MK6 5LP","MK6 5LP","","1,
85310","5.8","7.3","-47.3","0","0.9","0.6","19.8","80.2","30.3","69.7","33.9","66.1","37.5","62.5","","","1000 to 4999","Milton Keynes  College","False","2025/03/31 00:00:00","2024/04/26 14:26:52"
"Milton Keynes University Hospital NHS Foundation Trust","8486","Standing Way, Eaglestone, Milton Keynes, MK6 5LD","MK6 5LD","","1,
86210","24.65","11.57","33.48","0.00","8.97","1.65","20.58","79.42","15.6","84.4","13.00","87.00","34.43","65.57","https://www.mkuh.nhs.uk/wp-content/uploads/2024/08/MKUH-Gender-Pay-Gap-Report-2023-24.pdf","","1000 to 4999","Milton Keynes University Hospital NHS Foundation Trust","False","2025/03/31 00:00:00","2024/12/13 12:43:52"
"Ministry Of Defence","8498","6-N-22, MOD Main Building, Whitehall, London, United Kingdom, SW1A 2 HB","SW1A 2 HB","","1,
84110","6.6","9.0","18.3","12.0","54","56","48","52","58","42","64","36","64","36","https://assets.publishing.service.gov.uk/media/677e850e99c93b7286a397d4/MOD_gender_pay_gap_report_2024.pdf","","20,000 or more","Ministry Of Defence","False","2025/03/31 00:00:00","2025/01/08 14:13:20"
"Ministry of Housing, Communities and Local Government","14369","Fry Building, 2 Marsham St, London, SW1P 4DF","SW1P 4DF","","1,
84110","2.5","9.5","-0.3","-22.9","63.2","65","45.6","54.4","47.1","52.9","48.9","51.1","51.9","48.1","https://www.gov.uk/government/publications/mhclg-gender-pay-gap-report-and-data-2024","","1000 to 4999","Ministry of Housing, Communities and Local Government","False","2025/03/31 00:00:00","2024/12/17 16:02:53"
"Ministry of Justice","8499","102 Petty France, London, London, SW1H 9AJ","SW1H 9AJ","","1,
84110","5.7","5","3.7","-10.9","42.8","54.4","31","69","40","60","55","45","44","56","https://www.gov.uk/government/publications/ministry-of-justice-gender-pay-gap-report-2024","","20,000 or more","Ministry of Justice","False","2025/03/31 00:00:00","2024/12/17 16:02:19"
"MINOR,WEIR AND WILLIS LIMITED","14897","Altitude 206 Deykin Avenue, Witton, Birmingham, West Midland, B6 7BH","B6 7BH","00776793","46310","5.46","0","43.4","50.57","11.85","12.19","65","35","73","27","78","22","76","24","","Parveen Mehta (Operations Director)","250 to 499","MINOR,WEIR AND WILLIS LIMITED","False","2025/04/05 00:00:00","2025/01/09 08:53:20"
"MINSTHORPE ACADEMY TRUST","8504","Minsthorpe Community College Minsthorpe Lane, South Elmsall, Pontefract, West Yorkshire, WF9 2UJ","WF9 2UJ","07635467","85310","11.45","26.12","","","0","0","3","97","37","63","28","72","31","69","","","250 to 499","MINSTHORPE ACADEMY TRUST","False","2025/03/31 00:00:00","2024/07/22 10:45:45"
"MOAT HOMES LIMITED","8568","Mariner House, Galleon Boulevard, Dartford, KENT, United Kingdom, DA2 6QE","DA2 6QE","IP17434R","","20.3","17","27","0","65","78","19","81","22","78","35","65","50","50","https://www.moat.co.uk/media/0gtne3sm/our-april-2024-gender-pay-gap-report.pdf","Carrie McKenzie (Executive Director People & Culture)","250 to 499","MOAT HOMES LIMITED","False","2025/04/05 00:00:00","2024/12/19 10:18:18"
"MODUS CARE LIMITED","15411","Minton Place, Victoria Street, Windsor, England, SL4 1EG","SL4 1EG","03983561","86900","0","0.08","-539.10","-200","0.5","0.8","39.3","60.7","38","62","36.1","63.9","39.8","60.2","https://www.salutemcareandeducation.co.uk/gender-pay-gap-reports/","Kirstie Jones (Chief People)","250 to 499","MODUS CARE LIMITED","False","2025/04/05 00:00:00","2024/08/23 11:26:29"
"MOLSON COORS BREWING COMPANY (UK) LIMITED","8580","137 High Street,, Burton Upon Trent,, Staffordshire, DE14 1JZ","DE14 1JZ","00026018","11050,
46342","-0.89","4.68","-5.07","-63.25","95.93","95.55","61","39","76","24","78","22","66","34","","Nicki Becker (Rewards Director)","1000 to 4999","MOLSON COORS BREWING COMPANY (UK) LIMITED","False","2025/04/05 00:00:00","2024/04/11 07:30:42"
"Monmouthshire Building Society","22567","John Frost Square, Newport, Gwent, UK, NP20 1PX","NP20 1PX","","64192","25.69","25.53","31.76","18.37","75","74.43","17.65","82.35","29.85","70.15","47.76","52.24","46.27","53.73","https://www.monbs.com/gender-pay-gap/","Dawn Gunter (Chief Operating Officer)","250 to 499","Monmouthshire Building Society","False","2025/04/05 00:00:00","2024/08/21 15:01:25"
"MONY GROUP FINANCIAL LIMITED","8599","Mony Group House, St. David's Park, Ewloe, Deeside, United Kingdom, CH5 3UZ","CH5 3UZ","03157344","63990","13.5","14.9","26.0","0.0","92","88","38.9","61.1","59.1","40.9","63.1","36.9","66.9","33.1","https://www.monygroup.com/sustainability/social/diversity-equity-inclusion-and-belonging-deib/gender-and-ethnicity-pay-gap-report-2024/","Peter Duffy (CEO)","500 to 999","MONY GROUP FINANCIAL LIMITED","False","2025/04/05 00:00:00","2024/10/30 15:57:24"
"MOONPIG GROUP PLC","21528","10 Back Hill, London, United Kingdom, EC1R 5EN","EC1R 5EN","13096622","70100","23.5","26.9","92.7","37.7","73.1","69.4","45.1","54.9","34.5","65.5","53.9","46.1","63.4","36.6","https://www.moonpig.group/media/whipefem/gender-pay-gap-report-2024.pdf","Nickyl Raithatha (Chief Executive Officer)","Less than 250","MOONPIG GROUP PLC","False","2025/04/05 00:00:00","2024/07/10 10:47:46"
"MOONPIG.COM LIMITED","21527","10 Back Hill, London, England, EC1R 5EN","EC1R 5EN","03852652","18129,
47910","24.9","32.2","70.6","38.4","82.4","78.9","41.2","58.8","34.7","65.3","61.2","38.8","73.2","26.8","https://www.moonpig.group/media/whipefem/gender-pay-gap-report-2024.pdf","Nickyl Raithatha (Chief Executive Officer)","250 to 499","MOONPIG.COM LIMITED","False","2025/04/05 00:00:00","2024/07/10 11:21:39"
"MOORCROFT GROUP PUBLIC LIMITED COMPANY","8622","Moorcroft House, No.2 Spring Gardens, Stockport, SK1 4AA","SK1 4AA","01704109","64999","17","4","","","0","0","43","57","46","54","45","55","52","48","","Amanda Martin-McRoberts (Director)","250 to 499","MOORCROFT GROUP PUBLIC LIMITED COMPANY","False","2025/04/05 00:00:00","2024/06/14 08:53:31"
"MOORES FURNITURE GROUP LIMITED","128","Thorp Arch Estate, Wetherby, LS23 7DD","LS23 7DD","01083749","31020,
31090,
43210,
43320","9.26","-2.38","67.18","86.17","3.34","9.71","74.38","25.62","88.33","11.67","72.73","27.27","84.17","15.83","","Naomi Guy (Pay and Benefits Manager)","250 to 499","MOORES FURNITURE GROUP LIMITED","False","2025/04/05 00:00:00","2024/11/28 14:32:45"
"MOORES REFRIGERATION CONTROLLED TRANSPORT LIMITED","8624","Potash Lane, Mid Suffolk Business Park, Eye, Suffolk, IP23 7HE","IP23 7HE","01190488","49410","3.4","10.9","60.9","-16.7","3.6","12.9","76.9","23.1","96.2","3.8","97.4","2.6","93.6","6.4","","Darren Moore (Director)","250 to 499","MOORES REFRIGERATION CONTROLLED TRANSPORT LIMITED","False","2025/04/05 00:00:00","2024/11/28 12:10:22"
"MOORVIEW CARE LIMITED","23451","107 Cleethorpe Road, Grimsby, North East Lincolnshire, DN31 3ER","DN31 3ER","04120661","96090","-11.07","-7","-25.65","0","43.55","58.55","52.17","47.83","30.43","69.57","28.26","71.74","21.74","78.26","","Vikki Knibbs (Head of HR)","250 to 499","MOORVIEW CARE LIMITED","False","2025/04/05 00:00:00","2024/09/27 12:31:31"
"MOSSCARE ST. VINCENT'S HOUSING GROUP LIMITED","18784","7th Floor, Trafford House, Chester Road, Stretford, M32 0RS","M32 0RS","RS007609","","-2.8","-2.3","19.50","-100","50","61.60","38.70","61.30","55.40","44.60","49.50","50.50","42.40","57.60","","Sian Leighton (Director of Strategy & Inclusive Culture)","250 to 499","MOSSCARE ST. VINCENT'S HOUSING GROUP LIMITED","False","2025/04/05 00:00:00","2024/10/31 15:00:13"
"MOTABILITY OPERATIONS LIMITED","8654","Level 6, 22 Bishopsgate Level 6, 22 Bishopsgate, London, England, EC2N 4BQ","EC2N 4BQ","01373876","64910","22.4","20.6","37.4","29.8","94.2","97.6","37.8","62.2","36.2","63.8","46.2","53.8","65","35","https://www.mo.co.uk/media/r4mlvcim/mobility-operations-ltd-gender-pay-gap-report-2024.pdf","Andrew Miller (CEO)","1000 to 4999","MOTABILITY OPERATIONS LIMITED","False","2025/04/05 00:00:00","2024/08/16 12:19:33"
"MOULTON BULB COMPANY LIMITED","8674","Long Lane, Moulton, Spalding, Lincolnshire, PE12 6PP","PE12 6PP","00793018","10390","3.6","0.0","","","0","0","33.3","66.7","60","40","47.8","52.2","68.5","31.5","","Lucy Oldershaw (Head of HR)","250 to 499","MOULTON BULB COMPANY LIMITED","False","2025/04/05 00:00:00","2024/07/11 15:06:54"
"MS INTERNATIONAL PLC","387","Balby Carr Bank, Balby, Doncaster, DN4 8DH","DN4 8DH","00653735","70100","19.5","4.7","71.1","84.8","8.5","7.9","85.5","14.5","86.8","13.2","92.8","7.2","89.2","10.8","https://msiplc.com","David Rigby (Assistant Company Secretary)","250 to 499","MS INTERNATIONAL PLC","False","2025/04/05 00:00:00","2024/09/18 12:54:33"
"MTCE LIMITED","22233","C/O Birketts Llp Kingfisher House, 1 Gilders Way, Norwich, Norfolk, England, NR3 1UB","NR3 1UB","02714436","29100,
29320,
71129,
71200","9.18","15.25","29.57","37.5","70.36","80.56","82.14","17.86","94.05","5.95","89.29","10.71","92.77","7.23","","kevin florey (Senior HR Manager (UK))","250 to 499","MTCE LIMITED","False","2025/04/05 00:00:00","2024/09/26 12:46:53"
"MYCSP LIMITED","515","Landmark House, Station Road, Cheadle, England, SK8 7BS","SK8 7BS","07640786","64999","-4.31","-3.96","1.67","0.00","93.72","95.26","46.90","53.10","50.0","50.0","45.13","54.87","41.96","58.04","","Andrew Stephenson (Chief People Officer)","500 to 999","MYCSP LIMITED","False","2025/04/05 00:00:00","2025/01/16 09:40:32"
"NATIONAL COUNCIL OF YOUNG MEN'S CHRISTIAN ASSOCIATIONS(INCORPORATED)(THE)","8790","10-11 Charterhouse Square, London, England Charterhouse Square, London, England, EC1M 6EH","EC1M 6EH","00073749","94990","12","0","","","0","0","23","77","24","76","29","71","38","62","https://ymca.org.uk/wp-content/uploads/2024/12/ymca-gender-pay-gap-reporting-april-2024.doc","Jamie Hutchinson (Director of Resources)","250 to 499","NATIONAL COUNCIL OF YOUNG MEN'S CHRISTIAN ASSOCIATIONS(INCORPORATED)(THE)","False","2025/04/05 00:00:00","2024/12/19 14:41:02"
"national employment savings trust","14788","2A Southwark Bridge, SE19HA","SE19HA","","1,
84110","12.7","12","1","0","82","84","34","66","53","47","54","46","57","43","https://www.nestpensions.org.uk/schemeweb/nest/nestcorporation/library.html","","250 to 499","national employment savings trust","False","2025/03/31 00:00:00","2024/12/12 10:29:38"
"NATIONAL MUSEUM OF WALES","8804","Cathays Park, Cardiff, Cardiff, United Kingdom, CF10 3NP","CF10 3NP","RC000369","","1.6","0","","","0","0","39.0","61","42","58","52.7","47.3","44.1","55.9","https://museum.wales/media/58497/240311-GPG-report-2023.en.pdf","Elizabeth Connolly (Head of HR)","500 to 999","NATIONAL MUSEUM OF WALES","False","2025/04/05 00:00:00","2024/04/08 08:43:04"
"NATIONAL OCEANOGRAPHY CENTRE","23356","National Oceanography Centre, European Way, Southampton, United Kingdom, SO14 3ZH","SO14 3ZH","11444362","72190","5.66","1.97","16.53","0","88.34","88.26","57.06","42.94","62.13","37.87","70","30","68.05","31.95","","Michael Dixon (Remuneration Committee Chair)","500 to 999","NATIONAL OCEANOGRAPHY CENTRE","False","2025/04/05 00:00:00","2025/01/06 05:09:08"
"Natural History Museum","14188","Exhibition Road, London, London, United Kingdom, SW7 2DD","SW7 2DD","","91020","10.9","7.6","","","0","0","33.2","66.8","35.8","64.2","34.9","65.1","52","48","https://www.nhm.ac.uk/about-us/governance/gender-pay-gap-reports.html","Alison Lodge (Director of Human Resources)","1000 to 4999","Natural History Museum","False","2025/04/05 00:00:00","2024/10/16 09:33:03"
"NEOS NETWORKS LIMITED","18319","Inveralmond House, 200 Dunkeld Road, Perth, PH1 3AQ","PH1 3AQ","SC213457","61900","29.06","31.17","58.33","55.83","82.34","77.17","43.17","56.83","63.31","36.69","80.58","19.42","86.96","13.04","","Victoria Bori (HR Director)","500 to 999","NEOS NETWORKS LIMITED","False","2025/04/05 00:00:00","2024/04/05 13:53:46"
"NEOVIA LOGISTICS SERVICES (U.K.) LIMITED","8861","Unit 4 Logix Park Industrial Estate, Watling Street, Hinckley, Leicestershire, England, LE10 3BQ","LE10 3BQ","02136514","52103","3.56","0.03","35.04","41.00","67.85","58.39","65.84","34.16","67.82","32.18","59.41","40.59","71.43","28.57","","cathy shadforth (payroll manager)","500 to 999","NEOVIA LOGISTICS SERVICES (U.K.) LIMITED","False","2025/04/05 00:00:00","2024/04/25 13:38:48"
"NEW FOREST CARE LIMITED","19717","West Shore House West Street, Hythe, Southampton, Hampshire, England, SO45 6AA","SO45 6AA","04228723","85100,
85200,
85310,
87200","8.3","5.1","-10.5","0","28.1","26.2","47","53","42.2","57.8","50.8","49.2","50","50","https://newforestcare.com/home-fullwide/gender-pay-gap/","Richard Collier-Keywood (Chairman)","250 to 499","NEW FOREST CARE LIMITED","False","2025/04/05 00:00:00","2024/10/02 14:11:15"
"New Forest District Council","8890","New Forest District Council, Appletree Court, Beaulieu Road, Lyndhurst, Hampshire, United Kingdom, SO43 7PA","SO43 7PA","","1,
84110","0.7","1.7","0.05","0","2.34","4.58","73.5","26.5","38","62","56","44","62.8","37.2","","","500 to 999","New Forest District Council","False","2025/03/31 00:00:00","2024/10/25 13:22:57"
"NEW LOOK RETAILERS LIMITED","8894","New Look House, Mercery Road, Weymouth, Dorset, DT3 5HJ","DT3 5HJ","01618428","47710,
47721,
47722,
47910","24.6","4.7","-27.8","19.1","14.7","3.6","4.5","95.5","6.5","93.5","20","80","26.3","73.7","https://www.newlookgroup.com/~/media/Files/N/New-Look-Retailers/corporate-governance/uk-gpg-report-2024.pdf","Nicola Bliss (People Director)","5000 to 19,999","NEW LOOK RETAILERS LIMITED","False","2025/04/05 00:00:00","2024/12/31 13:12:03"
"NEW RECRUITS PROFESSIONAL SERVICES LIMITED","8895","11 Church Lane, Banbury, England, OX16 5LR","OX16 5LR","07055014","78200","2.88","2.22","","","0","0","79.49","20.51","75.95","24.05","82.28","17.72","93.67","6.33","","Emma-Jane Bowers (Operations Director)","250 to 499","NEW RECRUITS PROFESSIONAL SERVICES LIMITED","False","2025/04/05 00:00:00","2025/01/17 07:12:53"
"Newcastle Building Society","16750","Portland House, New Bridge Street, Newcastle, NE1 8AL","NE1 8AL","","64192","24.1","14.3","43.5","15.3","95","96","23.2","76.8","33.2","66.8","42.1","57.9","48.1","51.9","https://www.newcastle.co.uk/who-we-are/our-governance/gender-pay-gap-report","Andrew Haigh (CEO)","500 to 999","Newcastle Building Society","False","2025/04/05 00:00:00","2024/12/23 10:29:20"
"Newcastle City Council","8907","Civic Centre, Newcastle Upon Tyne, Tyne And Wear, United Kingdom, NE1 8QH","NE1 8QH","","1,
84110","0.64","1.73","23.08","0.00","2.19","1.13","32.80","67.20","46.97","53.03","47.04","52.96","40.18","59.82","","","5000 to 19,999","Newcastle City Council","False","2025/03/31 00:00:00","2024/05/29 16:26:49"
"Newcastle East Mixed Multi Academy Trust","18701","Heaton Centre, NE6 5DY","NE6 5DY","","1","9.97","17.34","","","0","0","10.57","89.43","26.83","73.17","30.08","69.92","25.81","74.19","https://drive.google.com/file/d/1E8nj5jUI14l-EWyXAuLxvWYXHxHp_SZa/view","","250 to 499","Newcastle East Mixed Multi Academy Trust","False","2025/03/31 00:00:00","2025/01/03 12:02:41"
"NEWCASTLE STRATEGIC SOLUTIONS LIMITED","16743","1 Cobalt Park Way, Wallsend, England, NE28 9EJ","NE28 9EJ","04555739","82990","14.6","18","24.7","27.4","95","93","34.6","65.4","26","74","44.5","55.5","61.2","38.8","https://www.newcastle.co.uk/who-we-are/our-governance/gender-pay-gap-report","Andrew Haigh (CEO)","500 to 999","NEWCASTLE STRATEGIC SOLUTIONS LIMITED","False","2025/04/05 00:00:00","2024/12/23 10:36:52"
"Newport City Council","16644","Civic Centre, Newport, NP20 4UR","NP20 4UR","","1,
84110","1.00","-0.16","","","0","0","27","73","34","66","29","71","31","69","https://view.pagetiger.com/genderpaygap2020/genderpaygap2024","","5000 to 19,999","Newport City Council","False","2025/03/31 00:00:00","2024/06/26 11:30:33"
"NEWPORT CITY HOMES HOUSING ASSOCIATION LIMITED","8928","Nexus House, Mission Court, Newport, Newport, United Kingdom, NP20 2DW","NP20 2DW","IP30192R","","0.50","6.65","","","0","0","51.82","48.18","55.45","44.55","64.55","35.45","61.82","38.18","https://www.newportcityhomes.com/media/3192/gender-pay-gap-report-april-2024.pdf","Ceri Doyle (Chief Executive)","250 to 499","NEWPORT CITY HOMES HOUSING ASSOCIATION LIMITED","False","2025/04/05 00:00:00","2024/07/26 09:10:43"
"NEXGEN FACILITIES SERVICES LONDON LTD","19101","4a & 4b Wintersells Road, West Byfleet, Surrey, United Kingdom, KT14 7LF","KT14 7LF","03826851","82990","-6.36","-1.70","30.03","16.33","4.35","1.22","36.46","63.54","40.62","59.38","31.25","68.75","35.79","64.21","","Sherree Fielding (Group People Director)","250 to 499","NEXGEN FACILITIES SERVICES LONDON LTD","False","2025/04/05 00:00:00","2024/06/05 14:17:56"
"NEXGEN FACILITIES SERVICES LTD","2600","4a & 4b Wintersells Road, West Byfleet, Surrey, United Kingdom, KT14 7LF","KT14 7LF","04156458","81229","4.40","1.55","-17.61","-28.57","1.69","1.00","18.88","81.12","34.14","65.86","34.94","65.06","30.65","69.35","","Sherree Fielding (Group People Director)","1000 to 4999","NEXGEN FACILITIES SERVICES LTD","False","2025/04/05 00:00:00","2024/06/05 14:24:24"
"NEXGEN LONDON LTD","9753","4a & 4b Wintersells Road, West Byfleet, Surrey, United Kingdom, KT14 7LF","KT14 7LF","05690259","81210","-3","-1.46","57.28","37.54","4.17","4.00","50.96","49.04","44.23","55.77","45.19","54.81","43.81","56.19","","Sherree Fielding (Group People Director)","250 to 499","NEXGEN LONDON LTD","False","2025/04/05 00:00:00","2024/06/05 14:21:30"
"NEXUS EDUCATION SCHOOLS TRUST","18045","Worsley Bridge Primary School, Brackley Road, Beckenham, United Kingdom, BR3 1RF","BR3 1RF","08753719","85200","27.2","51.7","","","0","0","2","98","6","94","11","89","17","83","","","500 to 999","NEXUS EDUCATION SCHOOLS TRUST","False","2025/03/31 00:00:00","2024/12/09 15:47:36"
"NHS Coventry and Warwickshire ICB","20167","Parkside House, Quinton Road, Coventry, West Midlands, England, CV1 2NJ","CV1 2NJ","","","19.42","14.15","","","0","0","21.57","78.43","12.00","88.00","17.65","82.35","33.93","66.07","","","250 to 499","NHS Coventry and Warwickshire ICB","False","2025/03/31 00:00:00","2024/07/10 10:44:06"
"NHS Dorset","8968","Canford House, Discovery Court Business Centre, 551-553 Wallisdown Road, Poole, Dorset, United Kingdom, BH12 5AG","BH12 5AG","","1,
86210","20.98","7.33","","","0","0","13","87","17.1","82.9","21","79","32.5","67.5","","","250 to 499","NHS Dorset","False","2025/03/31 00:00:00","2025/01/02 10:26:32"
"NHS North East London ICB","23360","4th Floor - Unex Tower, 5 Station Street, London, United Kingdom, E15 1DA","E15 1DA","","","4.5","6.5","","","0","0","38.5","61.5","31","69","44.7","55.3","44.4","55.6","","","500 to 999","NHS North East London ICB","False","2025/03/31 00:00:00","2024/11/16 14:39:51"
"NHS Nottingham and Nottinghamshire Integrated Care Board","22803","Home Breweries Building, Sir John Robinson Way, Daybrook, Nottinghamshire, NG5 6DA","NG5 6DA","","","37.84","9.72","","","0","0","13","87","28","72","23","77","38","62","https://notts.icb.nhs.uk/about-us/safeguarding/equality-inclusion-and-human-rights/","","500 to 999","NHS Nottingham and Nottinghamshire Integrated Care Board","False","2025/03/31 00:00:00","2024/12/09 11:31:15"
"NHS Resolution formerly NHS Litigation Authority","14736","151 Buckingham Palace Road, London, SW1W 9SZ","SW1W 9SZ","","1,
86210","8.2","10.9","-92.8","-92.8","0.81","0.20","25","75","32.8","67.2","35.8","64.2","43.6","56.4","","","500 to 999","NHS Resolution formerly NHS Litigation Authority","False","2025/03/31 00:00:00","2025/01/14 14:54:58"
"NHS SHARED BUSINESS SERVICES LIMITED","8975","Three, Cherry Trees Lane, Hemel Hempstead, Hertfordshire, HP2 7AH","HP2 7AH","05280446","62020","13.42","12.57","13.11","0","93","96","38.46","61.54","37.94","62.06","44.69","55.31","55.31","44.69","https://www.soprasteria.co.uk/docs/librariesprovider2/sopra-steria-uk-documents/press-releases/sopra-steria-sscl-and-nhs-sbs-gender-pay-gap-report-final.pdf?sfvrsn=81845db_3","Sarah Bryan (NHS SBS HR Director)","1000 to 4999","NHS SHARED BUSINESS SERVICES LIMITED","False","2025/04/05 00:00:00","2024/10/15 11:07:18"
"NIFTYLIFT LIMITED","8994","Niftylift Limited Chalkdell Drive, Shenley Wood, Milton Keynes, MK5 6GF","MK5 6GF","01264184","28990","-3.71","-11.54","74.95","85.47","99.3","96","93.55","6.45","94.23","5.77","92.31","7.69","87.74","12.26","https://niftylift.com","kerry Lyall (HR/Payroll Manager)","500 to 999","NIFTYLIFT LIMITED","False","2025/04/05 00:00:00","2024/12/16 13:38:31"
"NIVO LIMITED","23492","Priory House, Unit C, Gildersome Spur Industrial Estate, Leeds, England, LS27 7JZ","LS27 7JZ","02235821","94110","-53.34","-65.4","","","0","0","50","50","0","100","100","0","0","100","","Sue Rainford (Payroll Administrator)","Less than 250","NIVO LIMITED","False","2025/04/05 00:00:00","2025/01/06 13:44:11"
"NNA LIMITED","17387","Kfc, Goodridge Avenue, Gloucester, GL2 5EA","GL2 5EA","06477878","56102","3.08","0","61.95","64","18.48","11.76","55","45","50","50","50","50","68.14","31.86","","George Pritchard (HR Manager)","250 to 499","NNA LIMITED","False","2025/04/05 00:00:00","2024/12/13 17:20:28"
"NOATUM LOGISTICS UK LIMITED","15692","Unit 1, Alpha Way, Thorpe Industrial Estate, Egham, Surrey, TW20 8RZ","TW20 8RZ","02773769","52290","19.7","14.5","80.60","0","79.1","79.9","46.2","53.8","48.9","51.1","60.6","39.4","63.8","36.2","https://www.noatumlogistics.com/uk/gender-pay-gap/","Adeel Hashmi (Managing Director)","250 to 499","NOATUM LOGISTICS UK LIMITED","False","2025/04/05 00:00:00","2024/07/01 09:43:30"
"Norfolk Community Health & Care NHS trust","14248","Woodlands House, Bowthorpe Road, Norwich, Norfolk, NR23TU","NR23TU","","1,
86210","8.33","0.23","15.94","0","50","50","14.77","85.23","16.67","83.33","12.70","87.3","18.88","81.12","https://www.norfolkcommunityhealthandcare.nhs.uk/equality-diversity-and-inclusion","","1000 to 4999","Norfolk Community Health & Care NHS trust","False","2025/03/31 00:00:00","2024/12/13 12:59:58"
"North Bristol N H S Trust","9063","Southmead Hospital, Southmead Road, Bristol, BS10 5NB","BS10 5NB","","1,
86210","17.4313","-0.7915","16.97","0.0","7.76","1.93","27.24","72.76","24.35","75.65","16.60","83.40","33.84","66.16","https://www.nbt.nhs.uk/about-us/our-standards/equality-diversity","","5000 to 19,999","North Bristol N H S Trust","False","2025/03/31 00:00:00","2024/12/27 09:49:23"
"North East Ambulance Service NHS Foundation Trust","640","Bernicia House, Newburn, Newcastle, NE15 8NY","NE15 8NY","","1,
86210","0.29","0.31","","","0","0","49","51","40.7","59.3","42.5","57.5","50.1","49.9","https://www.neas.nhs.uk/application/files/5217/2111/9106/Equality_Annual_Report_2023-24_FINAL.pdf","","1000 to 4999","North East Ambulance Service NHS Foundation Trust","False","2025/03/31 00:00:00","2025/01/08 08:26:36"
"NORTH EAST LEARNING TRUST","14558","T/A The Academy At Shotton Hall, Passfield Way, Peterlee, County Durham, SR8 1AU","SR8 1AU","07492165","85200,
85310,
85410","10","14.4","","","0","0","15","85","27","73","26","74","30","70","","","500 to 999","NORTH EAST LEARNING TRUST","False","2025/03/31 00:00:00","2024/08/29 11:50:34"
"North Northamptonshire Council","20733","North Northamptonshire Council, Sheerness House, 41 Meadow Road, Kettering, Northants, NN16 8TL","NN16 8TL","","","2.6","1.8","","","0","0","29.1","70.9","33.3","66.7","30.9","69.1","32.8","67.2","","","1000 to 4999","North Northamptonshire Council","False","2025/03/31 00:00:00","2024/12/09 10:14:35"
"North Staffordshire Combined Healthcare N H S Trust","9090","Bellringer Road, Stoke-On-Trent, Staffordshire, ST4 8HH","ST4 8HH","","1,
86210","11.73","1.26","64.55","64.26","2.90","0.41","18.15","81.85","23.68","76.32","21.03","78.97","27.20","72.80","","","1000 to 4999","North Staffordshire Combined Healthcare N H S Trust","False","2025/03/31 00:00:00","2024/12/18 17:07:13"
"North West Ambulance Service N H S Trust","9096","Ladybridge Hall, 399 Chorley New Road, Bolton, Greater Manchester, United Kingdom, BL1 5DD","BL1 5DD","","1,
86210","7.27","11.17","","","0","0","42.37","57.63","39.71","60.29","49.46","50.54","55.94","44.06","https://www.nwas.nhs.uk/about/valuing-staff/wres-wdes-and-monitoring-data/","","5000 to 19,999","North West Ambulance Service N H S Trust","False","2025/03/31 00:00:00","2024/06/25 09:12:26"
"Northampton General Hospital Nhs Trust","9111","Cliftonville, Northampton, Northamptonshire, United Kingdom, NN1 5BD","NN1 5BD","","1,
86210","18.1","4.9","20.7","31.9","2.3","0.3","22.3","77.7","22.1","77.9","16.7","83.3","31.9","68.1","https://www.northamptongeneral.nhs.uk/About/Equality-and-diversity-information/Equality-Diversity-Inclusion.aspx","","5000 to 19,999","Northampton General Hospital Nhs Trust","False","2025/03/31 00:00:00","2025/01/16 13:04:52"
"Northamptonshire Fire & Rescue Service","9114","Moulton Logistics Centre, Moulton Way, Northampton, Northamptonshire, United Kingdom, NN3 6XJ","NN3 6XJ","","1,
84250","4.37","0","","","0","0","76","24","81.95","18.05","82.18","17.82","86.36","13.64","https://northantspfcc.org.uk/category/fire/gender-pay-gap-reports/","","500 to 999","Northamptonshire Fire & Rescue Service","False","2025/03/31 00:00:00","2024/11/13 08:30:44"
"NORTHAMPTONSHIRE PARTNERSHIP HOMES LIMITED","16020","The Guildhall, St. Giles Square, Northampton, Northamptonshire, NN1 1DE","NN1 1DE","09019453","68320","-3.60","-7.60","","","0","0","65","35","60","40","32","68","52","48","","Angela Hawkes (Payroll, Pensions & Systems Officer)","250 to 499","NORTHAMPTONSHIRE PARTNERSHIP HOMES LIMITED","False","2025/04/05 00:00:00","2024/10/03 12:54:45"
"Northeast Derbyshire Council","9121","2013 Mill Lane, Wingerworth, Chesterfield, Derbyshire, United Kingdom, S42 6NG","S42 6NG","","1,
84110","5","6.6","","","0","0","33","67","56","44","54","46","55","45","","","500 to 999","Northeast Derbyshire Council","False","2025/03/31 00:00:00","2024/12/11 12:54:27"
"NORTHERN AMBITION ACADEMIES TRUST","1042","Airedale Academy Crewe Road, Airedale, Castleford, West Yorkshire, WF10 3JU","WF10 3JU","07556117","85100,
85200,
85310","26.04","45.22","","","0","0","1.270","98.73","8.75","91.25","21.52","78.48","28.75","71.25","https://northernambition.org.uk/key-information/financial-information/","","250 to 499","NORTHERN AMBITION ACADEMIES TRUST","False","2025/03/31 00:00:00","2025/01/07 10:05:14"
"NORTON WAY MOTORS LIMITED","9161","Norton Way North, Letchworth, Hertfordshire, SG6 1BL","SG6 1BL","00730865","45111","14.4","16.4","29.6","60","70.9","66.3","69.8","30.2","77.4","22.6","82.1","17.9","84.8","15.2","https://www.nortonway.com/site/gender-pay-report/","Jason Cranswick (Managing Director)","250 to 499","NORTON WAY MOTORS LIMITED","False","2025/04/05 00:00:00","2024/10/14 10:23:00"
"NOTTINGHAM ICE CENTRE LIMITED","9176","National Ice Centre, Bolero Square, Nottingham, NG1 1LA","NG1 1LA","03563341","93290","-6.40","-6.70","-25.86","-25.86","44.3","55.7","30.24","69.76","35.08","64.92","48.21","51.79","43.20","56.80","","Karen Terrington (Head of Human Resources)","1000 to 4999","NOTTINGHAM ICE CENTRE LIMITED","False","2025/04/05 00:00:00","2024/12/13 10:53:21"
"Nottinghamshire County Council","9182","County Hall, Loughborough Road, West Bridgford, Nottingham, Nottinghamshire, United Kingdom, NG2 7QP","NG2 7QP","","1,
84110","5.3","8.2","","","0","0","16.0","84.0","21.3","78.7","23.7","76.3","24.9","75.1","https://websearch.nottinghamshire.gov.uk/?query=gender+pay+gap&_gl=1*1b57l1h*_gcl_au*MTA0NDAzMDQyMy4xNzM2MjYxMTYw*_ga*MTQ4NzcyNjY5NC4xNjUwMzUwOTk4*_ga_QHE3HKNBEC*MTczNjI2MTE2MC41NC4xLjE3MzYyNjEyNTQuMzguMC4w","","5000 to 19,999","Nottinghamshire County Council","False","2025/03/31 00:00:00","2025/01/07 14:48:07"
"Nottinghamshire Fire and Rescue Service","9183","Joint Headquarters, Sherwood Lodge  Arnold, Nottingham, Nottingham, NG5 8PP","NG5 8PP","","1,
84250","5.05","3.24","","","0","0","66.67","33.33","90.76","9.24","88.04","11.96","82.07","17.93","","","500 to 999","Nottinghamshire Fire and Rescue Service","False","2025/03/31 00:00:00","2025/01/08 11:27:10"
"NOVA CENTRIC LIMITED","21197","C/O Legal Services, 50 Shakespeare Street, Nottingham, England, NG1 4FQ","NG1 4FQ","04820267","85590","10.8","19.6","21.7","26.8","72.9","67.4","43.2","56.8","61.7","38.3","75.3","24.7","71.2","28.8","","Mick Morton (HR Systems and Data Services Manager)","250 to 499","NOVA CENTRIC LIMITED","False","2025/04/05 00:00:00","2025/01/06 11:46:35"
"NPOWER LIMITED","533","Westwood Way, Westwood Business Park, Coventry, England, CV4 8LG","CV4 8LG","03653277","64209","11.3","15.2","26.8","31.1","97.1","97.4","42","58","47","53","48","52","60","40","https://www.eonenergy.com/content/dam/eon-energy-com/Files/inclusion/2024-inclusion-report.pdf","Helen Bradbury (Chief People Officer)","500 to 999","NPOWER LIMITED","False","2025/04/05 00:00:00","2024/12/12 09:54:58"
"NSAH (ALLIANCE HOMES) LIMITED","16573","40 Martingale Way, Portishead, BS20 7AW","BS20 7AW","IP29804R","","13","15.84","-3.13","20.83","41","37","20.8","79.2","55.2","44.8","54.2","45.8","62.1","37.9","https://www.alliancehomes.org.uk/media/4552/alliance-homes-gender-pay-gap-report-2024.pdf","Helen Grantham (Director of People and Communications)","250 to 499","NSAH (ALLIANCE HOMES) LIMITED","False","2025/04/05 00:00:00","2024/11/19 13:01:45"
"NSK EUROPE LIMITED","9217","The Place, Bridge Avenue, Maidenhead, England, SL6 1AF","SL6 1AF","02223191","70100","-1.22","7.91","30","9","6","7","88","12","78","22","85","15","77","23","","Tina Holmes (European Operational HR Director)","500 to 999","NSK EUROPE LIMITED","False","2025/04/05 00:00:00","2025/01/15 18:02:07"
"NUCCO BRAIN STUDIO LTD.","21587","10 Orange Street, Haymarket, London, United Kingdom, WC2H 7DQ","WC2H 7DQ","08691198","62012","6","8","0","0","100","100","50","50","50","50","50","50","67","33","","Mark Iremonger (MD & Strategy Partner)","Less than 250","NUCCO BRAIN STUDIO LTD.","False","2025/04/05 00:00:00","2024/04/07 17:53:53"
"NUCLEUS (GB) LIMITED","9225","Fusion House 1 Plains Road, Plains Farm, Sunderland, Tyne & Wear, England, SR3 1SL","SR3 1SL","04546362","56102","-2.04","-1.72","-30.31","-33.33","16.71","21.81","48","52","45","55","36","64","48","52","","Helen Richardson (Business Analyst)","1000 to 4999","NUCLEUS (GB) LIMITED","False","2025/04/05 00:00:00","2025/01/09 09:29:21"
"NUSERVE LIMITED","16723","2 London Wall Place, Barbican, London, England, EC2Y 5AU","EC2Y 5AU","03331851","81210","1.8","1.8","62","-87.6","10.6","12.1","42.1","57.9","40.1","59.9","41","59","56.3","43.7","","Louise Williams (Payroll Manager)","500 to 999","NUSERVE LIMITED","False","2025/04/05 00:00:00","2024/12/19 13:12:08"
"NWM CONTRACTING LTD","22619","7 Merchant Court, Milburn Road, Bournemouth, England, BH4 9HJ","BH4 9HJ","10267288","82990","-65.98","-2.70","","","0","0","95.87","4.13","96.67","3.33","95.87","4.13","96.67","3.33","","Jo Cook (CFO)","250 to 499","NWM CONTRACTING LTD","False","2025/04/05 00:00:00","2024/12/02 13:37:53"
"OASIS DENTAL CARE LIMITED","9268","Bupa Dental Care Vantage Office Park, Old Gloucester Road, Hambrook, Bristol, United Kingdom, BS16 1GW","BS16 1GW","00478127","86230","30.7","22","74.8","80","87.4","87.9","6","94","4.7","95.3","5.6","94.4","20.4","79.6","https://www.bupa.com/important-notices/pay-gap-reports","Carlos Jaureguizar (CEO, Bupa Global, India & UK)","1000 to 4999","OASIS DENTAL CARE LIMITED","False","2025/04/05 00:00:00","2024/12/30 11:47:05"
"OCTAVIUS INFRASTRUCTURE LTD.","19905","4th Floor 45 London Road, Reigate, Surrey, United Kingdom, RH2 9PY","RH2 9PY","10735268","41201,
42110,
43290","14.7","22","","","0","0","56.5","43.5","76.2","23.8","78.2","21.8","85.6","14.4","","Catriona Cliffe (People and Sustainability Director)","500 to 999","OCTAVIUS INFRASTRUCTURE LTD.","False","2025/04/05 00:00:00","2024/07/20 15:55:47"
"OCTOPUS CAPITAL LIMITED","530","6th Floor, 33 Holborn, London, EC1N 2HT","EC1N 2HT","03981143","64205","38","27","72","47","85","78","40","60","48","52","55","45","66","34","","Anna Philbrick (People Director)","500 to 999","OCTOPUS CAPITAL LIMITED","False","2025/04/05 00:00:00","2024/09/02 08:42:12"
"Ofcom","9296","Riverside House, 2a Southwark Bridge Road, London, United Kingdom, SE1 9HA","SE1 9HA","","1,
65300","7.3","10.3","7.91","0","86.39","86.25","43.2","56.8","39.2","60.8","47.0","53.0","55.5","44.5","https://www.ofcom.org.uk/about-ofcom/diversity-and-equality/diversity-and-equality/","","1000 to 4999","Ofcom","False","2025/03/31 00:00:00","2024/12/10 10:43:15"
"Office for Students","19707","Westward House, Lime Kiln Close, Stoke Gifford, Bristol, BS34 8SR","BS34 8SR","","1","7.3","19.0","9.5","0.0","70.1","71.3","35.6","64.4","24.6","75.4","44.9","55.1","40.7","59.3","https://www.officeforstudents.org.uk/about/how-we-are-run/equality-and-diversity/gender-pay-gap/","","250 to 499","Office for Students","False","2025/03/31 00:00:00","2024/08/01 12:22:08"
"OFFSITE ARCHIVE STORAGE AND INTEGRATED SERVICES (UK) LIMITED","23363","Quadrant 1 Homefield Road, Haverhill, Suffolk, England, CB9 8QP","CB9 8QP","06472486","82990","17.38","3.84","17.58","4.14","17.03","25","60.82","39.18","76.29","23.71","76.29","23.71","69.79","30.21","","Sarah Vidgen (Chief People Officer)","250 to 499","OFFSITE ARCHIVE STORAGE AND INTEGRATED SERVICES (UK) LIMITED","False","2025/04/05 00:00:00","2024/07/08 10:05:42"
"OLD SPOT PUB COMPANY LIMITED","21416","3 Monkspath Hall Road, Solihull, West Midlands, United Kingdom, B90 4SJ","B90 4SJ","11217220","56302","7.4","5.3","80.3","0","51.5","48.5","34.8","65.2","40.6","59.4","36.8","63.2","63.2","36.8","","Janice Mitchelmore (Payroll Manager)","250 to 499","OLD SPOT PUB COMPANY LIMITED","False","2025/04/05 00:00:00","2025/01/03 15:26:48"
"OLDHAM COMMUNITY LEISURE LIMITED","14630","Chadderton Wellbeing Centre, Burnley Street, Chadderton, OL9 0JW","OL9 0JW","IP29372R","","-6.17","-1.20","","","0","0","62","38","44","56","50","50","35","65","https://oclactive.co.uk/about-us/","Louise Walton (Head of Human Resources)","Less than 250","OLDHAM COMMUNITY LEISURE LIMITED","False","2025/04/05 00:00:00","2024/12/17 11:25:40"
"ON A ROLL SANDWICH COMPANY LIMITED","23427","The Pantry, Barton Road, Middlesbrough, Cleveland, England, TS2 1RY","TS2 1RY","05994921","10890","6","0","0","0","100","100","56","44","50","50","56","44","51","49","https://www.onarollsandwich.co.uk/modern-slavery","Katherine Bridle (Head of HR)","250 to 499","ON A ROLL SANDWICH COMPANY LIMITED","False","2025/04/05 00:00:00","2024/07/31 15:07:34"
"ON THE BEACH LIMITED","9357","5 Adair Street, Manchester, England, M1 2NQ","M1 2NQ","03162982","62012,
79110","27.6","42.7","11.3","40.3","36.7","45.2","35.7","64.3","30.6","69.4","56.1","43.9","74.5","25.5","https://www.onthebeachgroupplc.com/~/media/Files/O/On-The-Beach/documents/on-the-beach-gender-pay-gap-report-2024.pdf","Shaun Morton (Chief Executive Officer)","250 to 499","ON THE BEACH LIMITED","False","2025/04/05 00:00:00","2024/12/20 09:20:02"
"ONE (OWL NORTH EAST) TRUST","23386","Throckley Primary School Hexham Road, Throckley, Newcastle Upon Tyne, Tyne And Wear, United Kingdom, NE15 9DY","NE15 9DY","14895735","85200","26.95","47.57","","","0","0","20","80","13.33","86.67","2.67","97.33","2.67","97.33","","Victoria Hanlon (Chief Financial Officer)","250 to 499","ONE (OWL NORTH EAST) TRUST","False","2025/04/05 00:00:00","2024/05/30 09:07:17"
"ONE-O-ONE CONVENIENCE STORES LIMITED","5330","Hamilton House, 70 Hamilton Drive, Glasgow, United Kingdom, G12 8DR","G12 8DR","SC074212","47110","8.9","0.1","60","68","6","12","29","71","15","85","32","68","18","82","","Stephen McQuade (CFO)","500 to 999","ONE-O-ONE CONVENIENCE STORES LIMITED","False","2025/04/05 00:00:00","2024/04/08 15:03:53"
"ONESAVINGS BANK PLC","669","Reliance House, Sun Pier, Chatham, Kent, ME4 4ET","ME4 4ET","07312896","64191","37.0","33.3","57.4","38.9","62.1","63.6","30.9","69.1","42.1","57.9","48.6","51.4","66.2","33.8","https://www.osb.co.uk/sustainability/our-colleagues","Orlagh Hunt (Chief People Officer)","1000 to 4999","ONESAVINGS BANK PLC","False","2025/04/05 00:00:00","2024/11/27 13:16:56"
"Open Thinking Partnership","21791","Dorothy Goodman School, Stoke Road, Hinckley, Leicestershire, LE10 0EA","LE10 0EA","","","4.78","6.46","","","0","0","13","87","14","86","13","87","20","80","","","250 to 499","Open Thinking Partnership","False","2025/03/31 00:00:00","2024/12/09 16:55:50"
"OPENCAST SOFTWARE EUROPE LIMITED","23006","Studio 2 The Kiln, Hoults Yard, Walker Road, Newcastle Upon Tyne, England, NE6 1AB","NE6 1AB","08047734","62020","7.76","4.71","-6.64","-20","89.47","92.43","47","53","65","35","61","39","70","30","","Darran Holden (People Advisor)","250 to 499","OPENCAST SOFTWARE EUROPE LIMITED","False","2025/04/05 00:00:00","2024/06/13 15:14:06"
"OPTALIS LIMITED","9385","Trinity Court, Molly Millars Lane, Wokingham, Berkshire, England, RG41 2PY","RG41 2PY","07630156","86900,
87300,
88100","1.50","2.55","-0.17","66.67","0.57","2","22.61","77.39","18.26","81.74","16.52","83.48","20.18","79.82","https://d31fcwrjq2s6z0.cloudfront.net/documents/Gender-Gap-Report-for-Optalis-2024.pdf","Ellen Carrington (Recruitment and Compliance Lead)","500 to 999","OPTALIS LIMITED","False","2025/04/05 00:00:00","2024/12/11 12:39:14"
"Optime Support Limited","20656","Kingsway, Scunthorpe, Lincolnshire, DN17 1AJ","DN17 1AJ","","","11.63","9.70","64.59","89.33","1.23","3.40","11.39","88.61","16.46","83.54","32.91","67.09","41.77","58.23","https://www.dncolleges.ac.uk/policies-and-procedures/equality-diversity-and-inclusion/","","250 to 499","Optime Support Limited","False","2025/03/31 00:00:00","2025/01/08 11:07:19"
"ORBIS EDUCATION AND CARE LIMITED","21885","Vision Court Caxton Place, Pentwyn, Cardiff, Wales, CF23 8HA","CF23 8HA","05521347","87200","2.8","-4.2","55.3","88.7","4.8","4.7","46.7","53.3","39.3","60.7","28.8","71.2","37.2","62.8","","Gronw Percy (Finance Director)","500 to 999","ORBIS EDUCATION AND CARE LIMITED","False","2025/04/05 00:00:00","2024/12/12 09:21:35"
"Orchard Community Trust","19982","C/O Watermill School, Turnhurst Road, Chell, Stoke on Trent, ST6 6JZ","ST6 6JZ","","","27.8","42.5","","","0","0","4","96","5","95","11","89","16","84","","","250 to 499","Orchard Community Trust","False","2025/03/31 00:00:00","2024/12/09 08:56:44"
"ORION EDUCATION","4496","Mansion House C/O Coopers School, Hawkwood Lane, Chislehurst, Kent, England, BR7 5PS","BR7 5PS","07559170","85200,
85310","16.47","24","17.74","31.89","1.22","0.59","11.9","88.1","25","75","25.15","74.85","35.71","64.29","https://www.orionedu.org.uk/docs/reports_and_info/GPG_Report_March_31_2024.pdf","","500 to 999","ORION EDUCATION","False","2025/03/31 00:00:00","2024/11/28 15:21:16"
"ORTU FEDERATION LTD","12593","Southend Road, Corringham, Stanford-Le-Hope, SS17 8JT","SS17 8JT","07660783","85310","29.8","34.1","","","0","0","11.4","88.6","17.2","82.8","34.5","65.5","37.9","62.1","","","250 to 499","ORTU FEDERATION LTD","False","2025/03/31 00:00:00","2024/04/30 12:36:40"
"ORWELL MULTI ACADEMY TRUST","18824","Orwell Multi Academy Trust Halifax Primary School, Prince Of Wales Drive, Ipswich, United Kingdom, IP2 8PY","IP2 8PY","10650092","85200","29.55","48.3","","","0","0","5.88","94.12","4.41","95.59","2.94","97.06","19.12","80.88","","","250 to 499","ORWELL MULTI ACADEMY TRUST","False","2025/03/31 00:00:00","2025/01/08 08:44:51"
"OVIVA UK LIMITED","22921","Runway East, 20 St. Thomas Street, London, England, SE1 9RS","SE1 9RS","09667784","86900","22.2","10.3","5.5","11.4","59","64","20.6","79.4","13.7","86.3","15.1","84.9","26.5","73.5","https://d2nspiuqk4mwad.cloudfront.net/uk/wp-content/uploads/sites/4/2024/11/UK-Gender-Pay-2024-Updated.pdf","Brady Foster (Senior Global Compensation & Systems Partner)","Less than 250","OVIVA UK LIMITED","False","2025/04/05 00:00:00","2024/11/26 14:14:21"
"Oxford Diocesan Bucks Schools Trust","20022","Church House Oxford, Langford Locks, Kidlington, Oxford, Oxfordshire, UK, OX5 1GF","OX5 1GF","","","6.7","27.0","","","0","0","5.4","94.6","8.2","91.8","12.7","87.3","9.2","90.8","","","250 to 499","Oxford Diocesan Bucks Schools Trust","False","2025/03/31 00:00:00","2024/04/03 14:03:07"
"OXFORD DIOCESAN SCHOOLS TRUST","9472","St Mary's Convent, Denchworth Road, Wantage, Oxfordshire, England, OX12 9AU","OX12 9AU","08143249","85600","19.3","25.7","","","0","0","3","97","6","94","9","91","14","86","https://www.odst.org.uk/about-us/key-mat-information","","1000 to 4999","OXFORD DIOCESAN SCHOOLS TRUST","False","2025/03/31 00:00:00","2024/09/30 14:36:02"
"OXFORD NANOPORE TECHNOLOGIES PLC","15574","Gosling Building Edmund Halley Road, Oxford Science Park, Oxford, Oxfordshire, United Kingdom, OX4 4DQ","OX4 4DQ","05386273","72190","14.60","16.04","21.31","24.46","95.99","94.54","50.22","49.78","59.39","40.61","63.76","36.24","66.67","33.33","","Sarah Lapworth (SVP, Global HR)","500 to 999","OXFORD NANOPORE TECHNOLOGIES PLC","False","2025/04/05 00:00:00","2025/01/07 17:28:13"
"Oxleas Nhs Foundation Trust","9481","Pinewood House, Pinewood Place, Dartford, DA2 7WG","DA2 7WG","","1,
86210","9.5","5.5","12.3","0","1.1","3.5","17.6","82.4","23","77","19.7","80.3","27.4","72.6","https://oxleas.nhs.uk/download/oxleas-gender-pay-gap-report-2024pdf.pdf?ver=3843&doc=docm93jijm4n2340.pdf","","1000 to 4999","Oxleas Nhs Foundation Trust","False","2025/03/31 00:00:00","2024/11/21 11:51:24"
"P.J.H. GROUP LIMITED","9504","Pjh House, Lomax Way, Bolton, England, BL5 1FQ","BL5 1FQ","01056008","52103","0.6","-0.2","17.3","0","89.4","92.2","73.9","26.1","81.1","18.9","87.4","12.6","67.8","32.2","https://pjh.uk/corporate-governance/","Jason Shaw (CFO)","500 to 999","P.J.H. GROUP LIMITED","False","2025/04/05 00:00:00","2024/09/11 14:22:42"
"PANCREDIT SYSTEMS LTD.","23507","Highdown House, Yeoman Way, Worthing, West Sussex, United Kingdom, BN99 3HH","BN99 3HH","02215760","62012","30.56","49.29","42.85","36.88","3","3","48","52","63","37","72","28","83","17","","Samantha Turner (Head of People)","250 to 499","PANCREDIT SYSTEMS LTD.","False","2025/04/05 00:00:00","2024/11/27 14:56:07"
"PANESAR FOODS LIMITED","23388","Nimbus House, Maidstone Rd, Kingston, Milton Keynes, England, MK10 0BD","MK10 0BD","02582827","10890","22.95","2.78","43.54","0","0.77","0.81","50.0","50.0","60.0","40.0","57.5","42.5","70.1","29.9","","Lorraine Banks (Head of Finance)","250 to 499","PANESAR FOODS LIMITED","False","2025/04/05 00:00:00","2024/05/31 07:47:17"
"PARKERSTEEL LIMITED","20649","Main Building, Vauxhall Road, Canterbury, Kent, England, CT1 1HD","CT1 1HD","12080311","25110","-2.7","-8.0","","","0","0","94.3","5.7","94.3","5.7","87.1","12.9","84.3","15.7","","Toni Horswill (HR Manager)","250 to 499","PARKERSTEEL LIMITED","False","2025/04/05 00:00:00","2025/01/08 10:50:27"
"PARTINGTONS HOLIDAY CENTRES LIMITED","22605","204 Fleetwood Road North, Thornton-Cleveleys, Lancashire, FY5 4BJ","FY5 4BJ","00391104","55300","3","6","-351","-112","80","69","26","74","43","57","54","46","50","50","","RACHEL NORRIS (HR Director)","250 to 499","PARTINGTONS HOLIDAY CENTRES LIMITED","False","2025/04/05 00:00:00","2024/07/04 08:45:49"
"PARTNERS& GROUP LIMITED","21432","Mrib House, 25 Amersham Hill, High Wycombe, Buckinghamshire, England, HP13 6NU","HP13 6NU","12214346","64209","45.1","44.6","74.6","59.5","59.3","69.6","36.8","63.2","33.6","66.4","52.2","47.8","72.6","27.4","","Natalie McClean (Chief People Officer)","250 to 499","PARTNERS& GROUP LIMITED","False","2025/04/05 00:00:00","2024/04/15 07:36:24"
"PASTDUE CREDIT SOLUTIONS LIMITED","19331","1 Blair Court North Avenue, Clydebank Business Park, Clydebank, Glasgow, G81 2LA","G81 2LA","SC287794","82911","14.22","0.49","23.66","10.93","21.92","27.05","34.88","65.12","74.42","25.58","55.81","44.19","60.47","39.53","","Ashley Donnelly (Finance Manager)","250 to 499","PASTDUE CREDIT SOLUTIONS LIMITED","False","2025/04/05 00:00:00","2025/01/09 12:08:36"
"PATHWAYS CARE GROUP LIMITED","9620","Minton Place, Victoria Street, Windsor, England, SL4 1EG","SL4 1EG","03409137","87200","11.03","0","-16","-75.3","0.84","1.79","21","79","26.8","73.2","20","80","27.3","72.7","https://www.salutemcareandeducation.co.uk/gender-pay-gap-reports/","Kirstie Jones (Chief people Off)","1000 to 4999","PATHWAYS CARE GROUP LIMITED","False","2025/04/05 00:00:00","2024/08/23 11:27:53"
"PAY.UK LIMITED","20784","2 Thomas More Square, London, E1W 1YN","E1W 1YN","10872449","64209","17.08","16.96","31.21","23.8","86.57","81.87","43.62","56.38","46.24","53.76","61.29","38.71","63.44","36.56","https://www.wearepay.uk/who-we-are/corporate-information/","Sherree Schaefer (Chief People & Culture Officer)","250 to 499","PAY.UK LIMITED","False","2025/04/05 00:00:00","2024/11/28 15:23:46"
"PAYMASTER (1836) LIMITED","9639","Sutherland House, Russell Way, Crawley, West Sussex, RH10 1UH","RH10 1UH","03249700","82990","23.66","26.60","38.51","61.14","16.96","5.60","35.59","64.41","31.58","68.42","48.28","51.72","76.79","23.21","","Andrew Stephenson (Chief People Officer)","Less than 250","PAYMASTER (1836) LIMITED","False","2025/04/05 00:00:00","2025/01/16 09:44:47"
"PAYME LTD","16497","Equinox 2 Audby Lane, Wetherby, England, LS22 7RD","LS22 7RD","07768985","70229,
78200","-1.8","-2.4","48.8","39.0","90.94","92.8","84.2","15.8","84.7","15.3","86.1","13.9","80.4","19.6","https://www.payme.co.uk/pdf/Gender-Pay-Gap-Reporting-Snapshot-2024.pdf","Alison Jolly (Operations Manager)","1000 to 4999","PAYME LTD","False","2025/04/05 00:00:00","2024/04/17 14:29:53"
"PAYSTREAM ACCOUNTING SERVICES LIMITED","22117","Mansion House, Manchester Road, Altrincham, Cheshire, WA14 4RW","WA14 4RW","07598955","62012,
69201,
69202,
69203","23","6","49","0","100","100","43","57","49","51","49","51","63","37","https://www.paystream.co.uk/media/flvjk2yy/gender-pay-gap-report-2024.pdf","Andrew Cleal (CEO)","250 to 499","PAYSTREAM ACCOUNTING SERVICES LIMITED","False","2025/04/05 00:00:00","2025/01/09 16:12:19"
"PAYSTREAM MY MAX 2 LIMITED","9645","Mansion House, Manchester Road, Altrincham, Cheshire, WA14 4RW","WA14 4RW","06451955","78200","-17","-46","","","0","0","88","12","76","24","28","72","74","26","https://www.paystream.co.uk/media/flvjk2yy/gender-pay-gap-report-2024.pdf","Andrew Cleal (CEO)","1000 to 4999","PAYSTREAM MY MAX 2 LIMITED","False","2025/04/05 00:00:00","2025/01/09 16:12:54"
"PAYSTREAM MY MAX 3 LIMITED","9646","Mansion House, Manchester Road, Altrincham, Cheshire, WA14 4RW","WA14 4RW","07708464","78200","18","19","","","0","0","63","37","70","30","78","22","80","20","https://www.paystream.co.uk/media/flvjk2yy/gender-pay-gap-report-2024.pdf","Andrew Cleal (CEO)","5000 to 19,999","PAYSTREAM MY MAX 3 LIMITED","False","2025/04/05 00:00:00","2025/01/09 16:13:28"
"PAYSTREAM MY MAX LIMITED","9648","Mansion House, Manchester Road, Altrincham, Greater Manchester, WA14 4RW","WA14 4RW","06042225","78200","18","17","","","0","0","63","37","75","25","75","25","80","20","https://www.paystream.co.uk/media/flvjk2yy/gender-pay-gap-report-2024.pdf","Andrew Cleal (CEO)","20,000 or more","PAYSTREAM MY MAX LIMITED","False","2025/04/05 00:00:00","2025/01/09 16:13:58"
"PEARSON EDUCATION LIMITED","9673","80 Strand, London, England, WC2R 0RL","WC2R 0RL","00872828","58110,
78300,
85320,
85600","7.5","4.0","3.1","2.8","94.6","94.9","40","60","38","62","39","61","46","54","https://plc.pearson.com/en-GB/investors/performance/results-reports-presentations","Anisha Maheshwari (Reward General Manager)","1000 to 4999","PEARSON EDUCATION LIMITED","False","2025/04/05 00:00:00","2025/01/16 06:46:36"
"PEARSON PROFESSIONAL ASSESSMENTS LIMITED","9676","80 Strand, London, WC2R 0RL","WC2R 0RL","04904325","85590","13.2","0.8","70.3","70.6","52","49.7","55","45","44","56","41","59","61","39","https://plc.pearson.com/en-GB/investors/performance/results-reports-presentations","Anisha Maheshwari (Reward General Manager)","250 to 499","PEARSON PROFESSIONAL ASSESSMENTS LIMITED","False","2025/04/05 00:00:00","2025/01/16 06:50:07"
"PEI MEDIA LIMITED","23460","100 Wood Street, London, England, EC2V 7AN","EC2V 7AN","04270060","58141","47.20","27.06","53.72","48.64","63.92","41.38","38.1","61.9","57.6","42.4","59.1","40.9","80.3","19.7","","Sophia Hutchings (HR Director)","250 to 499","PEI MEDIA LIMITED","False","2025/04/05 00:00:00","2025/01/08 12:35:31"
"PENDENNIS SHIPYARD LIMITED","9689","The Docks, Falmouth, Cornwall, TR11 4NR","TR11 4NR","02990094","30120","3.8","8.8","22.8","0","96","94","85","15","91","9","89","11","91","9","","Ian Granville (Director)","250 to 499","PENDENNIS SHIPYARD LIMITED","False","2025/04/05 00:00:00","2024/06/14 12:57:23"
"PEOPLE IN ACTION","258","People In Action St. Davids Way, Bermuda Park, Nuneaton, England, CV10 7SD","CV10 7SD","02486564","88100","1.3","0.00","","","0","0","23","77","24","76","24","76","20","80","","Rajesh Odedra (Managing Director)","250 to 499","PEOPLE IN ACTION","False","2025/04/05 00:00:00","2025/01/10 12:27:32"
"PEOPLE'S PARTNERSHIP HOLDINGS LIMITED","1706","Manor Royal, Crawley, West Sussex, RH10 9QP","RH10 9QP","00377361","64999","28.2","42.6","63.1","56.5","62.3","64","34.4","65.6","28.4","71.6","48.3","51.7","72.1","27.9","","Patrick Heath-Lay (Chief Executive Officer)","500 to 999","PEOPLE'S PARTNERSHIP HOLDINGS LIMITED","False","2025/04/05 00:00:00","2024/12/18 12:26:26"
"PERCEPTA UK LIMITED","9731","6 Braid Court, Lawford Road, Chiswick, London, W4 3HS","W4 3HS","03995396","82990","19.21","-11.4","46.30","23.7","94.69","100","22","78","32","68","32","68","53","47","https://www.percepta.com/","Terry Evans (Senior Manager People Innovation)","250 to 499","PERCEPTA UK LIMITED","False","2025/04/05 00:00:00","2024/12/12 09:11:45"
"PERENCO UK LIMITED","9736","8 Hanover Square, London, England, W1S 1HQ","W1S 1HQ","04653066","6100,
6200","30.9","40.7","22.3","21.3","79.8","84.8","68.1","31.9","92.8","7.2","97","3","95.8","4.2","https://www.perenco.com/wp-content/uploads/2024/07/UK-Gender-Pay-Gap-Report-2024.pdf","Jonathan White (SNS General Manager (Director))","500 to 999","PERENCO UK LIMITED","False","2025/04/05 00:00:00","2024/08/02 16:00:07"
"PERRY HALL MULTI-ACADEMY TRUST","18891","Colman Avenue, Wednesfield, Wolverhampton, West Midlands, WV11 3RT","WV11 3RT","08566185","85200","27.59","58.94","","","0","0","3.60","96.40","2.90","97.10","12.23","87.77","18.12","81.88","","Jeremy Parkes (Strategic Head of Finance and Business Administration)","500 to 999","PERRY HALL MULTI-ACADEMY TRUST","False","2025/04/05 00:00:00","2024/12/13 14:57:05"
"PERRYS EAST MIDLANDS LIMITED","9745","PERRYS, Suite 1, 500 Pavilion Drive, Brackmills, Northampton, England, NN4 7YJ","NN4 7YJ","02086705","45111,
45112,
45200,
45320","19.1","23.9","62.4","36.2","78.5","47.3","64.9","35.1","61.0","39.0","85.7","14.3","88.2","11.8","","Nicky Holdcroft (Group HR Director)","250 to 499","PERRYS EAST MIDLANDS LIMITED","False","2025/04/05 00:00:00","2024/10/31 10:17:47"
"PERRYS MOTOR SALES LIMITED","9747","Suite 1, 500 Pavilion Drive Northampton, Business Park Brackmills, Northampton, NN4 7YJ","NN4 7YJ","00972286","45111,
45112,
45200,
45320","18.3","17.0","50.6","47.1","76.9","42.6","60.9","39.1","64.4","35.6","78.9","21.1","85.6","14.4","","Nicky Holdcroft (Group HR Director)","1000 to 4999","PERRYS MOTOR SALES LIMITED","False","2025/04/05 00:00:00","2024/10/31 10:35:29"
"PESTO RESTAURANTS LTD","9760","27 Fleet Street, Birmingham, West Midlands, United Kingdom, B3 1JP","B3 1JP","05162378","56101","7.2","8.9","21.1","30.0","10.0","7.8","42.6","57.4","36.1","63.9","50.9","49.1","53.7","46.3","","Jeremy Booth (Finance Director)","250 to 499","PESTO RESTAURANTS LTD","False","2025/04/05 00:00:00","2025/01/07 09:26:46"
"Peterborough City Council","9773","Town Hall, Bridge St, Peterborough, United Kingdom, PE1 1HF","PE1 1HF","","1,
84110","5.2","4.9","","","0","0","27.42","72.58","21.51","78.49","27.96","72.04","29.11","70.89","","","1000 to 4999","Peterborough City Council","False","2025/03/31 00:00:00","2025/01/14 10:23:37"
"Peterborough Limited","21466","Town Hall, Bridge Street, Peterborough, Cambridgeshire, PE1 1HF","PE1 1HF","","","-5.24","1.38","4.86","56.36","81.07","86.62","63.19","36.81","51.25","48.75","65.84","34.16","52.50","47.50","","","500 to 999","Peterborough Limited","False","2025/03/31 00:00:00","2024/06/13 12:48:31"
"PF CONCEPT UK LIMITED","20017","Neptune House, Squires Gate Lane, Blackpool, England, FY4 3RL","FY4 3RL","01873230","46190","6","-4","43","1","9","11","70","30","70","30","57","43","68","32","https://www.pfconcept.com/en_gb/gender-pay-gap","Nicola Hargreaves (Financial Controller)","Less than 250","PF CONCEPT UK LIMITED","False","2025/04/05 00:00:00","2024/12/13 09:34:54"
"PF CONCEPT UK OPERATIONS LTD","19792","Neptune House Sycamore Trading Estate, Squires Gate Lane, Blackpool, FY4 3RL","FY4 3RL","02518132","22290","6","-4","43","1","9","11","70","30","70","30","57","43","68","32","https://www.pfconcept.com/en_gb/gender-pay-gap","Nicola Hargreaves (Financial Controller)","Less than 250","PF CONCEPT UK OPERATIONS LTD","False","2025/04/05 00:00:00","2024/12/13 09:32:59"
"PHOENIX HOUSE","9815","68 Newington Causeway, London, England, SE1 6DF","SE1 6DF","01626869","86900,
87200,
88990","3.32","2.37","8.07","4.00","6.67","4.82","26.67","73.33","27.41","72.59","32.59","67.41","32.59","67.41","https://www.phoenix-futures.org.uk/gender-pay-reporting/","Johan Oosthuizen (Head of OD)","500 to 999","PHOENIX HOUSE","False","2025/04/05 00:00:00","2025/01/14 12:56:19"
"PHONOGRAPHIC PERFORMANCE LIMITED","9820","1 Upper James Street, London, W1F 9DE","W1F 9DE","00288046","59200","9.7","18.7","13.9","15.8","90.9","88.4","56.9","43.1","50.9","49.1","67.2","32.8","64.9","35.1","https://www.ppluk.com/about-us/reports-and-statements/","Peter Leathem (Chief Executive Officer)","Less than 250","PHONOGRAPHIC PERFORMANCE LIMITED","False","2025/04/05 00:00:00","2024/09/20 14:30:02"
"PICKERINGS HIRE LIMITED","23342","Ashby Road, Measham, Swadlincote, Derbyshire, DE12 7JP","DE12 7JP","00950139","43999","16.33","11.28","72.47","64.85","26","62","58","42","75","25","95","5","82","18","https://www.pickeringshire.co.uk/gender-pay-gap-reporting","HARVINDER HAYER (FINANCE DIRECTOR)","250 to 499","PICKERINGS HIRE LIMITED","False","2025/04/05 00:00:00","2025/01/02 09:43:42"
"PILGRIMS' FRIEND SOCIETY","18004","175 Tower Bridge Road, London, SE1 2AL","SE1 2AL","03027071","87300,
88100","12.72","1.90","","","0","0","15.79","84.21","23.81","76.19","15.07","84.93","31.33","68.67","https://www.pilgrimsfriend.org.uk/site-info/our-policies","Phil Wainwright (Senior HR Manager)","500 to 999","PILGRIMS' FRIEND SOCIETY","False","2025/04/05 00:00:00","2024/12/12 12:03:03"
"PITNEY BOWES LIMITED","9857","5 Churchill Place, 10th Floor, London, United Kingdom, E14 5HU","E14 5HU","00182037","28990","14.1","15.5","27.4","18.6","90.7","80.1","41.9","58.1","58.1","41.9","51.4","48.6","65.8","34.2","","Ryan Higginson (VP & Country Leader)","250 to 499","PITNEY BOWES LIMITED","False","2025/04/05 00:00:00","2024/08/21 08:04:10"
"PIZZA HUT (U.K.) LIMITED","194","Building 1, Imperial Place, Elstree Way, Borehamwood,, Herts, WD6 1JN","WD6 1JN","01072921","56101,
56102","4.1","0","","","0","0","41.4","58.6","45.4","54.6","51.7","48.3","48","52","https://assets.ctfassets.net/kahtja4ygpol/5jaz8hcisdv53uVQllEsYH/0f9f621edfe7e5f91a333e5cd3bb45c6/2024_Gender_Pay_Report.pdf","Kathryn Austin (Chief People & Marketing Officer)","1000 to 4999","HWS RESTAURANTS LIMITED","False","2025/04/05 00:00:00","2024/05/03 08:38:32"
"PIZZA PILGRIMS LTD","20501","23 Carnaby Street, London, United Kingdom, W1F 7DD","W1F 7DD","08292290","56101","7","0","31","15","18","21","49.6","50.4","62.6","37.4","72.4","27.6","67.5","32.5","","Oli Cavaliero (Head of People)","500 to 999","PIZZA PILGRIMS LTD","False","2025/04/05 00:00:00","2024/04/26 10:39:09"
"PLAN INTERNATIONAL (UK)","20458","Discovery House, 28-42 Banner Street, London, England, EC1Y 8QE","EC1Y 8QE","01364201","88990","7.49","7.41","","","0","0","14","86","25","75","38","62","37","63","","Cheryl Richardson (Director of People and Culture)","Less than 250","PLAN INTERNATIONAL (UK)","False","2025/04/05 00:00:00","2025/01/08 09:53:22"
"PLASTIC OMNIUM AUTOMOTIVE LIMITED","9877","Westminster Industrial Estate, Huntingdon Way Measham, Swadlincote, Derbyshire, DE12 7DS","DE12 7DS","03275572","22290","13","11","35","25","7","7","76","24","81","19","83","17","91","9","","Richard Haswell (UK Human Resources Director)","500 to 999","PLASTIC OMNIUM AUTOMOTIVE LIMITED","False","2025/04/05 00:00:00","2024/06/28 09:43:47"
"PLASTIPAK UK LTD","9879","Gresford Industrial Park Chester Road, Gresford, Wrexham, Wales, LL12 8LX","LL12 8LX","09582502","22220","-4.63","-7.46","-70.14","-13.64","92.08","86.36","87.5","12.5","96","4","93","7","84","16","https://www.plastipak.com/wp-content/uploads/2025/01/SIGNED-Gender-Pay-Final-Report-Website-Jan-2025.pdf","Roshini Muralidharan (Talent Manager)","Less than 250","PLASTIPAK UK LTD","False","2025/04/05 00:00:00","2025/01/15 08:40:12"
"Plumpton College","15862","Ditchling Road, Plumpton, East Sussex, BN7 3AE","BN7 3AE","","1,
85310","9.67","6.22","","","0","0","28.74","71.26","43.18","56.82","46.59","53.41","45.45","54.55","","","250 to 499","Plumpton College","False","2025/03/31 00:00:00","2025/01/03 10:23:07"
"PLUS DANE HOUSING LIMITED","16015","Atlantic Pavilion, Salthouse Quay, Royal Albert Dock, Liverpool, L3 4AE","L3 4AE","IP031012","","1.67","0.06","","","0","0","46.76","53.24","64.75","35.25","51.08","48.92","60.43","39.57","","Nicola Birkin (Payroll and Pensions Manager)","500 to 999","PLUS DANE HOUSING LIMITED","False","2025/04/05 00:00:00","2024/11/26 16:39:52"
"PLYMOUTH COMMUNITY HOMES LIMITED","14962","Plumer House, Tailyour Road, Plymouth, PL6 5DH","PL6 5DH","IP030637","","3.9","8.1","-43.6","50","2","1.1","60.8","39.2","32.3","67.7","68.4","31.6","60.1","39.9","https://www.plymouthcommunityhomes.co.uk/our-careers/life-at-pch","Sally Foden (Head of Human Resources & Organisational Development)","500 to 999","PLYMOUTH COMMUNITY HOMES LIMITED","False","2025/04/05 00:00:00","2024/11/20 08:52:13"
"Plymouth Hospitals Nhs Trust","9894","Derriford Hospital, Plymouth, Devon, PL6 8DH","PL6 8DH","","1,
86210","23.08","8.57","22.46","39.33","3.63","0.37","24.50","75.50","23.84","76.16","17.48","82.52","40.10","59.90","https://www.plymouthhospitals.nhs.uk/equality-and-diversity/","","5000 to 19,999","Plymouth Hospitals Nhs Trust","False","2025/03/31 00:00:00","2024/12/09 13:07:41"
"Pocklington School Foundation","17135","West Green, Pocklington, York, YO42 2NJ","YO42 2NJ","","85100,
85200,
85310","16.65","40.38","","","0","0","29","71","22","78","27","73","45","55","https://cdne-uks-pocklingtonams.azureedge.net/12f__GENDER_PAY_RESULTS_2024__submission-832.pdf?version=638699496070630000","Nick Robson (Governor)","250 to 499","Pocklington School Foundation","False","2025/04/05 00:00:00","2024/12/19 09:38:49"
"POLICE DIGITAL SERVICE","23398","20 Gresham Street, London, England, EC2V 7JE","EC2V 7JE","08113293","82990","10.8","11.6","","","0","0","49.3","50.7","68.1","31.9","68.8","31.2","75","25","","Kathleen Stephenson (Director of People Services)","250 to 499","POLICE DIGITAL SERVICE","False","2025/04/05 00:00:00","2024/06/11 16:41:36"
"Poor Servants of the Mother of God","17005","Maryfield Convent, Mount Angelus Road, London, SW15 4JA","SW15 4JA","","55900,
56102,
87100,
87200,
87300,
88100,
94910","6","0.56","","","0","0","18","82","11","89","11","89","18","82","","Alisha Phillips (HR Manager)","250 to 499","Poor Servants of the Mother of God","False","2025/04/05 00:00:00","2024/10/01 09:49:36"
"PORT OF LONDON AUTHORITY LIMITED","16420","London River House, Royal Pier Road, Gravesend, Kent, DA12 2BG","DA12 2BG","02515148","50200","20.2","20.2","-2.9","0","96.5","95.3","58.4","41.6","74.6","25.4","83.3","16.7","89.4","10.6","","KAREN Fuller (Director of HR)","250 to 499","PORT OF LONDON AUTHORITY LIMITED","False","2025/04/05 00:00:00","2025/01/02 10:58:18"
"PORTICO CORPORATE RECEPTION MANAGEMENT LIMITED","9929","300 Thames Valley Park Drive, Reading, United Kingdom, RG6 1PT","RG6 1PT","05159876","81100","5.7","0.0","13.57","0.64","58.21","55.44","21.7","78.3","32.5","67.5","25.8","74.2","31.60","68.4","","Paul JACKSON (Managing Director)","500 to 999","PORTICO CORPORATE RECEPTION MANAGEMENT LIMITED","False","2025/04/05 00:00:00","2025/01/07 17:59:07"
"PORTLAND COLLEGE","9931","Nottingham Road, Mansfield, Notts, NG18 4TJ","NG18 4TJ","00408340","85590","10.23","0.55","","","0","0","22.42","77.58","21.30","78.70","34.26","65.74","32.71","67.29","","","250 to 499","PORTLAND COLLEGE","False","2025/03/31 00:00:00","2025/01/10 08:37:24"
"POSSABILITIES C.I.C.","17737","Cherwell Centre, Cherwell Avenue, Heywood, Lancashire, OL10 4SY","OL10 4SY","08837981","87200,
88100,
88990","-3.8","0","","","0","0","27","73","23","77","23","77","23","77","","Freya Bleakley (HR Director)","500 to 999","POSSABILITIES C.I.C.","False","2025/04/05 00:00:00","2024/11/19 13:43:29"
"PP REALISATIONS 2024 LTD","18485","Ground Floor, Baird House, Seebeck Place, Knowlhill, Milton Keynes, MK5 8FR","MK5 8FR","11437948","78109","-11.24","-8.77","","","0","10","34.37","65.63","29.23","70.77","36.92","63.08","26.87","73.13","","Joyce Sutton (Finance Director)","250 to 499","PP REALISATIONS 2024 LTD","False","2025/04/05 00:00:00","2025/01/03 15:12:05"
"PREMDOR CROSBY LIMITED","9974","Birthwaite Business Park, Darton, Barnsley, South Yorkshire, S75 5JS","S75 5JS","03227274","16290","0","11","51","79","98","93","82","18","82","18","82","18","83","17","","Sharon Burkinshaw (Payroll Manager)","500 to 999","PREMDOR CROSBY LIMITED","False","2025/04/05 00:00:00","2024/05/09 12:32:42"
"PRESTIGE HOMESEEKER PARK & LEISURE HOMES LIMITED","17331","2 Humber Quays, Wellington Street West, Hull, England, HU1 2BN","HU1 2BN","01110225","32990","4","6","38","100","52","40","71","29","91","9","96","4","83","17","https://www.prestigehomeseeker.com/contentfiles/downloads/Gender%20Pay%20Gap%20Report.pdf","Mitchell Comer (CEO)","250 to 499","PRESTIGE HOMESEEKER PARK & LEISURE HOMES LIMITED","False","2025/04/05 00:00:00","2024/12/13 10:26:01"
"PRICE BAILEY LLP","10016","Causeway House, Dane Street, Bishops Stortford, Hertfordshire, CM23 3BT","CM23 3BT","OC307551","","6.0","5.4","15.5","-12.5","26.2","11.9","41.8","58.2","50.5","49.5","42.3","57.7","53.1","46.9","https://www.pricebailey.co.uk/careers-2/gender-pay-gap-reports/","Martin Clapson (Managing Director Partner)","250 to 499","PRICE BAILEY LLP","False","2025/04/05 00:00:00","2025/01/02 16:36:02"
"PRICEWATERHOUSECOOPERS LLP","268","1 Embankment Place, London, WC2N 6RH","WC2N 6RH","OC303525","","29.9","30","40.2","53.3","99.7","100","10.4","89.6","36.9","63.1","43","57","55.4","44.6","https://www.pwc.co.uk/who-we-are/our-purpose/empowered-people-communities/inclusion/diversity-pay-report.html","James Chamberlain (HC Senior Manager)","1000 to 4999","PRICEWATERHOUSECOOPERS LLP","False","2025/04/05 00:00:00","2024/12/10 14:10:11"
"PRICEWATERHOUSECOOPERS SERVICES LIMITED","267","1 Embankment Place, London, WC2N 6RH","WC2N 6RH","00728502","82990","5.6","2.0","20.8","11.5","98.2","98.7","55.1","44.9","49.6","50.4","51.1","48.9","56.5","43.5","https://www.pwc.co.uk/who-we-are/our-purpose/empowered-people-communities/inclusion/diversity-pay-report.html","James Chamberlain (HC Senior Manager)","20,000 or more","PRICEWATERHOUSECOOPERS SERVICES LIMITED","False","2025/04/05 00:00:00","2024/12/10 14:05:34"
"PRIME APPOINTMENTS LIMITED","15250","Austin House, Newland Street, Witham, England, CM8 2BA","CM8 2BA","02704145","78109,
78200","-1.05","-0.60","39.42","12.50","0.77","3.49","74.3","25.7","73","27","61.6","38.4","66.2","33.8","https://prime-appointments.co.uk","Layla Drewell (Finance Director)","250 to 499","PRIME APPOINTMENTS LIMITED","False","2025/04/05 00:00:00","2024/10/22 12:17:22"
"PRINCESS ALICE HOSPICE","14446","West End Lane, Esher, Surrey, KT10 8NA","KT10 8NA","01599796","85590,
86900,
88990","-12.57","-3.03","","","0","0","5.05","94.95","3.54","96.46","3.79","96.21","1.77","98.23","https://www.pah.org.uk/join-our-team/rewarding-work/","Karen Garforth (Director of People Services, Volunteering and Organisational Development)","250 to 499","PRINCESS ALICE HOSPICE","False","2025/04/05 00:00:00","2024/12/12 08:01:01"
"PRIOR'S COURT FOUNDATION","15777","Prior's Court School, Priors Court Road, Hermitage, Thatcham, Berkshire, RG18 9NU","RG18 9NU","03583324","85590,
87200","-1.8","-1.2","","","0","0","32","68","37","63","30","70","32","68","","Elizabeth Bolsom (Pay & Benefits Manager)","250 to 499","PRIOR'S COURT FOUNDATION","False","2025/04/05 00:00:00","2024/08/16 08:45:36"
"PROACTIVE PERSONNEL (WEST MIDLANDS) LIMITED","10062","Proactive House Hadley Park East, Hadley, Telford, Shropshire, England, TF1 6QJ","TF1 6QJ","04056480","78200","-1.8","0.1","-61.9","-212.5","35.1","26.3","73.6","26.4","86.8","13.2","81.1","18.9","73.6","26.4","https://proactivepersonnel.net/wp-content/uploads/2024/04/Gender-Pay-Gap-Updated-29.05.24.pdf","Kevin Humphreys (General Manager)","Less than 250","PROACTIVE PERSONNEL (WEST MIDLANDS) LIMITED","False","2025/04/05 00:00:00","2024/05/29 09:42:08"
"PROACTIVE PERSONNEL LIMITED","10063","Proactive House Hadley Park East, Hadley, Telford, Shropshire, England, TF1 6QJ","TF1 6QJ","03807344","78200","0.5","2.6","-58.9","52.3","46.9","53.8","79.9","20.1","72.0","28.0","76.3","23.7","84.5","15.5","https://proactivepersonnel.net/wp-content/uploads/2024/04/Gender-Pay-Gap-Updated-29.05.24.pdf","Kevin Humphreys (General Manager)","500 to 999","PROACTIVE PERSONNEL LIMITED","False","2025/04/05 00:00:00","2024/05/29 09:41:13"
"PROCOOK LIMITED","18117","Procook, 10 Indurent Park, Gloucester, United Kingdom, GL10 3EZ","GL10 3EZ","06639057","47789","11","4","22","14","88","92","23","77","33","67","32","68","44","56","","Sarah Wheatley (HR & CSR Director)","500 to 999","PROCOOK LIMITED","False","2025/04/05 00:00:00","2024/12/19 10:53:04"
"PROGRESS HOUSING ASSOCIATION LIMITED","19461","Sumner House, 21 King Street, Leyland, Lancashire, PR252LW","PR252LW","IP27792R","","8.2","10.9","29.3","25.9","6.8","8.1","46.2","53.8","28.9","71.1","60.6","39.4","64.8","35.2","https://corporate.progressgroup.org.uk/policies-and-reports/performance-reports/gender-pay-equality/","Jude Williamson (EDI Business Partner)","500 to 999","PROGRESS HOUSING ASSOCIATION LIMITED","False","2025/04/05 00:00:00","2025/01/13 17:18:48"
"PROMAN MANAGED SERVICES LIMITED","22512","Building 2 Think Park Mosley Road, Trafford Park, Manchester, England, M17 1FQ","M17 1FQ","04163986","78200","25.18","26.41","29.8","86.92","24","2","72.73","27.27","64.46","35.54","82.64","17.36","85.83","14.17","https://www.proman-uk.com/gender-pay-gap-reporting","Patrick Ramsdale (Director)","1000 to 4999","PROMAN MANAGED SERVICES LIMITED","False","2025/04/05 00:00:00","2024/07/22 09:59:41"
"PROMAN SUPPLY CHAIN LTD","17068","Building 2 Mosley Road, Trafford Park, Manchester, England, M17 1FQ","M17 1FQ","03443013","78109,
78200","22.34","1.63","10.1","31.17","30","3","71.93","28.07","65.78","34.22","69.65","30.35","79.79","20.21","https://www.proman-uk.com/gender-pay-gap-reporting","Patrick Ramsdale (Director)","5000 to 19,999","PROMAN SUPPLY CHAIN LTD","False","2025/04/05 00:00:00","2024/07/22 09:57:49"
"PROTO LABS, LIMITED","17244","Proto Labs, Halesfield 8, Telford, Shropshire, TF7 4QN","TF7 4QN","05366160","22290,
32990","19","16.8","21.73","0.01","94.34","96.38","43.42","56.58","50.67","49.33","77.63","22.37","76.32","23.68","","Martyn Heard (Financial Director)","250 to 499","PROTO LABS, LIMITED","False","2025/04/05 00:00:00","2024/09/30 13:01:14"
"PYRONIX LIMITED","17330","Secure House Braithwell Way, Hellaby, Rotherham, South Yorkshire, S66 8QY","S66 8QY","01996478","26110","25.55","32.33","15.92","0","96.49","93.83","47.7","52.3","43.2","56.8","63.6","36.4","84.4","15.6","","carol Herdman (Finance Director)","Less than 250","PYRONIX LIMITED","False","2025/04/05 00:00:00","2024/12/06 13:09:25"
"Q CARE LIMITED","10143","The Office Block D, Nantgavenny Business Park, Nantgavenny Lane, Mardy, Abergavenny, Monmouthshire, Wales, NP7 6LG","NP7 6LG","02881343","88100","5.9","4.8","","","0","0","89.5","10.5","94.4","5.6","79","21","84.2","15.8","","Marie Catt (marie.catt@q-care.co.uk)","250 to 499","Q CARE LIMITED","False","2025/04/05 00:00:00","2024/12/23 11:03:00"
"QUARTZELEC LTD","10182","Quartzelec Ltd Castle Mound Way, Central Park, Rugby, Warwickshire, CV23 0WB","CV23 0WB","02364716","25990,
27110,
33140,
43210","24.43","37.37","47.9","18.7","60","91","67.15","32.85","89.36","10.64","93.61","6.39","94.96","5.04","https://www.quartzelec.com","Lindsey Moffitt (HR Director)","500 to 999","QUARTZELEC LTD","False","2025/04/05 00:00:00","2024/07/23 15:38:40"
"Queen Victoria Hospital NHS Foundation Trust","15742","Holtye Road, East Grinstead, West Sussex, RH19 3DZ","RH19 3DZ","","1,
86210","33.1","32.2","49.3","0","4.75","2.36","16.50","83.50","17.38","82.62","15.74","84.26","45.13","54.87","https://www.qvh.nhs.uk/wp-content/uploads/2024/10/Gender-Pay-Gap-Report-2024.pdf","","1000 to 4999","Queen Victoria Hospital NHS Foundation Trust","False","2025/03/31 00:00:00","2024/10/25 11:51:19"
"R E PEOPLE LIMITED","14299","Manor Park Place Rutherford Way, Swindon Village, Cheltenham, England, GL51 9TU","GL51 9TU","05506226","78109","-15","3","-42","-24","12","14","58","42","72","28","67","33","69","31","https://www.rerecruitment.com","Rina Gendvilaite (Payroll Manager)","500 to 999","R E PEOPLE LIMITED","False","2025/04/05 00:00:00","2024/05/13 15:36:11"
"RAMSDENS FINANCIAL LIMITED","45","Unit 16 Parkway Centre, Coulby Newham, Middlesbrough, Cleveland, TS8 0TJ","TS8 0TJ","03045495","64999,
64999","22","9","76.5","45.5","92.2","92.5","16","84","15","85","13","87","36","64","","Peter Kenyon (CEO)","500 to 999","RAMSDENS FINANCIAL LIMITED","False","2025/04/05 00:00:00","2024/10/16 11:03:27"
"Ravensbourne","17195","6 Penrose Way, Greenwich, SE10 0EW","SE10 0EW","","1,
85320,
85421,
85422","6.38","0.00","","","0","0","46","54","52","48","55","45","63","37","","","250 to 499","Ravensbourne","False","2025/03/31 00:00:00","2024/10/25 07:56:57"
"RAYLEIGH SCHOOLS TRUST","16481","The Sweyne Park School, Sir Walter Raleigh Drive, Rayleigh, Essex, SS6 9BZ","SS6 9BZ","08401607","85200,
85310","34.6","59.5","","","0","0","4.5","95.5","7.4","92.6","26.5","73.5","30.9","69.1","","","250 to 499","RAYLEIGH SCHOOLS TRUST","False","2025/03/31 00:00:00","2024/04/16 15:41:41"
"RCL CRUISES LTD","10289","7, The Heights, Brooklands, Weybridge, Surrey,, Brooklands, Weybridge, England, KT13 0XW","KT13 0XW","07366612","50100,
79110","24","20","31","44","68","54","29","71","35","65","40","60","57","43","","Danielle Dixon (Director HR International)","250 to 499","RCL CRUISES LTD","False","2025/04/05 00:00:00","2025/01/17 13:39:48"
"REAL LIFE OPTIONS","10304","David Wandless House A1 Business Park, Knottingley Road, Knottingley, West Yorkshire, WF11 0BU","WF11 0BU","02699638","87300,
88100","1.2","3.33","","","0","0","26.57","73.43","22.81","77.19","33.59","66.41","26.14","73.86","","David Sargent (CEO)","1000 to 4999","REAL LIFE OPTIONS","False","2025/04/05 00:00:00","2024/07/01 15:33:14"
"RED ENGINEERING DESIGN LIMITED","21563","100 New Oxford Street, London, England, WC1A 1HB","WC1A 1HB","05299489","71129,
74100","18","21","43","43","90","89","65","35","63","37","80","20","84","16","","Martin Sieh (CEO)","250 to 499","RED ENGINEERING DESIGN LIMITED","False","2025/04/05 00:00:00","2024/07/11 13:52:22"
"REDS10 (UK) LIMITED","23401","129-131 Metal Box Factory, 30 Great Guildford Street, Borough, London, England, SE1 0HS","SE1 0HS","05934862","41201","-10.2","-21.8","-68.4","-213.8","70.74","71.74","88.3","11.7","95.7","4.3","84.9","15.1","83.9","16.1","","Matt Bennion (CEO)","250 to 499","REDS10 (UK) LIMITED","False","2025/04/05 00:00:00","2024/09/02 10:57:36"
"REFLEX LABELS LIMITED","298","Vision House, Hamilton Way, Oakham Business Park, Mansfield, Nottinghamshire, NG18 5BU","NG18 5BU","03708517","18121","5.2","4.5","-32.2","0","78","22","74","26","75","25","81","19","82","18","https://reflexlabels.co.uk/wp-content/uploads/Reflex-Labels-Group-2023.pdf","Alison Brown (Head of People Services)","500 to 999","REFLEX LABELS LIMITED","False","2025/04/05 00:00:00","2025/01/16 11:48:56"
"REFLEXION CARE GROUP LIMITED","19102","Fitzroy Academy, Cruckton, Shrewsbury, England, SY5 8PR","SY5 8PR","06413244","85590,
86900,
87900,
93290","0.12","0.8","35.41","-100","15.03","16.07","40","60","45","55","51","49","39","61","","Ben Talbot (Assistant Accountant)","250 to 499","REFLEXION CARE GROUP LIMITED","False","2025/04/05 00:00:00","2024/06/05 09:30:43"
"REFUGE","19227","92 C/O Fora, Tintagel House (Th), 92 Albert Embankment, London, England, SE1 7TY","SE1 7TY","01412276","96090","15.81","24.88","","","0","0","0","100","0","100","4.50","95.50","4.55","95.45","https://refuge.org.uk/about-refuge/equality-diversity-and-inclusion/","Abigail Ampofo (Interim Chief Executive)","250 to 499","REFUGE","False","2025/04/05 00:00:00","2024/10/23 10:30:29"
"REGATTA LTD","10371","Risol House, Mercury Way, Urmston, Manchester, M41 7RR","M41 7RR","01063450","46420,
47710,
47910","15.5","5.1","47","0","92.1","90.1","31.7","68.3","45.1","54.9","48","52","50.9","49.1","https://www.regatta.com/gender-pay-gap/","Orla Flynn (Chief Operating Officer)","1000 to 4999","REGATTA LTD","False","2025/04/05 00:00:00","2024/06/25 15:53:39"
"REGENT OFFICE CARE LIMITED","10374","Unit 2 Oak Court Pilgrims Walk, Prologis Park, Coventry, West Midlands, CV6 4QH","CV6 4QH","01990614","81210","6.43","6.92","27.21","36.27","9.8","8.7","31.26","68.74","45.1","54.9","48.04","51.96","56.37","43.63","http:\\www.samsic.uk","Baldip Brreach (Finance Director)","1000 to 4999","REGENT OFFICE CARE LIMITED","False","2025/04/05 00:00:00","2025/01/09 13:18:05"
"REGIS HOTEL (OPCO) UK S.A.","3522","15 Boulevard Roosevelt, Luxembourg 2450, Luxembourg","","FC031505","","-5.2","-1.3","-18.1","1.8","94","92","64.3","35.7","53.6","46.4","47.6","52.4","57.6","42.4","","Nerissa Ferreira (Finance Business Partner)","250 to 499","REGIS HOTEL (OPCO) UK S.A.","False","2025/04/05 00:00:00","2024/12/19 14:40:10"
"Registers of Scotland","73","Meadowbank House, 153 London Road, Edinburgh, EH8 7AU","EH8 7AU","","1","1.6","0","","","0","0","47.6","52.4","48.1","51.9","49.7","50.3","50.2","49.8","","","1000 to 4999","Registers of Scotland","False","2025/03/31 00:00:00","2024/06/26 14:44:54"
"RELIANCE WORLDWIDE CORPORATION (UK) LIMITED","7002","Horton Road, West Drayton, Middlesex, UB7 8JL","UB7 8JL","01442922","22290","27.7","36","47","0","93.4","96.7","28","72","45.1","54.9","78.5","21.5","80.7","19.3","","Sarah Brook (Director of HR EMEA)","500 to 999","RELIANCE WORLDWIDE CORPORATION (UK) LIMITED","False","2025/04/05 00:00:00","2024/08/05 15:00:47"
"RENAISSANCE CARE (NO1) LIMITED","14430","Archibald Hope House, Station Road, Musselburgh, Scotland, EH21 7PQ","EH21 7PQ","SC402097","87100","-6.6","-2.8","-83.8","-3900.0","5","3.7","20.3","79.7","20.9","79.1","22.4","77.6","16.9","83.1","","Nikki Riding (Payroll Manager)","1000 to 4999","RENAISSANCE CARE (NO1) LIMITED","False","2025/04/05 00:00:00","2025/01/09 23:41:04"
"RENAULT RETAIL GROUP UK LIMITED","10393","Unit W1 West Cross Way, West Cross Industrial Park, Brentford, England, TW8 9DE","TW8 9DE","02304689","45111","18","22","48.8","33.93","82.34","51.76","69","31","83","17","90","10","89","11","","Rachel Yates (HR Director)","250 to 499","RENAULT RETAIL GROUP UK LIMITED","False","2025/04/05 00:00:00","2024/08/27 08:29:54"
"RENOLIT UK LIMITED","10410","Station Road, Cramlington, Northumberland, NE23 8AQ","NE23 8AQ","00207104","22290","2.56","3.10","19.13","0","93.54","94.29","81.25","18.75","95.06","4.94","91.36","8.64","90.12","9.88","https://www.renolit.com/en/documents","Jane Warburton (HR Manager)","250 to 499","RENOLIT UK LIMITED","False","2025/04/05 00:00:00","2024/12/17 14:15:26"
"RENROD LIMITED","10412","12 Meridian Motor Park, North Bradley, Trowbridge, Wiltshire, England, BA14 0BJ","BA14 0BJ","01210595","45111","15.8","15.9","59.3","35","82.2","58.5","72","28","71","29","78","22","90","10","","Nick Wreyford (Financial Controller)","250 to 499","RENROD LIMITED","False","2025/04/05 00:00:00","2024/06/13 12:52:06"
"RHENUS LOGISTICS LIMITED","10455","Rhenus Logistics Liverpool Road, Eccles, Manchester, England, M30 7RF","M30 7RF","04401654","49410","19.78","-7.51","48.44","0","74","74","64.7","35.3","70.6","29.4","45.9","54.1","63.5","36.5","https://www.rhenus.group/fileadmin/z_Rhenus_UK/Legal_and_Compliance_documents","Lisa Binnersley (HR Director)","250 to 499","RHENUS LOGISTICS LIMITED","False","2025/04/05 00:00:00","2024/12/12 13:02:55"
"RICARDO PERFORMANCE PRODUCTS LIMITED","23549","Shoreham Technical Centre, Old Shoreham Road, Shoreham-By-Sea, United Kingdom, BN43 5FG","BN43 5FG","15072813","28150,
71122","-2.86","-7.07","-68.99","-771.77","19","24","86.4","13.6","91.2","8.8","88.7","11.3","83.7","16.3","","Graham Ritchie (Chief Executive Officer)","250 to 499","RICARDO PERFORMANCE PRODUCTS LIMITED","False","2025/04/05 00:00:00","2025/01/10 16:14:32"
"RICARDO UK LIMITED","10468","Shoreham Technical Centre, Old Shoreham Road, Shoreham-By-Sea, West Sussex, BN43 5FG","BN43 5FG","02815682","28150,
71122","7.62","12.26","90.66","21.94","26","38","79.3","20.7","87.9","12.1","92.3","7.7","85.9","14.1","","Graham Ritchie (Chief Executive Officer at Ricardo plc)","250 to 499","RICARDO UK LIMITED","False","2025/04/05 00:00:00","2025/01/03 16:03:49"
"RICARDO-AEA LIMITED","10469","Shoreham Technical Centre, Old Shoreham Rd, Shoreham-By-Sea, West Sussex, BN43 5FG","BN43 5FG","08229264","62020,
63110,
71200,
74901","15.81","15.73","7.87","8.61","17","9","46.6","53.4","47.1","52.9","57.1","42.9","68.8","31.2","","Graham Ritchie (Chief Executive Officer at Ricardo plc)","500 to 999","RICARDO-AEA LIMITED","False","2025/04/05 00:00:00","2025/01/03 15:58:50"
"RICHMOND VILLAGES OPERATIONS LIMITED","10484","1 Angel Court, London, United Kingdom, EC2R 7HJ","EC2R 7HJ","04779288","86900","-5.1","0.7","53.3","12.5","86.1","91.1","22.1","77.9","16.7","83.3","23.6","76.4","17.2","82.8","https://www.bupa.com/important-notices/pay-gap-reports","Carlos Jaureguizar (CEO, Bupa Global, India & UK)","1000 to 4999","RICHMOND VILLAGES OPERATIONS LIMITED","False","2025/04/05 00:00:00","2024/12/30 11:43:48"
"RIDGE SURVEYORS LIMITED","10495","The Cowyards, Blenheim Park Oxford Road, Woodstock, Oxfordshire, OX20 1QR","OX20 1QR","03098448","82990","28","32","40","49","29","14","56","44","61","39","78","22","87","13","","Adrian O'Hickey (Senior Partner)","1000 to 4999","RIDGE SURVEYORS LIMITED","False","2025/04/05 00:00:00","2024/10/18 13:35:48"
"RISEDALE ESTATES LIMITED","10516","Risedale At Abbey Meadow, Duchy Court, Barrow-In-Furness, Cumbria, LA13 0BF","LA13 0BF","01974198","87100,
87200,
87300","-5","0","29.57","4.59","20.11","79.89","22.97","77.03","21.48","78.52","18.92","81.08","20.13","79.87","","TRACY BRACKWELL (DIRECTOR OF ADMINISTRATION)","500 to 999","RISEDALE ESTATES LIMITED","False","2025/04/05 00:00:00","2024/07/30 09:36:42"
"RIVERSIDE TRUCK RENTAL LIMITED","14674","Oasis Business Park Parkside Place, Oasis Business Park, Skelmersdale, Lancashire, WN8 9RD","WN8 9RD","03190863","77120","14.2","28.4","-57.2","44.9","75.6","45.8","59.3","40.7","83","17","94.3","5.7","81.1","18.9","https://nrgriverside.com/wp-content/uploads/2024/09/2024-Gender-Pay-Gap-report-NRG-Riverside.pdf","Jenny Cook (Chief People Officer)","Less than 250","RIVERSIDE TRUCK RENTAL LIMITED","False","2025/04/05 00:00:00","2024/09/23 10:13:16"
"RJAH Orthopaedic Hospital NHS Foundation Trust","17099","RJAH Orthopaedic Hospital NHS Foundation Trust, Oswestry, Shropshire, SY10 7AG","SY10 7AG","","1,
86210","36.39","19.18","-70.20","-50.4","6.09","0.32","18.30","81.70","21.28","78.72","16.13","83.87","41.26","58.74","","","1000 to 4999","RJAH Orthopaedic Hospital NHS Foundation Trust","False","2025/03/31 00:00:00","2025/01/13 16:40:11"
"RM EDUCATION LTD","10531","142b Park Drive, Milton Park, Abingdon, Oxon, England, OX14 4SE","OX14 4SE","01148594","62090,
85600","-7.2","-15.3","13","-9099.8","37.0","33.6","77.6","22.4","77.6","22.4","68","32","69.3","30.7","https://www.rm.com/about/gender-pay-report","Mark Cook (Chief Executive Officer)","500 to 999","RM EDUCATION LTD","False","2025/04/05 00:00:00","2024/12/18 14:50:19"
"RM EDUCATIONAL RESOURCES LTD","12295","142b Park Drive, Milton Park, Abingdon, Oxon, England, OX14 4SE","OX14 4SE","03100039","46900","-4.7","-2.7","8","-102.7","45.2","58.7","51.1","48.9","42.5","57.5","44.7","55.3","40.4","59.6","https://www.tts-group.co.uk/company/gender-pay-reporting/","Mark Cook (Chief Executive Officer)","Less than 250","RM EDUCATIONAL RESOURCES LTD","False","2025/04/05 00:00:00","2024/12/18 14:57:09"
"ROC TECHNOLOGIES LIMITED","20325","1 Lindenmuth Way, Greenham Business Park, Greenham, Thatcham, United Kingdom, RG19 6AD","RG19 6AD","07579363","61100,
61900","2.6","2.3","66","50","15.4","26","74.6","25.4","72.6","27.4","74.2","25.8","79.4","20.6","","Charlotte Gray (Finance Director)","250 to 499","ROC TECHNOLOGIES LIMITED","False","2025/04/05 00:00:00","2025/01/14 12:28:40"
"ROCHE HEALTHCARE LIMITED","10572","Unit 1 Manor Court, Manor Mill Lane, Leeds, LS11 8LQ","LS11 8LQ","02992723","86102,
87900","0.12","-0.60","-25.68","-33.33","6","3","10","90","8","92","16","84","8","92","","David Vautrey (Co Accountant)","250 to 499","ROCHE HEALTHCARE LIMITED","False","2025/04/05 00:00:00","2024/04/05 14:38:41"
"ROMAN ORIGINALS PLC","102","Unit 1, Vantage Point, 5 Wingfoot Close, Birmingham, England, B24 9JH","B24 9JH","00980843","14132,
47710","5","4.2","20.42","12.96","0.07","0.08","35","65","0","100","25.7","74.3","50.3","49.7","https://www.roman.co.uk/about-us","Rob Dean (Finance Director)","500 to 999","ROMAN ORIGINALS PLC","False","2025/04/05 00:00:00","2024/11/07 12:45:26"
"ROMO LIMITED","10608","Romo Limited, Oddicroft Lane, Sutton-In-Ashfield, England, NG17 5FB","NG17 5FB","00385709","46410","7","-6","47","2","97","95","38","62","57","43","26","74","34","66","https://www.romo.com/legal","Denise Rook (Financial Controller)","250 to 499","ROMO LIMITED","False","2025/04/05 00:00:00","2024/09/05 13:08:31"
"ROSS-SHIRE ENGINEERING LIMITED","16945","Muir Of Ord Industrial Estate, Muir Of Ord, Ross-Shire, IV6 7UA","IV6 7UA","SC177939","25110,
28990,
33200,
43999","23.98","26.18","22.5","22.3","6","3.45","79.4","20.6","93.4","6.6","96.3","3.7","95","5","","Jenna McCormick (Senior HR Manager)","1000 to 4999","ROSS-SHIRE ENGINEERING LIMITED","False","2025/04/05 00:00:00","2024/10/17 09:50:11"
"ROYAL & SUN ALLIANCE INSURANCE LIMITED","10638","St Marks Court, Chart Way, Horsham, West Sussex, RH12 1XL","RH12 1XL","00093792","65120","22.4","24.6","43.6","69","96.7","96.6","36.3","63.7","43.4","56.6","51.9","48.1","63.8","36.2","https://static.rsagroup.com/rsa/investors/company-performance/gender-pay-gap/rsa-gender-pay-gap-report.pdf","Ken Norgrove (Chief Executive Officer)","1000 to 4999","ROYAL & SUN ALLIANCE INSURANCE LIMITED","False","2025/04/05 00:00:00","2024/12/12 11:13:55"
"Royal College of Music","15035","Prince Consort Road, London, SW7 2BS","SW7 2BS","","1,
85421","5.5","0","","","0","0","47.5","52.5","58","42","62","38","54","46","","","500 to 999","Royal College of Music","False","2025/03/31 00:00:00","2024/09/11 11:28:00"
"ROYAL COLLEGE OF PSYCHIATRISTS (THE)","20359","","","RC000463","","6.48","6.36","","","0","0","27.06","72.94","24.42","75.58","24.71","75.29","28.24","71.76","","Marcia Cummings (Director of HR)","250 to 499","ROYAL COLLEGE OF PSYCHIATRISTS (THE)","False","2025/04/05 00:00:00","2025/01/02 07:28:07"
"Royal Cornwall Hospitals NHS Trusts","20228","Beacon Building, Penventinnie Lane, Treliske, Truro, Cornwall, United Kingdom, TR1 3LJ","TR1 3LJ","","","29.7","17.8","29.2","5.3","4.4","7.7","31.6","68.4","19.9","80.1","20.3","79.7","41.8","58.2","","","5000 to 19,999","Royal Cornwall Hospitals NHS Trusts","False","2025/03/31 00:00:00","2024/10/04 08:42:31"
"Royal United Hospitals Bath NHS Foundation Trust","15817","Combe Park, Bath, BA1 3NG","BA1 3NG","","1,
86101","16.27","-0.20","43.06","3.55","58.78","67.68","27.9","72.1","22.8","77.2","18.3","81.7","31.9","68.1","https://www.ruh.nhs.uk/about/equality_diversity/objectives.asp?menu_id=5d","","5000 to 19,999","Royal United Hospitals Bath NHS Foundation Trust","False","2025/03/31 00:00:00","2024/10/03 09:29:25"
"RRG GROUP LIMITED","10682","173 Cross Lane, Salford, Lancashire, M5 4AP","M5 4AP","01053351","45111","16.92","19.56","46.53","42.58","81","60","68.9","31.1","57.8","42.2","83.3","16.7","82.4","17.6","","Arran J Bangham (Vice Chairman)","500 to 999","RRG GROUP LIMITED","False","2025/04/05 00:00:00","2025/01/02 07:41:22"
"RSA INSURANCE GROUP LIMITED","10685","Floor 8 22 Bishopsgate, London, United Kingdom, EC2N 4BQ","EC2N 4BQ","02339826","70100","22.4","24.6","43.6","69","96.7","96.6","36.3","63.7","43.4","56.6","51.9","48.1","63.8","36.2","https://static.rsagroup.com/rsa/investors/company-performance/gender-pay-gap/rsa-gender-pay-gap-report.pdf","Ken Norgrove (Chief Executive Officer)","1000 to 4999","RSA INSURANCE GROUP LIMITED","False","2025/04/05 00:00:00","2024/12/12 11:09:10"
"RUDOLPH & HELLMANN AUTOMOTIVE LIMITED","10694","Charter House, Sandford Street, Lichfield, Staffordshire, England, WS13 6QA","WS13 6QA","03881895","52219","3.15","7.69","46.65","0.00","10.7","12.1","76.9","23.1","80.0","20.0","87.7","12.3","79.2","20.8","https://www.rh-automotive.co.uk/download/clientfiles/files/RHA%20Gender%20Pay%20Gap%20Reporting%20Summary%202023-24.pdf","Paul Brown (Finance Director)","500 to 999","RUDOLPH & HELLMANN AUTOMOTIVE LIMITED","False","2025/04/05 00:00:00","2024/04/05 13:31:08"
"Rushcliffe Borough Council","10710","Ruchcliffe Arena, Rugby Road, West Bridgford, Nottingham, Nottinghamshire, United Kingdom, NG2 7YG","NG2 7YG","","1,
84110","-8.87","-6.26","-50","-50","0.5","0.8","72","28","55","45","62.5","37.5","48","52","","","250 to 499","Rushcliffe Borough Council","False","2025/03/31 00:00:00","2024/09/25 15:54:08"
"Rutland County Council","10723","Catmose House, Catmose Street, Oakham, LE15 6HP","LE15 6HP","","1,
84110","-1.41","-1.75","","","0","0","30","70","24","76","25","75","26","74","","","500 to 999","Rutland County Council","False","2025/03/31 00:00:00","2025/01/17 08:42:46"
"RYDER ARCHITECTURE LIMITED","22443","Cooper's Studios, 14-18 Westgate Road, Newcastle Upon Tyne, NE1 3NN","NE1 3NN","01852938","71111","21.3","21.5","28.7","28.2","57.6","48.2","47.3","52.7","40.5","59.5","55.4","44.6","78.4","21.6","https://www.ryderarchitecture.com/wp-content/uploads/2024/09/Closing-the-Gap-Report_2024.pdf","Mark Thompson (Managing Partner)","250 to 499","RYDER ARCHITECTURE LIMITED","False","2025/04/05 00:00:00","2024/10/09 10:24:03"
"Ryedale Learning Trust","22926","Gale Lane, Nawton, North Yorkshire, YO62 7SL","YO62 7SL","","","21.72","47.68","","","0","0","20.90","79.10","18","82","28.4","71.6","43.3","56.7","","","250 to 499","Ryedale Learning Trust","False","2025/03/31 00:00:00","2025/01/09 14:56:15"
"SADLER'S WELLS TRUST LIMITED","427","Sadler's Wells, Rosebery Avenue, London, EC1R 4TN","EC1R 4TN","01488786","90010","11.63","8.98","97","0","54","46","23","77","35","65","35","65","50","50","https://www.sadlerswells.com/about-us/our-people/","Alistair Spalding (Artistic Director and Co-CEO)","250 to 499","SADLER'S WELLS TRUST LIMITED","False","2025/04/05 00:00:00","2024/12/16 10:53:03"
"SAFEHANDS RECRUITMENT LTD","16885","Manor Park Place Rutherford Way, Swindon Village, Cheltenham, England, GL51 9TU","GL51 9TU","08344417","78200","-66","4.5","-355","-5756","6","7","37","63","43","57","40","60","47","53","https://www.safehandsrecruitment.co.uk/office/cheltenham/","Rina Gendvilaite (Payroll Manager)","250 to 499","SAFEHANDS RECRUITMENT LTD","False","2025/04/05 00:00:00","2024/05/15 14:12:50"
"SAGA GROUP LIMITED","10796","3 Pancras Square, London, United Kingdom, N1C 4AG","N1C 4AG","00638891","70100","12.3","-1.1","19.7","-4.8","79.9","79.0","58.8","41.2","55.9","44.1","60.3","39.7","52.2","47.8","https://saga.co.uk/gender-pay-review","Roisin Mackenzie (Chief People Officer)","250 to 499","SAGA GROUP LIMITED","False","2025/04/05 00:00:00","2024/10/10 11:08:38"
"SAGA PLC","10797","3 Pancras Square, London, United Kingdom, N1C 4AG","N1C 4AG","08804263","70100","19.4","8.1","34.7","7.6","87.5","85.2","44.3","55.7","41.2","58.8","43.3","56.7","57.3","42.7","https://saga.co.uk/gender-pay-review","Roisin Mackenzie (Chief People Officer)","1000 to 4999","SAGA PLC","False","2025/04/05 00:00:00","2024/10/10 11:11:15"
"SAGA SERVICES LIMITED","10798","3 Pancras Square, London, United Kingdom, N1C 4AG","N1C 4AG","00732602","66220","22.6","13.0","43.8","18.8","91.0","92.5","32.8","67.2","31.3","68.7","39.3","60.7","53.3","46.7","https://saga.co.uk/gender-pay-review","Roisin Mackenzie (Chief People Officer)","1000 to 4999","SAGA SERVICES LIMITED","False","2025/04/05 00:00:00","2024/10/10 11:14:19"
"SAGA TRAVEL GROUP (UK) LIMITED","23034","3 Pancras Square, London, United Kingdom, N1C 4AG","N1C 4AG","12102155","96090","18.9","2.2","32.8","-33.6","81.9","85.6","50","50","27.3","72.7","27.3","72.7","54.5","45.5","https://saga.co.uk/gender-pay-review","Roisin Mackenzie (Chief People Officer)","250 to 499","SAGA TRAVEL GROUP (UK) LIMITED","False","2025/04/05 00:00:00","2024/10/10 11:17:54"
"SALIX HOMES LIMITED","466","2 Diamond House, Peel Cross Road, Salford, Greater Manchester, M5 4DT","M5 4DT","06005412","68201","-9.95","-8.92","","","0","0","70.27","29.73","66.22","33.78","51.35","48.65","45.21","54.79","https://www.salixhomes.co.uk/about-us/reports-policies-and-transparency/gender-pay-gap-reporting/","Sarah Henderson (Director  of People & Inclusion)","250 to 499","SALIX HOMES LIMITED","False","2025/04/05 00:00:00","2024/12/12 11:47:51"
"SALUTEM LD BIDCO IV LIMITED","18805","Minton Place, Victoria Street, Windsor, United Kingdom, SL4 1EG","SL4 1EG","10988939","87200","0.5","0.6","-8.68","-13.14","0.71","0.55","14.2","85.8","26.5","73.5","24.3","75.7","23.5","76.5","https://www.salutemcareandeducation.co.uk/gender-pay-gap-reports/","Kirstie Jones (Chief People Officer)","1000 to 4999","SALUTEM LD BIDCO IV LIMITED","False","2025/04/05 00:00:00","2024/08/23 11:29:22"
"SALVATION ARMY HOUSING ASSOCIATION","18627","St Olaves House, 10 Lloyd's Avenue, London, EC3N 3AJ","EC3N 3AJ","IP15210R","","14.1","5.9","-1.2","14.3","30.1","30.1","31","69","35","65","24","76","49","51","https://www.salvationarmyhomes.org.uk/documents/gender-pay-gap","Lynne Shea (Chief Executive)","250 to 499","SALVATION ARMY HOUSING ASSOCIATION","False","2025/04/05 00:00:00","2024/08/09 07:08:19"
"SANCTUARY CARE LIMITED","10848","Sanctuary House Chamber Court, Castle Street, Worcester, England, WR1 3ZQ","WR1 3ZQ","04231521","87300","3","3.4","-37.5","0","18.6","20.9","18","82","17","83","22","78","23","77","https://www.sanctuary.co.uk/sites/default/files/2024-12/sanctuary-2024-gender-and-ethnicity-pay-gap-report.pdf","Craig Moule (Group Chief Executive)","5000 to 19,999","SANCTUARY CARE LIMITED","False","2025/04/05 00:00:00","2024/12/12 10:17:12"
"SANCTUARY CARE PROPERTY (1) LIMITED","14355","Sanctuary House, Chamber Court, Castle Street, Worcester, WR1 3ZQ","WR1 3ZQ","IP28885R","","0.5","-0.2","35.6","0","20.5","23.2","15","85","18","82","14","86","17","83","https://www.sanctuary.co.uk/sites/default/files/2024-12/sanctuary-2024-gender-and-ethnicity-pay-gap-report.pdf","Craig Moule (Group Chief Executive)","250 to 499","SANCTUARY CARE PROPERTY (1) LIMITED","False","2025/04/05 00:00:00","2024/12/12 10:12:51"
"SANCTUARY HOME CARE LIMITED","14356","Sanctuary House, Chamber Court, Castle Street, Worcester, WR1 3ZQ","WR1 3ZQ","IP28232R","","2.8","3.6","100","100","0.8","0","16","84","18","82","31","69","28","72","https://www.sanctuary.co.uk/sites/default/files/2024-12/sanctuary-2024-gender-and-ethnicity-pay-gap-report.pdf","Craig Moule (Group Chief Executive)","500 to 999","SANCTUARY HOME CARE LIMITED","False","2025/04/05 00:00:00","2024/12/12 10:21:16"
"SANCTUARY HOUSING ASSOCIATION","10849","Sanctuary House, Chamber Court, Castle Street, Worcester, Worcestershire, United Kingdom, WR1 3ZQ","WR1 3ZQ","IP19059R","","18.1","15.7","9.8","67","3","2.5","27","73","27","73","34","66","48","52","https://www.sanctuary.co.uk/sites/default/files/2024-12/sanctuary-2024-gender-and-ethnicity-pay-gap-report.pdf","Craig Moule (Group Chief Executive)","1000 to 4999","SANCTUARY HOUSING ASSOCIATION","False","2025/04/05 00:00:00","2024/12/12 10:07:23"
"SANCTUARY MAINTENANCE CONTRACTORS LIMITED","10851","Sanctuary House Chamber Court, Castle Street, Worcester, England, WR1 3ZQ","WR1 3ZQ","06822831","68201","13.5","25.8","28.7","12.5","86.1","58.2","71","29","82","18","97","3","92","8","https://www.sanctuary.co.uk/sites/default/files/2024-12/sanctuary-2024-gender-and-ethnicity-pay-gap-report.pdf","Craig Moule (Group Chief Executive)","1000 to 4999","SANCTUARY MAINTENANCE CONTRACTORS LIMITED","False","2025/04/05 00:00:00","2024/12/12 10:25:20"
"SAND ACADEMIES TRUST","20738","C/O The Milestone School Longford Lane, Longlevens, Gloucester, United Kingdom, GL2 9EU","GL2 9EU","11968610","85590","10.3","-15.5","","","0","0","13.4","86.6","12.4","87.6","17.6","82.4","12.4","87.6","","Louise Morgan (Finance Director)","500 to 999","SAND ACADEMIES TRUST","False","2025/04/05 00:00:00","2024/12/18 14:37:43"
"SANDOWN SURREY AND HAMPSHIRE LIMITED","21795","Edison Road, Houndmills, Basingstoke, Hampshire, RG21 6YH","RG21 6YH","03018671","45111,
45112,
45200,
45320","19.9","20.0","14","31","75","53","78","22","68","32","88","12","88","12","https://www.sandown-group.co.uk/","Joanne Michael (Group Human Resource Director)","250 to 499","SANDOWN SURREY AND HAMPSHIRE LIMITED","False","2025/04/05 00:00:00","2024/08/15 10:52:11"
"Sandwell & West Birmingham Hospitals N H S Trust","10859","Lyndon, West Bromwich, West Midlands, United Kingdom, B71 4HJ","B71 4HJ","","1,
86210","25.71","11.24","","","0.00","23.13","18.19","81.81","17.10","82.90","15.16","84.84","34.51","65.49","","","5000 to 19,999","Sandwell & West Birmingham Hospitals N H S Trust","False","2025/03/31 00:00:00","2024/10/29 13:20:23"
"SANDWELL INSPIRED PARTNERSHIP SERVICES EDUCATION LIMITED","462","Guardian House, Cronehills Linkway, West Bromwich, B70 8GS","B70 8GS","IP031729","","19.94","31.8","","","0","0","6.38","93.62","5.38","94.62","13.83","86.17","34.41","65.59","https://www.sips.co.uk/","Kimq Whiting (Strategic Director - People and Product)","250 to 499","SANDWELL INSPIRED PARTNERSHIP SERVICES EDUCATION LIMITED","False","2025/04/05 00:00:00","2025/01/17 15:07:48"
"SANKO GOSEI UK LTD","18386","15/17 Seddon Place, Stanley Industrial Estate, Skelmersdale, Lancashire, WN8 8EB","WN8 8EB","02159382","22290","6.08","1.93","4.5","-4.51","49","59","74","26","81","19","85","15","84","16","","KAREN HOUGHTON (Human Resource Manager)","250 to 499","SANKO GOSEI UK LTD","False","2025/04/05 00:00:00","2024/05/10 13:38:38"
"SANTANDER UK PLC","10865","2 Triton Square, Regent's Place, London, NW1 3AN","NW1 3AN","02294747","64191,
82990","25.2","27.6","50.2","40.1","87.3","90.9","37.3","62.7","32.4","67.6","48.2","51.8","63.4","36.6","https://www.santander.com/en/careers/uk-careers/our-people-deal/the-place-to-be-yourself","Mike Regnier (CEO)","20,000 or more","SANTANDER UK PLC","False","2025/04/05 00:00:00","2025/01/02 08:28:29"
"SAPPHIRE UTILITY SOLUTIONS LIMITED","22549","93 Walton Summit Road, Walton Summit Centre, Bamber Bridge, Preston, PR5 8AQ","PR5 8AQ","08368213","37000","6.9","1.5","32.2","0.4","50.7","15.6","94.3","5.7","73.2","26.8","80.8","19.2","89.5","10.5","","Danielle Le Breton (Group HR Director)","500 to 999","SAPPHIRE UTILITY SOLUTIONS LIMITED","False","2025/04/05 00:00:00","2024/12/16 12:00:22"
"SAS SOFTWARE LIMITED","10873","Wittington House Henley Road, Medmenham, Marlow, Buckinghamshire, England, SL7 2EB","SL7 2EB","01316437","62012,
62020","17.5","15.7","22.2","28.9","69.3","77.3","55.2","44.8","67.1","32.9","74","26","81.1","18.9","","Lacey Armstrong (HR Director)","500 to 999","SAS SOFTWARE LIMITED","False","2025/04/05 00:00:00","2025/01/16 11:20:26"
"SCHAEFFLER (UK) LIMITED","10895","Schaeffler (Uk) Limited Waleswood Road, Wales Bar, Sheffield, England, S26 5PN","S26 5PN","00556493","28150,
29320,
45310","12","13.8","13.5","6.4","97.4","91.7","58.8","41.2","74.7","25.3","77.5","22.5","82.3","17.7","","Greig Littlefair (Managing Director UK)","250 to 499","SCHAEFFLER (UK) LIMITED","False","2025/04/05 00:00:00","2024/12/12 12:27:41"
"SCHOOLSWORKS ACADEMY TRUST","10904","23 Connaught Road, Littlehampton, England, BN17 6ER","BN17 6ER","07962974","85200","-31","-59","","","0","0","6","94","7","93","19","81","25","75","https://www.schoolsworks.org/Documents/Trust_Documents/","","250 to 499","SCHOOLSWORKS ACADEMY TRUST","False","2025/03/31 00:00:00","2024/10/07 14:24:41"
"SCOPE","10918","2nd Floor, Here East, Press Centre, 14 East Bay Lane, London, England, E15 2GW","E15 2GW","00520866","85310,
86900,
88990","9.88","7.39","","","0","0","28","72","19","81","25","75","33","67","https://www.scope.org.uk/about-us/equality-diversity-and-inclusion/pay-gap-report","Mark Hodgkinson (Chief Executive)","500 to 999","SCOPE","False","2025/04/05 00:00:00","2024/12/16 11:56:54"
"SCOTSMAN GROUP PLC","5329","Hamilton House, 70 Hamilton Drive, Glasgow, G12 8DR","G12 8DR","SC262689","56302","17","83","61","14","14","8","40","60","55","45","52","48","70","30","","Stephen McQuade (CFO)","1000 to 4999","SCOTSMAN GROUP PLC","False","2025/04/05 00:00:00","2024/04/08 15:10:05"
"SCOTSMAN HOLDINGS PLC","5328","Hamilton House, 70 Hamilton Drive, Glasgow, G12 8DR","G12 8DR","SC358051","64209","17","3","61","14","8","14","60","40","55","45","52","48","70","30","","Stephen McQuade (CFO)","1000 to 4999","SCOTSMAN HOLDINGS PLC","False","2025/04/05 00:00:00","2024/04/08 15:17:34"
"SCOTT LOGIC LIMITED","18576","6th Floor The Lumen St James Boulevard, Newcastle Helix, Newcastle Upon Tyne, England, NE4 5BZ","NE4 5BZ","05377430","82990","4.2","3.1","47.5","48.3","7.1","4.1","76.4","23.6","75.5","24.5","80.2","19.8","75.2","24.8","https://www.scottlogic.com/news/gender-pay-gap-report-2024","Marilyn Harding (Group HR Director)","250 to 499","SCOTT LOGIC LIMITED","False","2025/04/05 00:00:00","2024/07/31 10:15:16"
"SCOTTISH WATER BUSINESS STREAM LIMITED","10947","1-3 Lochside Crescent, Edinburgh, United Kingdom, EH12 9SE","EH12 9SE","SC294924","36000,
46719,
82990","-1.5","7.2","-4.6","22","81","82","49","51","54","46","63","37","58","42","https://www.business-stream.co.uk","Gail Cockburn (People Director)","250 to 499","SCOTTISH WATER BUSINESS STREAM LIMITED","False","2025/04/05 00:00:00","2024/09/10 13:27:17"
"SCOTTISH WIDOWS SERVICES LIMITED","10949","The Mound, Edinburgh, United Kingdom, EH1 1YZ","EH1 1YZ","SC189975","66290","13.9","18.6","30.8","35.6","99.8","100","39.9","60.1","45.8","54.2","53.7","46.3","61.9","38.1","https://www.lloydsbankinggroup.com/assets/pdfs/who-we-are/responsible-business/downloads/2024/lbg-gender-ethnicity-pay-gap-report-2024.pdf","Sharon Doherty (Chief People & Places Officer)","1000 to 4999","SCOTTISH WIDOWS SERVICES LIMITED","False","2025/04/05 00:00:00","2024/12/16 10:23:37"
"SDBE MULTI-ACADEMY TRUST","19236","48 Union Street, London, United Kingdom, SE1 1TD","SE1 1TD","10385920","85200,
85310","21.1","29.9","","","0","0","7.8","92.2","10.9","89.1","12.4","87.6","26.4","73.6","","Thomas Scrace (HR Business Partner)","250 to 499","SDBE MULTI-ACADEMY TRUST","False","2025/04/05 00:00:00","2024/08/08 13:36:45"
"SEAX TRUST","18150","Seax Trust Head Office Grove House School, Sawyers Hall Lane, Brentwood, Essex, United Kingdom, CM15 9BZ","CM15 9BZ","07747149","85590","4.3","15.1","","","0","0","4","96","21","79","28","72","29","71","https://www.seaxtrust.com/important-governance-documents/","","250 to 499","SEAX TRUST","False","2025/03/31 00:00:00","2024/07/17 08:58:25"
"SECURE TRUST BANK PUBLIC LIMITED COMPANY","10985","Yorke House, Arleston Way, Solihull, United Kingdom, B90 4LH","B90 4LH","00541132","64191","34.97","23.67","60.63","43.56","74","71","37","63","42","58","55","45","71","29","https://www.securetrustbank.com/our-news/stb-group-news/gender-pay-gap-2025","Anne McKenning (Chief People Officer)","500 to 999","SECURE TRUST BANK PUBLIC LIMITED COMPANY","False","2025/04/05 00:00:00","2024/11/12 13:36:01"
"SELECT LIFESTYLES LIMITED","16538","Select House, 335-337 High Street, West Bromwich, West Midlands, England, B70 8LU","B70 8LU","06277591","86900,
87300,
88990","5.75","0","","","0","0","28.7","71.3","67.6","32.4","100","0","37.6","62.4","","Liz Grice (Director)","250 to 499","SELECT LIFESTYLES LIMITED","False","2025/04/05 00:00:00","2024/12/03 14:01:04"
"SELWOOD HOUSING SOCIETY LIMITED","21562","Bryer Ash Business Park, Bradford Road, Trowbridge, Wiltshire, BA14 8RT","BA14 8RT","04168336","68201","11.3","13.8","","","0","0","34","66","58","42","58","42","64","36","https://www.selwoodhousing.com/about-us/how-were-doing/gender-pay-gap/","Mark Mayler (Chief financial officer)","250 to 499","SELWOOD HOUSING SOCIETY LIMITED","False","2025/04/05 00:00:00","2024/12/24 11:02:24"
"SEMCO MARITIME LIMITED","21189","37 Abercrombie Court Prospect Road, Arnhall Business Park, Westhill, Scotland, AB32 6FE","AB32 6FE","SC066717","27900","31.6","43","67.8","74.6","87.4","90.9","61","39","92.2","7.8","98.7","1.3","94.8","5.2","","David Hutchinson (Managing Director)","250 to 499","SEMCO MARITIME LIMITED","False","2025/04/05 00:00:00","2025/01/15 14:13:57"
"Serious Fraud Office","11035","2-4 Cockspur Street, London, London, United Kingdom, SW1Y 5BS","SW1Y 5BS","","1,
84110","8.3","9.6","13.8","22.2","59.6","59","38.3","61.7","58.6","41.4","47.7","52.3","62.5","37.5","","","500 to 999","Serious Fraud Office","False","2025/03/31 00:00:00","2024/05/29 09:25:39"
"SERVICE INNOVATION GROUP-UK LIMITED","11051","Radius House, 51 Clarendon Road, Watford, WD17 1HP","WD17 1HP","01443016","82990","19.8","20.4","35","39","43.8","42.3","34.8","65.2","37","63","21.7","78.3","38.3","61.7","","Natalie Hendricks (Payroll Manager)","500 to 999","SERVICE INNOVATION GROUP-UK LIMITED","False","2025/04/05 00:00:00","2024/12/20 14:22:32"
"SERVICES FOR EDUCATION LIMITED","159","Unit 3 Holt Court Holt Street, Birmingham Science Park Aston, Birmingham, England, B7 4AX","B7 4AX","07739831","85520,
85600,
90030","-9.6","-9.4","","","0","0","44","56","63.3","36.7","36.7","63.3","38.8","61.2","https://www.servicesforeducation.co.uk/wp-content/uploads/2024/05/2024-GPR-narrative.pdf","Sharon Bell (Chief Executive)","Less than 250","SERVICES FOR EDUCATION LIMITED","False","2025/04/05 00:00:00","2024/11/14 10:32:38"
"SES GROUP LIMITED","11156","The Barrows, Roydon Road, Essex, England, CM19 5DY","CM19 5DY","03389704","82990","0","0","-93","0","8","21","79.7","20.3","85.1","14.9","81.2","18.8","79.1","20.9","https://thesesgroup.co.uk/wp-content/uploads/2024/10/SESL-Gender-Pay-Reporting-YE-05.04.24.pdf","Stephen Tebbutt (Payroll Manager)","500 to 999","SES GROUP LIMITED","False","2025/04/05 00:00:00","2024/10/15 10:18:56"
"SEVACARE (UK) LIMITED","11057","Unit 9 Pendeford Place, Pendeford Business Park, Wobaston Road, Wolverhampton, WV9 5HD","WV9 5HD","03615347","86900","7.46","-0.13","61.5","0","91.58","90.55","22.73","77.27","24.24","75.76","23.23","76.77","21.72","78.28","https://irp.cdn-website.com/bfe02999/files/uploaded/Gender_Pay_Gap_2024.pdf","Darren Stapelberg (CEO)","500 to 999","SEVACARE (UK) LIMITED","False","2025/04/05 00:00:00","2025/01/06 10:23:34"
"SEVERFIELD COMMERCIAL & INDUSTRIAL (NI) LIMITED","16504","Fisher House, Main Street, Ballinamallard, County Fermanagh, BT94 2FY","BT94 2FY","NI010328","25110,
41201,
43910,
43999","2.16","6.87","14.81","-84.42","5.6","3.6","80","20","98.5","1.5","92.8","7.2","88.6","11.4","","Samantha Brook (Group HR Director)","250 to 499","SEVERFIELD COMMERCIAL & INDUSTRIAL (NI) LIMITED","False","2025/04/05 00:00:00","2024/12/16 11:00:28"
"SEVERFIELD COMMERCIAL & INDUSTRIAL LIMITED","11062","Severs House Dalton Airfield Industrial Estate, Dalton, Thirsk, North Yorkshire, YO7 3JN","YO7 3JN","02668795","43999","7.18","22.77","7.28","22.13","4.8","11.9","89.2","10.8","97.2","2.8","97.6","2.4","96.2","3.8","","Samantha Brook (Group HR Director)","500 to 999","SEVERFIELD COMMERCIAL & INDUSTRIAL LIMITED","False","2025/04/05 00:00:00","2024/12/16 11:04:57"
"SG UMBRELLA LIMITED","20842","1 Cedar Office Park, Cobham Road, Wimborne, England, BH21 7SB","BH21 7SB","10067877","74909","13.38","15.77","","","0","0","70","30","78","22","84","16","85","15","","Amber Burridge (Finance)","500 to 999","SG UMBRELLA LIMITED","False","2025/04/05 00:00:00","2024/12/12 09:37:34"
"SHAFTESBURY CARE GRP LIMITED","11081","1st Floor Cloister House Riverside, New Bailey Street, Manchester, England, M3 5FS","M3 5FS","07707240","82990","-1.5","0.9","","","0","0","17.7","82.3","16.0","84.0","16.8","83.2","22.3","77.7","","Amanda Jesky (Financial Controller)","500 to 999","SHAFTESBURY CARE GRP LIMITED","False","2025/04/05 00:00:00","2024/09/09 15:50:43"
"SHARE MULTI ACADEMY TRUST","14572","Shelley College Huddersfield Road, Shelley, Huddersfield, HD8 8NL","HD8 8NL","07729878","85310","15.5","26.6","","","0","0","11","89","31","69","21","79","40","60","","","500 to 999","SHARE MULTI ACADEMY TRUST","False","2025/03/31 00:00:00","2024/04/15 12:24:37"
"SHARED SERVICES CONNECTED LTD","11086","Three Cherry Trees Lane, Hemel Hempstead, Hertfordshire, HP2 7AH","HP2 7AH","08460577","82990","22.14","11.76","42.04","6.94","94","93","34.48","65.52","36.26","63.74","37.10","62.90","61.32","38.68","https://www.soprasteria.co.uk/docs/librariesprovider2/sopra-steria-uk-documents/press-releases/sopra-steria-sscl-and-nhs-sbs-gender-pay-gap-report-final.pdf?sfvrsn=81845db_3","Clare Peach (SSCL HR Director)","1000 to 4999","SHARED SERVICES CONNECTED LTD","False","2025/04/05 00:00:00","2024/10/15 11:03:41"
"SHAWBROOK BANK LIMITED","11096","Lutea House The Drive, Warley Hill Business Park, Great Warley, Brentwood, Essex, CM13 3BE","CM13 3BE","00388466","64191","30.9","33.9","51.6","40.0","83.5","82.9","37.1","62.9","46.2","53.8","57.0","43.0","76.4","23.6","https://www.shawbrook.co.uk/media/jnxnkbe4/shawbrook-gender-equality-report-2024.pdf","Marcelino Castrillo (CEO)","1000 to 4999","SHAWBROOK BANK LIMITED","False","2025/04/05 00:00:00","2024/12/30 16:06:35"
"Sheffield Hallam University","11111","City Campus, Howard Street, Sheffield, South Yorkshire, United Kingdom, S1 1WB","S1 1WB","","1,
85421","9.3","12.2","64.6","24.9","1.6","3.9","32.1","67.9","38.7","61.3","44.2","55.8","49.2","50.8","https://www.shu.ac.uk/about-us/our-values/equality-and-diversity","","1000 to 4999","Sheffield Hallam University","False","2025/03/31 00:00:00","2024/12/19 09:35:44"
"Sheffield Health and Social Care NHS Foundation Trust","15128","Fulwood House, Old Fulwood Road, Sheffield, S103TH","S103TH","","1,
86210","7.6","-1.5","44.4","45.5","2.7","0.8","25.3","74.7","28.9","71.1","21.0","79.0","30.5","69.5","https://www.shsc.nhs.uk/sites/default/files/2024-05/15%20Public%20BoD%20May%202024%20Gender%20Pay%20Gap%20report%20.pdf","","1000 to 4999","Sheffield Health and Social Care NHS Foundation Trust","False","2025/03/31 00:00:00","2024/07/18 09:27:50"
"SHELL INFORMATION TECHNOLOGY INTERNATIONAL LIMITED","19767","Shell Centre, London, England, SE1 7NA","SE1 7NA","00165727","62090","8.2","12.9","18.3","14.5","96.5","96.7","59.0","41.0","62.4","37.6","76.0","24.0","77.4","22.6","https://www.shell.co.uk/about-us/careers/about-careers-at-shell/we-are-one-team/diversity-inclusion/diversity-pay-gap-report.html#main","Parminder Kohli (UK Country Chair and EVP Sustainability & Carbon)","500 to 999","SHELL INFORMATION TECHNOLOGY INTERNATIONAL LIMITED","False","2025/04/05 00:00:00","2024/11/25 10:50:43"
"SHELL INTERNATIONAL LIMITED","108","Shell Centre, London, SE1 7NA","SE1 7NA","03075807","82990","12.6","10.9","27.9","37.5","95.6","98.2","42.3","57.7","46.8","53.2","56.1","43.9","60.4","39.6","https://www.shell.co.uk/about-us/careers/about-careers-at-shell/we-are-one-team/diversity-inclusion/diversity-pay-gap-report.html#main","Parminder Kohli (UK Country Chair and EVP Sustainability & Carbon)","1000 to 4999","SHELL INTERNATIONAL LIMITED","False","2025/04/05 00:00:00","2024/11/25 10:42:08"
"SHELL INTERNATIONAL PETROLEUM COMPANY LIMITED","176","Shell Centre, London, SE1 7NA","SE1 7NA","00621148","82990","6.9","14.1","17.5","31.5","98.9","98.7","46.8","53.2","58.2","41.8","67.7","32.3","71.1","28.9","","Parminder Kohli (UK Country Chair and EVP Sustainability & Carbon)","1000 to 4999","SHELL INTERNATIONAL PETROLEUM COMPANY LIMITED","False","2025/04/05 00:00:00","2024/11/25 10:36:26"
"SHELL INTERNATIONAL TRADING AND SHIPPING COMPANY LIMITED","231","Shell Centre, London, England, SE1 7NA","SE1 7NA","00525037","46711,
50200,
66120","12.8","13.6","56.3","42.1","98.2","96.9","51.5","48.5","69.4","30.6","69.6","30.4","71.7","28.3","https://www.shell.co.uk/about-us/careers/about-careers-at-shell/we-are-one-team/diversity-inclusion/diversity-pay-gap-report.html#main","Parminder Kohli (UK Country Chair and EVP Sustainability & Carbon)","1000 to 4999","SHELL INTERNATIONAL TRADING AND SHIPPING COMPANY LIMITED","False","2025/04/05 00:00:00","2024/11/25 10:31:42"
"SHELL U.K. LIMITED","170","Shell Centre, London, SE1 7NA","SE1 7NA","00140141","6100,
6200,
19201,
47300","11.6","10.3","5.3","-3.2","96.2","96.2","68.0","32.0","84.0","16.0","85.9","14.1","85.9","14.1","https://www.shell.co.uk/about-us/careers/about-careers-at-shell/we-are-one-team/diversity-inclusion/diversity-pay-gap-report.html","Parminder Kohli (UK Country Chair and EVP Sustainability & Carbon)","1000 to 4999","SHELL U.K. LIMITED","False","2025/04/05 00:00:00","2024/11/25 10:25:28"
"SHELL U.K. OIL PRODUCTS LIMITED","172","Shell Centre, London, SE1 7NA","SE1 7NA","03625633","46719","2.7","4.9","-0.5","8.1","100.0","98.1","59.6","40.4","66.7","33.3","58.3","41.7","60.0","40.0","https://www.shell.co.uk/about-us/careers/about-careers-at-shell/we-are-one-team/diversity-inclusion/diversity-pay-gap-report.html#main","Parminder Kohli (UK Country Chair and EVP Sustainability & Carbon)","250 to 499","SHELL U.K. OIL PRODUCTS LIMITED","False","2025/04/05 00:00:00","2024/11/25 10:59:24"
"SHIELD SERVICE GROUP LIMITED","11143","Bourne House, 475 Godstone Road, Whyteleafe, Surrey, England, CR3 0BL","CR3 0BL","03573049","70100,
81210","0.55","-0.25","","","0","0","35","65","31","69","29","71","26","74","","Martin Goddard (Accountant)","250 to 499","SHIELD SERVICE GROUP LIMITED","False","2025/04/05 00:00:00","2024/12/19 11:20:18"
"SHIRELAND COLLEGIATE ACADEMY TRUST","12289","Shireland Collegiate Academy, Waterloo Road, Smethwick, West Midlands, B66 4ND","B66 4ND","06336693","85200,
85310","23.2","29.5","","","0","0","6.38","93.62","24.47","75.53","22.99","77.01","36.9","63.1","","","500 to 999","SHIRELAND COLLEGIATE ACADEMY TRUST","False","2025/03/31 00:00:00","2025/01/14 15:14:20"
"SIDCOT SCHOOL","17516","Sidcot School, Oakridge Lane, Winscombe, North Somerset, BS25 1PD","BS25 1PD","02093340","85100,
85200,
85310","2.3","-13.6","","","0","0","38","62","39","61","24","76","40","60","","Steve Harris (Finance Director)","250 to 499","SIDCOT SCHOOL","False","2025/04/05 00:00:00","2024/12/03 11:52:56"
"SINGLE RESOURCE LIMITED","15054","12 New Fetter Lane, London, England, EC4A 1JP","EC4A 1JP","04866747","78200","4","4","41.5","12.9","57.3","54.4","49.7","50.3","51.3","48.7","64.2","35.8","71.3","28.7","https://www.jobandtalent.co.uk/legal/policies-and-disclosures","Joanna Komanowska (Compliance Manager)","5000 to 19,999","SINGLE RESOURCE LIMITED","False","2025/04/05 00:00:00","2024/12/23 11:48:07"
"SIX CONTINENTS LIMITED","14393","1 Windsor Dials, Arthur Road, Windsor, Berkshire, England, SL4 1RS","SL4 1RS","00913450","82990","23.1","7.7","36.9","14.5","92.5","91.0","32.3","67.7","46.5","53.5","42.4","57.6","50.5","49.5","https://www.ihgplc.com/~/media/Files/I/Ihg-Plc/responsible-business/reporting/2024/GENDER_PAY_dec_2024_FINAL.pdf","Wayne Hoare (Chief Human Resources Officer)","250 to 499","SIX CONTINENTS LIMITED","False","2025/04/05 00:00:00","2024/12/16 10:09:18"
"SKECHERS USA LTD.","16016","Ct3 Centrium, Griffiths Way, St Albans, Hertfordshire, AL1 2RE","AL1 2RE","04056244","46420,
47721","14","0","27","2","95","98","41","59","36","64","31","69","47","53","","Ashdon Uzzaman (Payroll Manager)","1000 to 4999","SKECHERS USA LTD.","False","2025/04/05 00:00:00","2025/01/08 15:06:51"
"SMARTESTENERGY LIMITED","20073","The Columbus Building, 7 Westferry Circus, London, England, E14 4HD","E14 4HD","03994598","35110,
35130,
35140,
35230","22","27","53","3","61","77","50","50","45","55","57","43","70","30","","Claudia McIntosh (DEI Manager)","500 to 999","SMARTESTENERGY LIMITED","False","2025/04/05 00:00:00","2025/01/02 10:02:20"
"SMITHS METAL CENTRES LIMITED","11287","2nd Floor Of Council Office, Gernon Road, Letchworth Garden City, England, SG6 3JF","SG6 3JF","03485838","46720","4.4","-8.7","36.92","-60.32","65.1","65.2","83.1","16.9","72.3","27.7","61.4","38.6","80.7","19.3","","Steve Hawkins (Finance Director)","250 to 499","SMITHS METAL CENTRES LIMITED","False","2025/04/05 00:00:00","2025/01/14 10:13:09"
"SOFTWIRE TECHNOLOGY LIMITED","19290","1st Floor Gallery Court, 28 Arcadia Avenue, London, N3 2FG","N3 2FG","03824658","62020","17","19","43","40","93","96","51","49","46","54","68","32","77","23","https://www.softwire.com/gender-pay-gap-reports/","Chris Harris (Chief of Staff)","250 to 499","SOFTWIRE TECHNOLOGY LIMITED","False","2025/04/05 00:00:00","2024/09/17 10:55:44"
"SOLICITORS REGULATION AUTHORITY LIMITED","21626","The Cube, 199 Wharfside Street, Birmingham, United Kingdom, B1 1RN","B1 1RN","12608059","80300,
84110,
84130","9","7.2","49.7","16.7","77.7","79.4","28","72","34","66","42","58","41","59","","Simon Wall (Director of HR and OD)","500 to 999","SOLICITORS REGULATION AUTHORITY LIMITED","False","2025/04/05 00:00:00","2025/01/16 08:35:49"
"SOLO SUPPORT SERVICES LTD","19304","Broadfields Clipston Lane, Normanton-On-The-Wolds, Keyworth, Nottingham, England, NG12 5NW","NG12 5NW","07268492","88100","-2.0","-0.34","-15.99","-13.92","2.33","8.32","20.41","79.59","16.33","83.67","15.31","84.69","21.7","78.3","","Nicola Barnard (Finance Manager)","500 to 999","SOLO SUPPORT SERVICES LTD","False","2025/04/05 00:00:00","2024/12/23 11:25:50"
"SOPRA STERIA LIMITED","11350","Three, Cherry Trees Lane, Hemel Hempstead, Hertfordshire, HP2 7AH","HP2 7AH","04077975","62020","13.82","16.35","26.45","0","97","98","54.37","45.63","70.74","29.26","75.78","24.22","77.00","23.00","https://www.soprasteria.co.uk/docs/librariesprovider2/sopra-steria-uk-documents/press-releases/sopra-steria-sscl-and-nhs-sbs-gender-pay-gap-report-final.pdf?sfvrsn=81845db_3","Karen Finn (UK HR Director)","1000 to 4999","SOPRA STERIA LIMITED","False","2025/04/05 00:00:00","2024/10/15 11:00:18"
"SOUTH COAST NURSING HOMES LIMITED","11363","Winchester House, 34 Crescent Road, Worthing, West Sussex, BN11 1RL","BN11 1RL","01337123","86210","7.5","0","","","0","0","20.2","79.8","6.8","93.2","17.4","82.6","28.57","71.43","","Sarah Hazel (Managing Director)","500 to 999","SOUTH COAST NURSING HOMES LIMITED","False","2025/04/05 00:00:00","2024/04/05 10:17:10"
"SOUTH DOWNS LEISURE","15359","Field Place, The Boulevard, Worthing, West Sussex, BN13 1NP","BN13 1NP","09204269","93110","-2.9","-28","","","0","0","52","48","32","68","37","63","22","78","","Jill Dean (Management Accountant)","500 to 999","SOUTH DOWNS LEISURE","False","2025/04/05 00:00:00","2025/01/02 13:41:32"
"South Hampshire College Group","23542","Bishopsfield Road, Fareham, HAMPSHIRE, PO14 1NH","PO14 1NH","","","10.68","12.96","-193","-150","95","5","23.7","76.3","28.4","71.6","43.7","56.3","42.8","57.2","https://shcg.ac.uk/policies/","","500 to 999","South Hampshire College Group","False","2025/03/31 00:00:00","2024/12/19 16:35:08"
"SOUTH LANARKSHIRE LEISURE AND CULTURE LIMITED","11380","Council Offices, Almada Street, Hamilton, Scotland, ML3 0EW","ML3 0EW","SC225702","90040,
91011,
91020,
93110","3.0","0.0","","","0","0","27.6","72.4","54.3","45.7","32.6","67.4","45.7","54.3","","Kay Morrison (Chief Executive)","1000 to 4999","SOUTH LANARKSHIRE LEISURE AND CULTURE LIMITED","False","2025/04/05 00:00:00","2024/12/27 13:23:57"
"SOUTH LINCOLNSHIRE ACADEMIES TRUST","15820","Bourne Academy, Edinburgh Crescent Bourne, Bourne, Lincs, PE10 9DT","PE10 9DT","07559187","85310","14.9","29.1","","","0","0","16","84","17","83","29","71","33","67","","","500 to 999","SOUTH LINCOLNSHIRE ACADEMIES TRUST","False","2025/03/31 00:00:00","2025/01/10 16:58:41"
"South Ribble Borough Council","11387","Civic Centre, West Paddock, Leyland, Lancashire, United Kingdom, PR25 1DH","PR25 1DH","","1,
84110","-6.8","9.3","","","0","0","59.8","40.2","63.9","36.1","42.3","57.7","48.4","51.6","","","250 to 499","South Ribble Borough Council","False","2025/03/31 00:00:00","2025/01/06 10:51:51"
"South Staffordshire college","15443","Rodbaston Drive, Penkridge, Staffordshire, ST19 5PH","ST19 5PH","","1,
85310","15.3","25.9","","","0","0","15.5","84.5","27.5","72.5","43.6","56.4","38","62","https://rb.gy/s78ebt","","500 to 999","South Staffordshire college","False","2025/03/31 00:00:00","2024/07/19 13:19:12"
"South Staffordshire Council","11390","Wolverhampton Road, Codsall, Wolverhampton, West Midlands, United Kingdom, WV8 1PX","WV8 1PX","","1,
84110","2.62","0.00","","","0","0","39","61","43","57","35","65","46","54","","","250 to 499","South Staffordshire Council","False","2025/03/31 00:00:00","2024/09/11 15:35:47"
"South Tees Hospitals Nhs Foundation Trust","11393","The James Cook University Hospital, Marton Road, Middlesbrough, Cleveland, United Kingdom, TS4 3BW","TS4 3BW","","1,
86210","29.08","21.41","61.82","7.41","72.85","84.93","16.11","83.89","15.26","84.74","11.53","88.47","31.25","68.75","","","5000 to 19,999","South Tees Hospitals Nhs Foundation Trust","False","2025/03/31 00:00:00","2025/01/06 09:00:44"
"SOUTH TYNESIDE HOMES LIMITED","11396","Town Hall And Civic Offices, Westoe Road, South Shields, Tyne And Wear, NE33 2RL","NE33 2RL","05381705","68320","12.7","8.6","","","0","0","48","52","48","52","86","14","81","19","https://sthomes.stc3-prd.gosshosted.com/article/24512/Gender-Pay-Gap-Report-2024","Jade Puntin (Organisational Development Advisor)","500 to 999","SOUTH TYNESIDE HOMES LIMITED","False","2025/04/05 00:00:00","2024/09/24 15:21:08"
"South Warwickshire General Hospital Nhs Trust","11400","Lakin Road, Warwick, Warwickshire, CV34 5BW","CV34 5BW","","1,
86210","23.77","3.39","17.68","0.00","9.69","1.19","26.46","73.54","12.10","87.90","16.22","83.78","16.02","83.98","","","5000 to 19,999","South Warwickshire General Hospital Nhs Trust","False","2025/03/31 00:00:00","2025/01/07 11:45:20"
"SOUTH WEST ENVIRONMENTAL PARKS LIMITED","22712","Totnes Road, Paignton, Devon, TQ4 7EU","TQ4 7EU","00792877","93210","7","4","","","0","0","36.11","63.89","40.28","59.72","45.07","54.93","47.22","52.78","","Hannah Barker (Head of People Services)","250 to 499","SOUTH WEST ENVIRONMENTAL PARKS LIMITED","False","2025/04/05 00:00:00","2024/12/20 12:38:01"
"SOUTHCO MANUFACTURING LIMITED","11414","Touchpoint, Wainwright Road, Worcester, WR4 9FA","WR4 9FA","04328069","25720","8.2","17.1","6.1","23.7","87.9","94","42","58","47.1","52.9","76.8","23.2","67.6","32.4","","Susan Harding (VP HRD)","250 to 499","SOUTHCO MANUFACTURING LIMITED","False","2025/04/05 00:00:00","2024/12/05 16:12:01"
"SOUTHDOWN HOUSING ASSOCIATION LIMITED","294","2 Bell Lane, Lewes, United Kingdom, BN7 1JU","BN7 1JU","IP20755R","","4.04","0.07","-4.52","0.00","85.20","84.55","32.06","67.94","29.81","70.19","32.54","67.46","35.58","64.42","https://www.southdown.org/about-us/equality-diversity-inclusion/","Jo Raisey (Chief Experience & Transformation Officer)","500 to 999","SOUTHDOWN HOUSING ASSOCIATION LIMITED","False","2025/04/05 00:00:00","2024/11/19 11:48:56"
"SOUTHEND CARE LTD","22471","Civic Centre, Victoria Avenue, Southend-On-Sea, Essex, England, SS2 6ER","SS2 6ER","10138562","87300,
88990","10","0","","","0","0","23","77","16","84","21","79","21","79","","Liz Farrell (Director of Corporate Services)","250 to 499","SOUTHEND CARE LTD","False","2025/04/05 00:00:00","2024/04/08 15:47:09"
"SOUTHERN WIND GROUP LIMITED","21263","Suite 1a 17 Old Leeds Road, Huddersfield, West Yorkshire, United Kingdom, HD1 1SG","HD1 1SG","13198505","56101","-1.4","4.3","-19.7","-17","8.7","7","65","35","68","32","77","23","60","40","https://fazenda.co.uk/gender-pay-gap-report","Nina Widdicombe (Head of People)","250 to 499","SOUTHERN WIND GROUP LIMITED","False","2025/04/05 00:00:00","2025/01/02 11:46:03"
"Southport College","11427","Mornington Road, Southport, Merseyside, PR9 0TT","PR9 0TT","","1,
85320","15","23","","","0","0","25","75","18","82","29","71","49","51","https://www.southport.ac.uk/documents/Gender%20Pay%20Reporting%202024%20A4%20poster.pdf","","250 to 499","Southport College","False","2025/03/31 00:00:00","2024/09/23 09:22:32"
"SPECTRUM SERVICE SOLUTIONS LIMITED","297","1 Marchfield Drive, Westpoint Business Park, Paisley, Renfrewshire, Scotland, PA3 2RB","PA3 2RB","SC245163","81299","-2.35","0","-2938.30","-549.78","1.29","1.53","40","60","36","64","31","69","42","58","https://spectrumservicesolutions.com/gender-pay-gap/#:~:text=Our%20rates%20of%20pay%20are,of%20being%20a%20fair%20employer.","Rebecca Bell (Operations Director)","500 to 999","SPECTRUM SERVICE SOLUTIONS LIMITED","False","2025/04/05 00:00:00","2024/05/09 13:05:25"
"SPINWELL GLOBAL LIMITED","23449","1 Rushmills, Northampton, Northamptonshire, England, NN4 7YB","NN4 7YB","07527825","96090","23","23","-37","-37","60","33","62.5","37.5","62.5","37.5","62.5","37.5","62.5","37.5","","Neil Dawes (Director)","Less than 250","SPINWELL GLOBAL LIMITED","False","2025/04/05 00:00:00","2024/10/01 06:39:10"
"SPIRIT AEROSYSTEMS (EUROPE) LIMITED","11485","Tower Bridge House, St Katharine's Way, London, E1W 1AA","E1W 1AA","05663660","30300","0.43","-5.67","-0.16","-1.8","96.19","99.06","86","14","93.44","6.56","92.18","7.82","86","14","https://www.spiritaero.com/company/ethics-compliance/human-rights-policy/uk-gender-pay-gap-report/","Les Carey (General Manager)","1000 to 4999","SPIRIT AEROSYSTEMS (EUROPE) LIMITED","False","2025/04/05 00:00:00","2024/06/04 08:06:50"
"SPOTLIGHT SPORTS GROUP LIMITED","3056","The Old Rectory, Church Street, Weybridge, Surrey, England, KT13 8DE","KT13 8DE","03387163","18203,
58130,
62090","4.76","14.91","46.78","0.00","90.24","85.71","89","11","87","13","92","8","91","9","","Jenny Westerman (Payroll Supervisor)","250 to 499","SPOTLIGHT SPORTS GROUP LIMITED","False","2025/04/05 00:00:00","2024/08/05 14:50:10"
"SPRINGER NATURE LIMITED","14802","The Campus, 4 Crinan Street, London, United Kingdom, N1 9XW","N1 9XW","00785998","58110,
58142","16.98","9.5","29.72","23.02","35.16","33.82","32.81","67.19","38.17","61.83","36.70","63.30","58.72","41.28","https://group.springernature.com/gp/group/taking-responsibility/policies-reports-acts","Lisa Marie Hurst (Reward Manager)","1000 to 4999","SPRINGER NATURE LIMITED","False","2025/04/05 00:00:00","2025/01/03 12:29:24"
"SSE PLC","393","Inveralmond House, 200 Dunkeld Road, Perth, Perthshire, PH1 3AQ","PH1 3AQ","SC117119","70100","10.5","12.0","44.4","16.6","38","37.5","59.9","40.1","69.9","30.1","73.2","26.8","78.3","21.7","https://www.sse.com/media/5lrd0exy/sse-plc-sustainability-report-2024.pdf","Alistair Phillips-Davies (Chief Executive Officer)","5000 to 19,999","SSE PLC","False","2025/04/05 00:00:00","2024/09/27 14:22:40"
"ST ANDREW'S HEALTHCARE","11538","St Andrew's Healthcare, Billing Road, Northampton, England, NN1 5DG","NN1 5DG","05176998","87200","4.1","3.0","","","0","0","34.5","65.5","39.5","60.5","43.0","57.0","37.9","62.1","https://www.stah.org/assets/Uploads/Gender-pay-report-as-of-April-2024.pdf","Vivienne McVey (Chief Executive Officer)","1000 to 4999","ST ANDREW'S HEALTHCARE","False","2025/04/05 00:00:00","2024/12/24 13:23:44"
"St Bartholomew's School","275","Andover Road, Newbury, RG14 6JP","RG14 6JP","","1,
85310","17.3","41.7","","","0","0","11.43","88.57","25.71","74.29","30","70","32.86","67.14","https://www.stbarts.co.uk/wp-content/uploads/2024/11/Gender-Pay-Gap-Report-310324.pdf","","250 to 499","St Bartholomew's School","False","2025/03/31 00:00:00","2024/11/27 16:27:16"
"ST CUTHBERT'S CARE","360","St Cuthbert's House, West Road, Newcastle Upon Tyne, England, NE15 7PY","NE15 7PY","01645917","87100,
87200,
87900,
88990","3.54","8.48","","","0","0","14","86","7","93","27","73","20","80","https://stcuthbertscare.org.uk/wp-content/uploads/2024/04/GenderPayGapReport2024.pdf","Nicholas Gilbert (Chief Executive)","250 to 499","ST CUTHBERT'S CARE","False","2025/04/05 00:00:00","2024/12/13 09:50:49"
"ST CUTHBERT'S ROMAN CATHOLIC ACADEMY TRUST","16786","St Mary's College, Cranbrook Avenue, Hull, East Riding Of Yorkshire, England, HU6 7TN","HU6 7TN","09023802","85200,
85310","10.10","15.98","","","0","0","14.06","85.94","14.94","85.06","14.61","85.39","28.96","71.04","","","500 to 999","ST CUTHBERT'S ROMAN CATHOLIC ACADEMY TRUST","False","2025/03/31 00:00:00","2025/01/06 10:38:40"
"ST MARY'S SCHOOL ASCOT","15717","St Marys School Ascot, St Marys, Road, Ascot, Berkshire, SL5 9JF","SL5 9JF","01844327","85310","6.5","12.7","","","0","0","30.6","69.4","20.8","79.2","30.6","69.4","32.6","67.4","https://www.st-marys-ascot.co.uk/gender-pay-gap-report/","James Jordan (Finance Bursar)","250 to 499","ST MARY'S SCHOOL ASCOT","False","2025/04/05 00:00:00","2024/10/09 16:28:53"
"ST MATTHEWS HOLDINGS LIMITED","11580","Boughton House Broomhill, Holdenby Road, Spratton, Northampton, United Kingdom, NN6 8LD","NN6 8LD","07714484","64209","2","-1","-38","-50","3","3","41","59","39","61","43","57","32","68","","Priya Sondhi (Payroll Manager)","1000 to 4999","ST MATTHEWS HOLDINGS LIMITED","False","2025/04/05 00:00:00","2025/01/02 11:53:29"
"ST. GEMMA'S HOSPICE","17321","329 Harrogate Road, Leeds, LS17 6QD","LS17 6QD","02773867","86101","11.74","4.53","","","0","0","17","83","7","93","13","87","16","84","https://www.st-gemma.co.uk/app/uploads/2024/12/St-Gemmas-Hospice-Gender-Pay-Gap-Report-2024.pdf","Kerry Jackson (Chief Executive)","250 to 499","ST. GEMMA'S HOSPICE","False","2025/04/05 00:00:00","2024/12/17 10:45:36"
"ST. JOHN AMBULANCE","11602","St John's Gate, St. John's Lane, London, England, EC1M 4DA","EC1M 4DA","03866129","86900","5.80","1.72","36.71","33.82","17.57","15.53","40","60","44","56","48","52","45","55","https://stjohn.sharepoint.com/sites/c-news/SitePages/Gender-Pay-Gap-Report.aspx","Michelle Robertson (Payroll Lead)","1000 to 4999","ST. JOHN AMBULANCE","False","2025/04/05 00:00:00","2024/10/31 11:00:53"
"ST. RICHARD'S HOSPICE FOUNDATION","15588","St Richard's Hospice, Wildwood Drive, Worcester, Worcestershire, WR5 2QT","WR5 2QT","01850502","86900","-0.55","-12.52","","","0","0","18.46","81.54","15.15","84.85","10.61","89.39","12.12","87.88","","Daniel Haigh (Director of Finance and Information)","250 to 499","ST. RICHARD'S HOSPICE FOUNDATION","False","2025/04/05 00:00:00","2025/01/08 09:24:57"
"ST.CHRISTOPHERS FELLOWSHIP","11612","1 Putney High Street, London, SW15 1SZ","SW15 1SZ","00321509","87900,
88990","4","-1","","","0","0","25.8","74.2","41.9","58.1","25.8","74.2","36.1","63.9","https://www.stchris.org.uk/news/our-gender-pay-gap-information-for-the-2023-24-reporting-year-2/","Doris Afreh (Director of People and Culture)","250 to 499","ST.CHRISTOPHERS FELLOWSHIP","False","2025/04/05 00:00:00","2024/07/25 09:44:37"
"ST&H LIMITED","11592","3 Pancras Square, London, United Kingdom, N1C 4AG","N1C 4AG","02174052","96090","-4.2","-3.4","-35.0","-2.5","89.7","64.9","51.9","48.1","76.6","23.4","68.8","31.2","49.4","50.6","https://saga.co.uk/gender-pay-review","Roisin Mackenzie (Chief People Officer)","250 to 499","ST&H LIMITED","False","2025/04/05 00:00:00","2024/10/10 11:20:51"
"STADIUM TRAFFIC MANAGEMENT LIMITED","11620","Unit 5 Bodmin Road, Coventry, West Midlands, England, CV2 5DB","CV2 5DB","07099264","93110","-2.2","0","","","0","0","83.1","16.9","78.9","21.1","80.40","19.60","80","20","https://www.wearestadium.com/wp-content/uploads/2019/03/Stadium-Gender-Pay-Gap-Report-2024.pdf","Steve McCabe (Finance)","500 to 999","STADIUM TRAFFIC MANAGEMENT LIMITED","False","2025/04/05 00:00:00","2025/01/16 17:10:48"
"STADLER RAIL SERVICE UK LIMITED","21203","1 Mann Island (8th Floor), Liverpool, Merseyside, England, L3 1BP","L3 1BP","09894948","33170,
71129","21.36","30.26","61.9","-25.00","13.6","18.4","75.2","24.8","94.1","5.9","98","2","95.00","5","","Natalie Whittler (Payroll & Pension Manager)","250 to 499","STADLER RAIL SERVICE UK LIMITED","False","2025/04/05 00:00:00","2025/01/09 10:28:34"
"STAN ROBINSON (STAFFORD) LIMITED","11641","Stan Robinson Ladford Fields, Seighford, Stafford, ST18 7QE","ST18 7QE","02607362","49410","-14.98","-12.74","32.10","21.25","97.20","100","89.66","10.34","91.23","8.77","100","0","92.98","7.02","https://www.stanrobinson.com/gender-pay","LOUISE MITCHELL (Accounts Administrator)","250 to 499","STAN ROBINSON (STAFFORD) LIMITED","False","2025/04/05 00:00:00","2024/11/22 11:16:00"
"STANGE & CO. LIMITED","17615","19 Trinity Square, Llandudno, North Wales, LL30 2RD","LL30 2RD","00639690","55100,
56302","7.16","2.64","-32.71","-87.18","20.10","3.28","47.42","52.58","25.77","74.23","69.07","30.93","68.75","31.25","","Claire Barrett (HR Manager)","250 to 499","STANGE & CO. LIMITED","False","2025/04/05 00:00:00","2024/05/28 13:33:37"
"STAPLES (VEGETABLES) LIMITED","11662","Station Farm, Station Road, Sibsey, Boston, Lincs., PE22 0SE","PE22 0SE","00504587","10390,
49410","2.5","8.9","-519.4","-585.7","2.7","0.4","67.8","32.2","75.7","24.3","84.4","15.6","87.6","12.4","","Jon Welberry (Company Accountant)","1000 to 4999","STAPLES (VEGETABLES) LIMITED","False","2025/04/05 00:00:00","2025/01/14 16:19:48"
"STAR REFRIGERATION LIMITED","11665","Block 3, Units 1,2,3 & 4, Thornliebank Industrial Estate, Glasgow, G46 8JW","G46 8JW","SC048005","28250","36","44.4","31.2","37.4","88","89.1","56.2","43.8","88.9","11.1","96.7","3.3","96.7","3.3","","Andrew Pearson (Group Managing Director)","250 to 499","STAR REFRIGERATION LIMITED","False","2025/04/05 00:00:00","2025/01/13 15:29:50"
"STEADFAST CLEANING COMPANY LIMITED","18163","Unit 7 Target Business Centre, Bircholt Road, Park Wood, Maidstone Kent, ME15 9YY","ME15 9YY","01741651","81210","3","-2","","","0","0","30","70","28","72","29","71","36","64","http://steadfastcleaning.co.uk","Elaine Collins (Administrator)","250 to 499","STEADFAST CLEANING COMPANY LIMITED","False","2025/04/05 00:00:00","2024/12/12 15:40:42"
"STEER DAVIES & GLEAVE LIMITED","11683","14-21 Rushworth Street, London, England, SE1 0RB","SE1 0RB","01883830","74909","11.56","11.59","9.23","7.69","71.9","82.2","61.9","38.1","63.49","36.51","65.62","34.38","71.43","28.57","https://uk.steergroup.com/about/social-impact/supporting-equality-diversity-inclusion","Sharon Daly (COO)","250 to 499","STEER DAVIES & GLEAVE LIMITED","False","2025/04/05 00:00:00","2024/12/13 11:19:01"
"STELRAD LIMITED","11689","69-75 Side, Newcastle Upon Tyne, Tyne And Wear, NE1 3JE","NE1 3JE","02263368","25210","5.0","-1.4","48.8","51.5","9.8","11.1","70","30","100","0","85","15","77.5","22.5","","Leigh Wilcox (Director)","Less than 250","STELRAD LIMITED","False","2025/04/05 00:00:00","2024/12/12 16:41:13"
"STEWARTS OF TAYSIDE LIMITED","11715","Tofthill, Glencarse, Perth, PH2 7LS","PH2 7LS","SC109136","1110,
1130","10.6","0","4.2","-23","61.2","72.1","70","30","70","30","82","18","86","14","","Douglas Baxter (Finance Director)","250 to 499","STEWARTS OF TAYSIDE LIMITED","False","2025/04/05 00:00:00","2024/04/18 13:17:12"
"Stockton-On-Tees Borough Council","18708","Municipal Buildings, Church Road, Stockton-On-Tees, Cleveland, TS18 1LD","TS18 1LD","","1,
84110","4.33","0.8","8","0","0.5","0.96","25.54","74.46","34.01","65.99","30.13","69.87","33.16","66.84","https://www.stockton.gov.uk/media/224/Gender-Pay-Gap-Report-2024/pdf/Gender_Pay_Gap_Report_2024_-_November_2024.pdf?m=1731442220147","","1000 to 4999","Stockton-On-Tees Borough Council","False","2025/03/31 00:00:00","2024/12/10 13:05:13"
"STONE TECHNOLOGIES LIMITED","11738","Granite One Hundred, Acton Gate, Stafford, Staffordshire, ST18 9AA","ST18 9AA","02658501","26200","20.55","10.66","44","37.8","42","58","74","26","58","42","69","31","79","21","https://www.stonegroup.co.uk/gender-pay-gap/","Alison Hodgens (Director of People Operations)","250 to 499","STONE TECHNOLOGIES LIMITED","False","2025/04/05 00:00:00","2024/11/11 15:15:08"
"STRABAG UK LIMITED","22540","The Tower - 3rd Floor, 65 Buckingham Gate, London, England, SW1E 6AS","SW1E 6AS","12905017","42130,
71121","6.76","5.69","20","24.07","72","28","48","52","51","49","50","50","51","49","","Bernadette Barnes (Head of Personnel & Payroll Administration UK)","1000 to 4999","STRABAG UK LIMITED","False","2025/04/05 00:00:00","2024/04/25 13:56:15"
"Stratford-On-Avon District Council","11754","Elizabeth House, Church Street, Stratford-Upon-Avon, Warwickshire, United Kingdom, CV37 6HX","CV37 6HX","","1,
84110","12.7","13.6","","","0","0","21.1","78.9","28","72","41.3","58.7","46.7","53.3","","","250 to 499","Stratford-On-Avon District Council","False","2025/03/31 00:00:00","2024/04/22 11:41:06"
"STRYKER UK LIMITED","11769","Stryker House, Hambridge Road, Newbury, Berkshire, RG14 5AW","RG14 5AW","03669454","86900","10.4","15","21","17","97","97","55","45","48","52","57","43","66","34","https://www.stryker.com/content/dam/stryker/about/our-locations/europe/united-kingdom/gender-pay-gap/2024-uk-gender-pay-gap-report.pdf","Lourda Tully (Senior HR Director UK)","500 to 999","STRYKER UK LIMITED","False","2025/04/05 00:00:00","2024/12/23 09:38:28"
"SUCCESS ACADEMY TRUST","16565","Thomas Estley Community College, Station Road, Broughton Astley, Leicester, LE9 6PT","LE9 6PT","08135389","85100,
85200,
85310,
85600","18","40","","","0","0","8.33","91.67","6.02","93.98","21.69","78.31","19.05","80.95","https://successat.org.uk/trust-documents","","250 to 499","SUCCESS ACADEMY TRUST","False","2025/03/31 00:00:00","2024/12/19 16:58:22"
"suffolk primary Care","17108","Combs Lane, Combs Ford, Stowmarket, IP14 2SY","IP14 2SY","","86210","32.8","49.4","","","0","0","6.3","93.7","4.2","95.8","8.3","91.7","30.5","69.5","https://suffolkprimarycare.uk/gender-pay-gap/","James Cucchiara (Managing Director)","250 to 499","suffolk primary Care","False","2025/04/05 00:00:00","2025/01/09 10:21:49"
"Summit Learning Trust","16137","Ninestiles School, Hartfield Crescent, Birmingham, United Kingdom, B27 7QG","B27 7QG","","1,
85310","16.1","19.9","","","0","0","17","83","23","77","30","70","30","70","https://summitlearningtrust.org.uk/our-trust/statutory-information/policies-statements/","","500 to 999","Summit Learning Trust","False","2025/03/31 00:00:00","2024/05/07 10:16:58"
"SUPER SMART SERVICE LTD","23458","Super Smart Service 188, Watling Street, Cannock, West Midlands, England, WS11 1SL","WS11 1SL","09904577","49410,
52103,
68209","-0.65","-0.79","-20.16","-27.69","82.93","90.28","66.3","33.7","55.4","44.6","57.8","42.2","53.0","47.0","https://www.supersmartservice.co.uk/sustainability","Yongbin Lin (General manager)","250 to 499","SUPER SMART SERVICE LTD","False","2025/04/05 00:00:00","2024/09/25 08:50:37"
"SURFACE TECHNOLOGY INTERNATIONAL LIMITED","11830","4th Floor, 24 Old Bond Street, London, England, W1S 4AW","W1S 4AW","02292621","27900","22.9","19.4","33.8","0","9.9","13.1","50","50","59","41","77","23","84","16","https://www.sti-limited.com/","Tim Hair (Chief Restructuring Officer)","250 to 499","SURFACE TECHNOLOGY INTERNATIONAL LIMITED","False","2025/04/05 00:00:00","2024/05/09 08:35:24"
"Sussex Community NHS Foundation Trust","11847","Brighton General Hospital, Elm Grove, Brighton, BN2 3EW","BN2 3EW","","1,
86210","5.7","-1.4","48.4","56.4","0.8","0.4","16.7","83.3","15.6","84.4","13","87","18.4","81.6","https://www.sussexcommunity.nhs.uk/about-us/strategies-plans-and-reports/reports/annual-report-and-accounts-2023-2024","","5000 to 19,999","Sussex Community NHS Foundation Trust","False","2025/03/31 00:00:00","2025/01/16 11:17:58"
"Sussex Partnership Nhs Foundation Trust","11849","Swandean, Arundel Road, Worthing, BN13 3EP","BN13 3EP","","1,
86210","10.3","2.8","37.5","0","3.6","1.0","24","76","29","71","25","75","32","68","https://www.sussexpartnership.nhs.uk/about-us/equality-diversity-human-rights","","5000 to 19,999","Sussex Partnership Nhs Foundation Trust","False","2025/03/31 00:00:00","2025/01/09 16:05:34"
"SUSTRANS","132","2 Cathedral Square, College Green, Bristol, BS1 5DD","BS1 5DD","01797726","74909","6.36","0","","","0","0","42","58","39","61","45","55","53","47","","Tiffany Lam (Strategy Lead, Equality, Diversity & Inclusion)","500 to 999","SUSTRANS","False","2025/04/05 00:00:00","2024/04/22 12:57:45"
"SWALE ACADEMIES TRUST","11858","Ashdown House, Johnson Road, Sittingbourne, Kent, ME10 1JS","ME10 1JS","07344732","85200,
85310","21.3","39.8","","","0","0","12.9","87.1","15.0","85.0","25.2","74.8","36.4","63.6","","","1000 to 4999","SWALE ACADEMIES TRUST","False","2025/03/31 00:00:00","2025/01/02 09:15:11"
"SWANN-MORTON LIMITED","11869","Penn Works, Owlerton Green, Sheffield, South Yorkshire, England, S6 2BJ","S6 2BJ","00696744","32500","24.4","15.6","0","0","100","100","30.4","69.6","24.5","75.5","52.0","48.0","73.3","26.7","https://www.swann-morton.com/pages/gender_pay.php","Julie Hemingway (Group Human Resources Manager)","250 to 499","SWANN-MORTON LIMITED","False","2025/04/05 00:00:00","2024/12/16 16:18:38"
"SWIFT DENTAL LABORATORY LIMITED","22653","Lakeside House Waterside Industrial Park, Smiths Road, Bolton, Lancashire, BL3 2QJ","BL3 2QJ","02878530","32500,
86230,
86900","12.06","0","","","0","0","41","59","52","48","52","48","70","30","","David Hynes (Finance Director)","250 to 499","SWIFT DENTAL LABORATORY LIMITED","False","2025/04/05 00:00:00","2025/01/03 11:41:30"
"SWIFT EMPLOYMENT SOLUTIONS LIMITED","20715","9 Chestnut Close, Englefield Green, Egham, England, TW20 0SJ","TW20 0SJ","11421642","70229","78.7","70.2","","","0","0","21.7","78.3","22.9","77.1","34.6","65.4","59.4","40.6","https://drive.google.com/file/d/15iguXyp3l0pgHzTFHKaTlguPdhkK0BFC/view?usp=sharing","Thomas Nugent (Director)","1000 to 4999","SWIFT EMPLOYMENT SOLUTIONS LIMITED","False","2025/04/05 00:00:00","2025/01/09 16:50:26"
"SWIFT GROUP LIMITED","11888","Dunswell Road, Cottingham, East Yorkshire, HU16 4JX","HU16 4JX","00832994","29203","-7.64","-0.71","","","0","0","80.07","19.93","94.35","5.65","90.10","9.90","84.72","15.28","https://www.swiftgroup.co.uk/media/mzciob0i/2024-gender-pay-gap.pdf","Amy Archer (Chief Operating Officer)","1000 to 4999","SWIFT GROUP LIMITED","False","2025/04/05 00:00:00","2024/11/13 08:19:23"
"SWITCH MOBILITY LIMITED","9386","Unit 3 Hurricane Way South, Sherburn In Elmet, Leeds, North Yorkshire, LS25 6PT","LS25 6PT","01818255","29100","-6","10.8","","","0","0","83.6","16.4","81.8","18.2","89.6","10.4","86.4","13.6","https://www.switchmobilityev.com/en/gender-pay-gap-reporting","Julie Reynolds (HR Director)","250 to 499","SWITCH MOBILITY LIMITED","False","2025/04/05 00:00:00","2024/08/06 14:56:06"
"SWORD IT SOLUTIONS LIMITED","21565","Staines One, Station Approach, Staines-Upon-Thames, England, TW18 4LY","TW18 4LY","03165591","62020,
62090,
70229","5.6","12.31","23.69","0","17.24","21.80","65.69","34.31","65.69","34.31","74.51","25.49","69.9","30.1","","Olga Slamenkaite (Chief Financial Officer)","250 to 499","SWORD IT SOLUTIONS LIMITED","False","2025/04/05 00:00:00","2024/09/13 09:25:39"
"SYMPHONY HEALTHCARE SERVICES LIMITED","23511","Wincanton Health Centre, Dyke's Way, Wincanton, Somerset, England, BA9 9FQ","BA9 9FQ","06633460","86210","56.85","53.16","","","0","0","0","100","25","75","23","77","31","69","","Lynsey Sandle (Director Of People Services)","500 to 999","SYMPHONY HEALTHCARE SERVICES LIMITED","False","2025/04/05 00:00:00","2024/12/18 09:52:10"
"SYMPHONY LEARNING TRUST","14579","Glen Hills Primary School Featherby Drive, Glen Parva, Leicester, Leicestershire, LE2 9NY","LE2 9NY","07941899","85200","17.13","47.85","","","0","0","1.26","98.74","1.26","98.74","10.76","89.24","13.92","86.08","https://www.symphonylearningtrust.co.uk/user_uploads/files/SLT_Gender_Pay_Report_24.pdf","","250 to 499","SYMPHONY LEARNING TRUST","False","2025/03/31 00:00:00","2024/07/04 12:39:47"
"SYNERGY MULTI ACADEMY TRUST","18735","Reepham High School And College Whitwell Road, Reepham, Norwich, NR10 4JT","NR10 4JT","08198980","85200,
85310","15.62","27.67","","","0","0","15.99","84.01","15.91","84.09","20.98","79.02","29.07","70.93","","","500 to 999","SYNERGY MULTI ACADEMY TRUST","False","2025/03/31 00:00:00","2024/11/15 12:34:41"
"SYNGENTA LIMITED","11924","Syngenta, Jealott's Hill International Research Centre, Bracknell, Berkshire, United Kingdom, RG42 6EY","RG42 6EY","02710846","1640,
20200,
70100","4.8","5.6","-5.8","-16.7","99.1","98.4","53.3","46.7","69.7","30.3","70.5","29.5","67.1","32.9","https://www.syngenta.co.uk/sites/g/files/kgtney361/files/media/document/2024/12/19/Gender_Pay_Gap_Report_Syngenta_Limited_2024.pdf","Lynsey Mutton (Head of Finance Operations - UK & Ireland)","1000 to 4999","SYNGENTA LIMITED","False","2025/04/05 00:00:00","2024/12/20 21:03:49"
"SYSTEMS ENGINEERING & ASSESSMENT LTD","14742","Beckington Castle, 17 Castle Corner, Beckington, Frome, BA11 6TA","BA11 6TA","02302168","30300,
30990,
84220","16.73","16.48","42.48","0","65.88","72.94","66","34","74","26","81","19","91","9","https://www.sea.co.uk","Valerie Steadman (HR Director)","250 to 499","SYSTEMS ENGINEERING & ASSESSMENT LTD","False","2025/04/05 00:00:00","2024/10/28 16:43:14"
"T BROWN GROUP LIMITED","11937","Ground Floor Bluebird House, Station Road, Leatherhead, Surrey, United Kingdom, KT22 7BA","KT22 7BA","01006630","43220","16","21.72","-87.53","-126.10","46.85","33.68","53.68","46.32","71.28","28.72","91.58","8.42","84.04","15.96","https://www.tbrown.com/gender-pay-gap/","Emily Gardiner (HR Director)","250 to 499","T BROWN GROUP LIMITED","False","2025/04/05 00:00:00","2024/04/09 07:49:58"
"T.R. FASTENINGS LIMITED","11960","National Distribution Centre, Reedswood Park Road, Walsall, England, WS2 8DQ","WS2 8DQ","01103675","25940","4.0","0","24","0","6","11","74","26","53","47","67","33","63","37","","Iain Percival (CEO)","250 to 499","T.R. FASTENINGS LIMITED","False","2025/04/05 00:00:00","2025/01/16 11:36:49"
"T3 SECURITY LIMITED","23412","6 Brenkley Way Blezard Business Park, Seaton Burn, Newcastle Upon Tyne, England, NE13 6DS","NE13 6DS","08180139","80100","0.8","0","","","0","0","92","8","92","8","94","6","91","9","","Peter Moore (Director)","250 to 499","T3 SECURITY LIMITED","False","2025/04/05 00:00:00","2024/07/05 13:13:47"
"TAG EUROPE LIMITED","11967","1-5 Poland Street, London, England, W1F 8PR","W1F 8PR","02299109","64209,
74209","17.86","22.94","28.79","-3.37","47","53","65","35","47","53","44","56","53.66","46.34","https://wwmediashare-my.sharepoint.com/:w:/g/personal/julieann_smith_tagww_com/Eek0ZnX6-KlBrRW8RrVUW5oBUuMIeHsCs6bT-oGSplSwog?e=Ilj2L5","Emma Allen (Global Head of People and Culture)","250 to 499","TAG EUROPE LIMITED","False","2025/04/05 00:00:00","2024/12/20 13:04:52"
"Tameside Metropolitan Borough Council","11985","Dukinfield Town Hall, King Street, SK16 4LA","SK16 4LA","","1,
84110","2.0","-3.3","","","0","0","40.0","60.0","33.1","66.9","29.2","70.8","35.5","64.5","","","1000 to 4999","Tameside Metropolitan Borough Council","False","2025/03/31 00:00:00","2024/11/29 09:04:29"
"TAMESIDE SPORTS TRUST","11986","CHIEF EXECUTIVE, Ken Ward Sports Centre, Hattersley Road East, Hyde, Cheshire, SK14 3NL","SK14 3NL","03531443","93110","3.14","0","","","0","0","40","60","45","55","33","67","48","52","https://www.activetameside.com/wp-content/uploads/2024/10/Gender-Pay-Report-2024.pdf","Reg Patel (CEO)","250 to 499","TAMESIDE SPORTS TRUST","False","2025/04/05 00:00:00","2024/10/03 10:09:31"
"Tamworth Borough Council","14111","Marmion House, Lichfield Street, B79 7BZ","B79 7BZ","","1,
84110","0.8","-1.4","","","0","0","28.57","71.43","44.57","55.43","33.71","66.29","34.83","65.17","https://www.tamworth.gov.uk/index.php/equality-and-diversity","","250 to 499","Tamworth Borough Council","False","2025/03/31 00:00:00","2024/12/23 13:49:15"
"TANVIC GROUP LIMITED","11998","Granary Lodge, 96 Appletongate,, Newark, Notts, NG24 1LS","NG24 1LS","00985614","45200,
45310,
45320","2.3","0.8","54.7","-177","56.5","19.2","85.4","14.6","98.8","1.2","95.1","4.9","88.9","11.1","http://www.tanvic.co.uk/gpg.php","JACQUELINE WHILES (MANAGEMENT ACCOUNTANT)","250 to 499","TANVIC GROUP LIMITED","False","2025/04/05 00:00:00","2024/10/31 15:48:47"
"TATE & LYLE PUBLIC LIMITED COMPANY","12025","5 Marble Arch, London, United Kingdom, W1H 7EJ","W1H 7EJ","00076535","70100","-15.2","-13.1","25.7","-0.3","88","74","75","25","44","56","54","46","54","46","","Nick Hampton (CEO)","Less than 250","TATE & LYLE PUBLIC LIMITED COMPANY","False","2025/04/05 00:00:00","2024/04/12 07:08:53"
"TAUNTON SCHOOL EDUCATIONAL CHARITY","19076","Taunton School, Staplegrove Road, Taunton, Somerset, TA2 6AD","TA2 6AD","04005803","85100,
85200,
85310","16.5","7.73","45.27","50","2.17","1.16","21.38","78.62","43.75","56.25","31.25","68.75","42.36","57.64","","Sandra Reynolds (Chief Operating Officer)","500 to 999","TAUNTON SCHOOL EDUCATIONAL CHARITY","False","2025/04/05 00:00:00","2025/01/02 14:03:41"
"TAVERN SNACKS LIMITED","23495","C/O Priory House Gildersome Spur, Morley, Leeds, England, LS27 7JZ","LS27 7JZ","09989324","46390","27.97","29.12","","","0","0","66.67","33.33","100","0","80","20","100","0","","Sue Rainford (Payroll Administrator)","Less than 250","TAVERN SNACKS LIMITED","False","2025/04/05 00:00:00","2025/01/06 10:52:43"
"Tavistock And Portman Nhs Foundation Trust","12036","120 Belsize Lane, London, NW3 5BA","NW3 5BA","","1,
86210","10.98","4.19","-54.99","-3.01","1.56","0.80","24.18","75.82","22.64","77.36","23.21","76.79","31.10","68.90","","","500 to 999","Tavistock And Portman Nhs Foundation Trust","False","2025/03/31 00:00:00","2024/05/30 12:00:27"
"TAYLOR HOBSON LIMITED","22737","2 New Star Road, Leicester, Leicestershire, United Kingdom, LE4 9JD","LE4 9JD","03230332","26511,
28960","21","12","89","36","86","83","76","24","77","23","82","18","91","9","https://www.taylor-hobson.com/-/media/ametektaylorhobson/files/aboutus/corporate-environmental-responsibility/taylor-hobson---gender-pay-gap-2024.pdf","Russell Webster (Division Vice President & Business Unit Manager)","250 to 499","TAYLOR HOBSON LIMITED","False","2025/04/05 00:00:00","2024/12/19 09:12:52"
"TEACH FIRST","12059","6 Mitre Passage, Greenwich Peninsula, London, England, SE10 0ER","SE10 0ER","04478840","85600","4.48","1.08","","","0.00","0.00","27.53","72.47","24.02","75.98","25.14","74.86","32.40","67.60","","Jay Nash (Director of People & Culture)","500 to 999","TEACH FIRST","False","2025/04/05 00:00:00","2024/06/18 10:21:57"
"TEAM BRAIN INJURY SUPPORT LIMITED","21267","First Floor Suite Shire Hall, High Pavement, Nottingham, England, NG1 1HN","NG1 1HN","06251793","78109","-1.63","-2.3","99.0","98.3","2.5","1.1","15.9","84.1","22.2","77.8","31.8","68.2","4.4","95.6","","justine fawzi (Interim Head of People)","Less than 250","TEAM BRAIN INJURY SUPPORT LIMITED","False","2025/04/05 00:00:00","2024/04/05 11:26:12"
"Telford & Wrekin Council","12101","Telford & Wrekin Council, Addenbrooke House, Ironmasters Way, Telford, United Kingdom, TF3 4NT","TF3 4NT","","1,
84110","2.8","3.1","","","0","0","22.2","77.8","30.8","69.2","27.6","72.4","30.2","69.8","https://www.telford.gov.uk/info/20110/budgets_and_spending/355/workforce_information","","1000 to 4999","Telford & Wrekin Council","False","2025/03/31 00:00:00","2024/12/09 12:04:57"
"THALES DIS UK LIMITED","5434","350 Longwater Avenue, Green Park, Reading, Berkshire, England, RG2 6GF","RG2 6GF","01278148","26110,
62020,
71129,
82990","23.7","23.9","45.8","36.7","82","92","43","57","63","37","73","27","83","17","https://www.thalesgroup.com/sites/default/files/2025-01/Pay%20Gap%20Report%202024.pdf","Phil Siveter (Chief Executive Officer)","250 to 499","THALES DIS UK LIMITED","False","2025/04/05 00:00:00","2025/01/14 10:39:33"
"THALES UK LIMITED","12166","350 Longwater Avenue, Green Park, Reading, Berkshire, United Kingdom, RG2 6GF","RG2 6GF","00868273","26110,
26309,
71129,
84220","9.3","9.9","16.7","15.1","76","69","71","29","78","22","79","21","83","17","https://www.thalesgroup.com/sites/default/files/2025-01/Pay%20Gap%20Report%202024.pdf","Phil Siveter (Chief Executive Officer)","5000 to 19,999","THALES UK LIMITED","False","2025/04/05 00:00:00","2025/01/14 10:33:36"
"Thames Learning Trust","21505","Northumberland Avenue, Reading, Berkshire, United Kingdom, RG2 7PY","RG2 7PY","","","21.1","25.6","","","0","0","5.5","94.5","16.4","83.6","21.9","78.1","22.2","77.8","","","250 to 499","Thames Learning Trust","False","2025/03/31 00:00:00","2024/07/10 15:59:52"
"THAMES WATER UTILITIES LIMITED","242","Clearwater Court, Vastern Road, Reading, Berkshire, RG1 8DB","RG1 8DB","02366661","36000","5.2","10.0","-2.5","0.0","95.0","90.7","58","42","73","27","74","26","72","28","https://www.thameswater.co.uk/about-us/performance/gender-pay-gap","Elena Zamuner (People Analytics Manager)","5000 to 19,999","THAMES WATER UTILITIES LIMITED","False","2025/04/05 00:00:00","2024/08/08 08:54:08"
"THE A & S LEISURE GROUP LIMITED","12176","15 Livesey Street, Sheffield, South Yorkshire, S6 2BL","S6 2BL","00939109","92000","15.3","13.3","64.0","33.3","10.0","8.8","47.2","52.8","40.0","60.0","61.2","38.8","80.2","19.8","https://napoleons-casinos.co.ok","Mark Allen (CEO)","250 to 499","THE A & S LEISURE GROUP LIMITED","False","2025/04/05 00:00:00","2024/08/12 15:27:54"
"THE ALBERT MEMORIAL COLLEGE","16997","Framlingham College, College Road, Framlingham, IP13 9EY","IP13 9EY","RC000006","","9.9","23.9","","","0","0","43","57","31","69","42","58","61","39","https://www.framlinghamcollege.co.uk/wp-content/uploads/2024/05/GPGR-Report-2024.pdf","Charles Packshaw (Chair of Governors)","250 to 499","THE ALBERT MEMORIAL COLLEGE","False","2025/04/05 00:00:00","2024/06/03 11:00:08"
"THE BISHOP KONSTANT CATHOLIC ACADEMY TRUST","12226","St Wilfrid's Catholic High School & Sixth Form Cutsyke Road, Featherstone, Pontefract, West Yorkshire, England, WF7 6BD","WF7 6BD","08253770","85310","27.05","50.63","","","0","0","6.41","93.59","11.54","88.46","16.74","83.26","23.93","76.07","https://www.bkcat.co.uk/key-information/#1662645833490-546cf411-ce20","","500 to 999","THE BISHOP KONSTANT CATHOLIC ACADEMY TRUST","False","2025/03/31 00:00:00","2024/07/15 10:56:14"
"THE BLUE SCHOOL","16399","The Blue School, Kennion Road, Wells, Somerset, BA5 2NR","BA5 2NR","07706776","85310","7.55","-2.73","","","0","0","16.95","83.05","47.46","52.54","28.81","71.19","36.67","63.33","https://www.theblueschoolwells.co.uk/9/key-information/category/27/charging-pupil-premium-and-accounts","","Less than 250","THE BLUE SCHOOL","False","2025/03/31 00:00:00","2024/12/24 12:41:13"
"The British Museum","520","Great Russell Street, London, WC1B 3DG","WC1B 3DG","","1,
84110","-1","-9","6","0","86","79","39","61","52","48","30","70","35","65","https://www.britishmuseum.org/sites/default/files/2025-01/Diversity_Summary_Report_31_March_2024.pdf","","500 to 999","The British Museum","False","2025/03/31 00:00:00","2025/01/17 16:43:13"
"THE CAKE CREW LIMITED","19163","Units 11-12 Enterprise Park, Bala, Gwynedd, LL23 7NL","LL23 7NL","07738348","10720","2","4.4","0.3","0","91","100","60","40","71","29","51","49","38","62","","Terri Roberts (Head of HR)","Less than 250","THE CAKE CREW LIMITED","False","2025/04/05 00:00:00","2024/04/11 11:45:13"
"THE CELTIC MANOR RESORT LIMITED","324","Coldra Woods, Newport, Gwent, NP18 1HQ","NP18 1HQ","08428620","55100","14.68","1.67","70.5","68.9","33","34.8","45.6","54.4","36.1","63.9","46.3","53.7","63.7","36.3","","Ian Edwards (CEO)","500 to 999","THE CELTIC MANOR RESORT LIMITED","False","2025/04/05 00:00:00","2024/04/08 12:08:21"
"THE CHARTERED INSTITUTE OF PERSONNEL AND DEVELOPMENT","226","151 The Broadway, London, United Kingdom, SW19 1JQ","SW19 1JQ","RC000758","","9.2","8.0","78.4","46.1","11.9","4.1","33.3","66.7","22.9","77.1","29.2","70.8","37.5","62.5","https://www.cipd.org/uk/about/annual-report/cipd-pay-gap-reports/gender/","Amanda Arrowsmith (People and Transformation Director)","250 to 499","THE CHARTERED INSTITUTE OF PERSONNEL AND DEVELOPMENT","False","2025/04/05 00:00:00","2025/01/17 11:10:59"
"THE CHELMSFORD LEARNING PARTNERSHIP","19602","Unit 78, Waterhouse Buisness Centre, 2 Cromar Way, Chelmsford, England, CM1 2QE","CM1 2QE","07907388","85310","26","48","","","0","0","6","94","20","80","29","71","34","66","https://www.clptrust.com","","500 to 999","THE CHELMSFORD LEARNING PARTNERSHIP","False","2025/03/31 00:00:00","2025/01/02 08:47:30"
"THE CHURCH OF ENGLAND CHILDREN'S SOCIETY","631","Whitecross Studios, 50 Banner Street, London, England, EC1Y 8ST","EC1Y 8ST","00040004","88990","12.8","4","","","0","0","18.54","81.46","15.12","84.88","19.12","80.88","29.27","70.73","https://www.childrenssociety.org.uk/organisational-policies","Michelle Clark (Executive Director, People, Culture & Transformation)","500 to 999","THE CHURCH OF ENGLAND CHILDREN'S SOCIETY","False","2025/04/05 00:00:00","2024/10/29 11:19:37"
"The Circle Trust","20900","c/o St Crispin's School, London Road, WOKINGHAM, Berkshire, United Kingdom, RG40 1SS","RG40 1SS","","","11.1","32.1","","","0","0","16.4","83.6","10.7","89.3","27.9","72.1","22.1","77.9","","","500 to 999","The Circle Trust","False","2025/03/31 00:00:00","2024/04/19 09:29:36"
"THE CLINKARD GROUP LIMITED","12281","Eveline House Cannon Park Way, Cannon Park, Middlesbrough, England, TS1 5JU","TS1 5JU","02771054","46420,
47721","26.79","28.10","42.67","29.81","57","43","14","86","10","90","18","82","35","65","","Jonathan Mankin (Finance Director)","250 to 499","THE CLINKARD GROUP LIMITED","False","2025/04/05 00:00:00","2024/12/20 10:46:50"
"The College of Richard Collyer","15434","Hurst Road, Horsham, RH12 2EJ","RH12 2EJ","","1","21.6","39.6","8.6","21.5","19.8","80.2","27.6","72.4","20.7","79.3","43.1","56.9","54.2","45.8","","","250 to 499","The College of Richard Collyer","False","2025/03/31 00:00:00","2024/12/09 12:14:18"
"The College of West Anglia","12288","Tennyson Avenue, King's Lynn, Norfolk, PE30 2QW","PE30 2QW","","1,
85320","15.97","21.71","","","0","0","13","87","29","71","33","67","45","55","","","500 to 999","The College of West Anglia","False","2025/03/31 00:00:00","2025/01/06 14:20:09"
"THE CORNISH BAKERY SHOPS LIMITED","21497","Paulton House Old Mills, Paulton, Bristol, England, BS39 7SX","BS39 7SX","02177016","56102,
56103","12.55","0","71.42","50","29","71","27","73","27","73","29","71","36","64","","Victoria Lintern (Head of HR)","500 to 999","THE CORNISH BAKERY SHOPS LIMITED","False","2025/04/05 00:00:00","2024/06/17 10:40:50"
"THE COTSWOLD COMPANY (UK) LIMITED","21548","Norfolk Tower, Surrey Street, Norwich, NR1 3PA","NR1 3PA","04774845","47599","12.4","2.76","36.04","18.68","19.62","39.42","43.88","56.12","48.06","51.94","60.61","39.39","57.81","42.19","","Ralph Tucker (CEO)","250 to 499","THE COTSWOLD COMPANY (UK) LIMITED","False","2025/04/05 00:00:00","2024/06/18 11:46:29"
"THE DELIVERY GROUP LIMITED","16303","Unit 2 Catalina Approach, Omega South, Warrington, England, WA5 3UY","WA5 3UY","04834987","53201","13.08","10.69","52.8","43.7","17.73","20.14","69","31","56","44","74","26","73","27","https://www.thedeliverygroup.co.uk/wp-content/uploads/2024/12/Gender-Pay-Gap-Reporting-2024.pdf","Claire Rooks-Byron (Group People Director)","250 to 499","THE DELIVERY GROUP LIMITED","False","2025/04/05 00:00:00","2024/12/16 12:10:12"
"THE DONKEY SANCTUARY TRUSTEE LIMITED","16076","The Donkey Sanctuary Trustee Limited, Slade House Farm, Sidmouth, EX10 0NU","EX10 0NU","07328588","82110","10","5","","","0","0","21.15","78.85","27.10","72.9","21.29","78.71","32.26","67.74","","Jenny Coe (Director of People)","500 to 999","THE DONKEY SANCTUARY TRUSTEE LIMITED","False","2025/04/05 00:00:00","2025/01/03 10:20:06"
"THE EDUCATION VILLAGE ACADEMY TRUST","12342","The Education Village, Salters Lane South, Darlington, County Durham, DL1 2AN","DL1 2AN","07748248","85200,
85310,
85590,
85600","21.3","40.6","","","0","0","18.2","81.8","13.0","87.0","27.9","72.1","27.9","72.1","","","250 to 499","THE EDUCATION VILLAGE ACADEMY TRUST","False","2025/03/31 00:00:00","2025/01/13 13:16:54"
"THE FINANCIAL CONDUCT AUTHORITY","12359","12 Endeavour Square, London, England, E20 1JN","E20 1JN","01920623","80300,
84110,
84130","12.2","11.5","","","0","0","35","65","48","52","52","48","58","42","https://www.fca.org.uk/publications/data-fca-performance-and-operational-data/fca-pay-gap-data-2024","","1000 to 4999","THE FINANCIAL CONDUCT AUTHORITY","False","2025/03/31 00:00:00","2024/07/09 12:42:03"
"THE FUTURES TRUST","12366","Rookery Lane, Coventry, West Midlands, CV6 4GL","CV6 4GL","08678162","85310","16.2","23.4","","","0","0","16.1","83.9","22.5","77.5","32.8","67.2","36.6","63.4","https://www.thefuturestrust.org.uk/page/?title=Gender+Pay+Gap+Report+31+March+2022&pid=149","","500 to 999","THE FUTURES TRUST","False","2025/03/31 00:00:00","2024/07/19 14:17:57"
"The Gallery Trust","20387","Iffley Turn, Oxford, OX4 4DU","OX4 4DU","","","15.6","26.8","","","0","0","7","93","10.9","89.1","24","76","23.8","76.2","","","250 to 499","The Gallery Trust","False","2025/03/31 00:00:00","2024/12/11 13:32:50"
"THE GOOD SHEPHERD TRUST","12378","Academies Office, Larch Avenue, Guildford, Surrey, England, GU1 1JY","GU1 1JY","08366199","85200,
85310","16.9","24.79","","","0","0","7.4","92.6","13.3","86.7","15.6","84.4","14.1","85.9","","","500 to 999","THE GOOD SHEPHERD TRUST","False","2025/03/31 00:00:00","2024/04/22 12:34:47"
"THE GRACE EYRE FOUNDATION","18641","Telecom House The Grace Eyre Foundation, Ground Floor West, 125-135 Preston Road, Brighton, England, BN1 6AF","BN1 6AF","02806429","55900,
88100","3.1","0","","","0","0","36","64","41","59","33","67","42","58","https://www.grace-eyre.org/who-we-are-how-we-work/our-impact-annual-reports/","Fiona Pritchard (HR Manager)","250 to 499","THE GRACE EYRE FOUNDATION","False","2025/04/05 00:00:00","2024/04/12 14:18:10"
"THE HEALTHCARE MANAGEMENT TRUST","12394","1 Langdon House, Langdon Road, Swansea, Wales, SA1 8QY","SA1 8QY","01932882","86101,
87100","8.39","13.84","","","0","0","21","79","9.4","90.6","13.8","86.2","21.7","78.3","","Nigel Roissetter (Director of Finance)","500 to 999","THE HEALTHCARE MANAGEMENT TRUST","False","2025/04/05 00:00:00","2025/01/16 11:05:44"
"The Heart of Yorkshire Education Group","16380","Wakefield College, Margaret Street, Wakefield, WF1 2DH","WF1 2DH","","1,
85310","9.18","17.14","-45","-100","2.8","5.2","24","76","30","70","37","63","52","48","","","500 to 999","The Heart of Yorkshire Education Group","False","2025/03/31 00:00:00","2024/12/20 13:10:37"
"THE HEATH FAMILY (NORTH WEST)","14591","C/O Palace Fields Primary School Badger Close, Palacefields, Runcorn, England, WA7 2QW","WA7 2QW","07614421","85200,
85310","21.31","32.52","","","0","0","7.30","92.70","17.65","82.35","26.28","73.72","28.68","71.32","https://www.thfnw.uk/page/?title=Financial+Documents&pid=30","","500 to 999","THE HEATH FAMILY (NORTH WEST)","False","2025/03/31 00:00:00","2024/04/08 07:48:57"
"The Hertfordshire & Essex Multi-Academy Trust","21968","The Hertfordshire & Essex High School, Warwick Road, Bishop's Stortford, Hertfordshire, United Kingdom, CM23 5NJ","CM23 5NJ","","","6.3","45.7","","","0","0","19.7","80.3","19.7","80.3","6.6","93.4","20","80","","","250 to 499","The Hertfordshire & Essex Multi-Academy Trust","False","2025/03/31 00:00:00","2024/06/10 13:12:41"
"The Insolvency Service","18141","Cannon House, 18 Priory Queensway, Birmingham, B4 6FD","B4 6FD","","1,
84110","6.2","8.0","-3.2","-6.3","83.1","86.7","40.5","59.5","39.2","60.8","45.6","54.4","47.8","52.2","","","1000 to 4999","The Insolvency Service","False","2025/03/31 00:00:00","2024/12/17 08:22:11"
"The Jo Richardson Community School","15432","Castle Green, Gale Street, Dagenham, Essex, RM9 4UN","RM9 4UN","","1,
85310","1","-11.9","","","0","0","14.3","85.7","43.5","56.5","22.2","77.8","29","71","https://jorichardson.org.uk/information/about-us/policies-and-reports/","","250 to 499","The Jo Richardson Community School","False","2025/03/31 00:00:00","2025/01/16 10:18:39"
"The Keepers And Governors Of The Free Grammar School Of John Lyon","14216","The Bursary, 5 High Street, Harrow, Middlesex, United Kingdom, HA1 3HP","HA1 3HP","","85310","23","33","71","-66","12","13","33","67","43","57","59","41","60","40","","Julia Wood (Bursar)","500 to 999","The Keepers And Governors Of The Free Grammar School Of John Lyon","False","2025/04/05 00:00:00","2024/04/08 16:05:02"
"The Keys Academy Trust","20796","Earley St Peter's School, Church Road, Earley, Berkshire, RG6 1EY","RG6 1EY","","","29.6","31.6","","","0","0","6.5","93.5","2.9","97.1","12.3","87.7","12.4","87.6","","","250 to 499","The Keys Academy Trust","False","2025/03/31 00:00:00","2025/01/10 09:25:12"
"THE KING'S FOUNDATION","19366","Dumfries House, Dumfries House Estate, Cumnock, Ayrshire, KA18 2NJ","KA18 2NJ","SC331738","91030","1.1","1.5","","","0","0","38","62","36","64","33","67","43","57","https://kings-foundation.org/resource/gender-pay-gap-report-2024/","Kristina Murrin (Chief Executive Officer)","250 to 499","THE KING'S FOUNDATION","False","2025/04/05 00:00:00","2024/12/13 17:25:19"
"THE KITE ACADEMY TRUST","14593","Holly Lodge Primary School, Stratford Road, Ash Vale, Surrey, England, GU12 5PX","GU12 5PX","09785186","85200","38.4","65.05","","","0","0","16","84","19","81","1.0","99","0","100","","","250 to 499","THE KITE ACADEMY TRUST","False","2025/03/31 00:00:00","2024/12/24 12:43:10"
"THE LAIDLAW SCHOOLS TRUST","12424","St Nicholas Building, St. Nicholas Street, Newcastle Upon Tyne, England, NE1 1RF","NE1 1RF","05735093","85200,
85310","10.58","7.58","62.5","37.5","1.69","0.33","13.27","86.73","27.04","72.96","21.94","78.06","28.06","71.94","","","500 to 999","THE LAIDLAW SCHOOLS TRUST","False","2025/03/31 00:00:00","2024/05/13 12:54:51"
"THE LOWRY CENTRE TRUST","12444","The Lowry, Pier 8, Salford Quays, M50 3AZ","M50 3AZ","03168108","90010,
90030,
90040,
91020","-10.3","-9.6","-131.1","-131.1","2","2","41","59","31","69","57","43","46","54","","Michelle Pendergast (Finance Director)","Less than 250","THE LOWRY CENTRE TRUST","False","2025/04/05 00:00:00","2024/10/21 17:17:02"
"THE MEAD EDUCATIONAL TRUST","10713","The Mead Centre, 343 Gipsy Lane, Leicester, Leicestershire, England, LE4 9DD","LE4 9DD","09079258","85200,
85310","10.4","12.3","","","0","0","10.7","89.3","23.3","76.7","22.1","77.9","24.3","75.7","","","1000 to 4999","THE MEAD EDUCATIONAL TRUST","False","2025/03/31 00:00:00","2025/01/07 13:47:51"
"The National Maritime Museum","14221","Park Row, Greenwich, London, London, United Kingdom, SE10 9NF","SE10 9NF","","91020","-1.92","-15.44","","","0","0","42","58","50","50","33","67","40","60","","John Avberhota (Head of People and Culture)","500 to 999","The National Maritime Museum","False","2025/04/05 00:00:00","2024/11/06 11:55:47"
"THE NATIONAL MUSEUM OF THE ROYAL NAVY","12479","National Museum Of The Royal Navy, Hm Naval Base (Pp66), Portsmouth, Hampshire, PO1 3NH","PO1 3NH","06699696","91030","-2.5","0","9.7","-16.7","41","43","43","57","47","53","47","53","44","56","https://www.nmrn.org.uk/sites/default/files/2024-08/Gender pay gap report 2024.pdf","Sarah Dennis (Executive Director of Finance and Resources)","250 to 499","THE NATIONAL MUSEUM OF THE ROYAL NAVY","False","2025/04/05 00:00:00","2024/08/21 11:16:15"
"THE NELSON TRUST","23544","Nelson House Brimscombe Hill, Brimscombe, Stroud, Gloucestershire, GL5 2QP","GL5 2QP","03211815","86900","10.68","3.84","","","0","0","6.5","93.5","8","92","8","92","14.5","85.5","https://www.nelsontrust.com/wp-content/uploads/2024/12/Our-2024-Gender-Pay-Gap-Report.pdf","Louise Temple (Director of HR)","250 to 499","THE NELSON TRUST","False","2025/04/05 00:00:00","2024/12/19 14:41:43"
"The Nene Education Trust","20648","Mountbatten Way, Raunds, Wellingborough, Northamptonshire, UK, NN9 6PA","NN9 6PA","","","40.805","67.326","","","0","0","29.4118","70.5882","17.5","82.5","2.5","97.5","9.1667","90.8333","","","500 to 999","The Nene Education Trust","False","2025/03/31 00:00:00","2024/04/02 09:44:40"
"THE NORTH LONDON COLLEGIATE SCHOOL","16400","Canons, Canons Drive, Edgware, Middlesex, HA8 7RJ","HA8 7RJ","02818422","85310","18.8","25","","","0","0","14","86","24","76","34","66","46","54","","Beverley Grant (Finance Director)","250 to 499","THE NORTH LONDON COLLEGIATE SCHOOL","False","2025/04/05 00:00:00","2025/01/16 11:37:34"
"The Office for Nuclear Regulation","586","Redgrave Court, Merton Road, Liverpool, L20 7HS","L20 7HS","","1,
84110","24.4","31.98","1.6","-12","61.8","70.4","35.8","64.2","57.2","42.8","74.6","25.4","83.2","16.8","https://www.onr.org.uk/news/all-news/2024/11/onr-publishes-eighth-gender-pay-report/","","500 to 999","The Office for Nuclear Regulation","False","2025/03/31 00:00:00","2024/12/13 07:15:40"
"THE OUTWARD BOUND TRUST","581","Hackthorpe Hall, Hackthorpe, Penrith, Cumbria, CA10 2HX","CA10 2HX","06748835","85310","3","0","1.5","0","2","3","37","63","65","35","66","34","50","50","https://www.outwardbound.org.uk/faqs-2","Phillipa Kate Morley (Head of People)","250 to 499","THE OUTWARD BOUND TRUST","False","2025/04/05 00:00:00","2024/06/05 08:32:12"
"THE PASSMORES CO-OPERATIVE LEARNING COMMUNITY","16834","Passmores Academy, Tracyes Road, Harlow, Essex, CM18 6JH","CM18 6JH","07736246","85310","32.10","56.01","","","0","0","9","91","2","98","25","75","26","74","https://www.pclc.co.uk/page/title=Financial+Documents&pid=1007&action=saved","","250 to 499","THE PASSMORES CO-OPERATIVE LEARNING COMMUNITY","False","2025/03/31 00:00:00","2025/01/02 12:13:46"
"THE PRINCE'S TRUST","16599","Prince's Trust House, 9 Eldon Street, London, EC2M 7LS","EC2M 7LS","RC000772","","4.82","-4.08","","","0","0","31.64","68.36","31.13","68.87","25.29","74.71","30.98","69.02","https://www.princes-trust.org.uk/about-us/our-annual-reports/diversity-pay-gap-report","Kimberley Cleland (Director of People & Learning)","1000 to 4999","THE PRINCE'S TRUST","False","2025/04/05 00:00:00","2024/09/03 10:06:13"
"THE RICHMOND FELLOWSHIP SCOTLAND LIMITED","12546","3 BUCHANAN GATE, BUCHANAN GATE BUSINESS PARK, CUMBERNAULD ROAD, STEPPS, CUMBERNAULD ROAD, STEPPS, NORTH LANARKSHIRE, United Kingdom, G33 6FB","G33 6FB","SP2450RS","","-0.64","0","","","0","0","32.77","67.23","32.77","67.23","32.77","67.23","32.73","67.27","https://trfs.org.uk","Michael Carroll (Executive Director of Finance, Systems & Strategy)","1000 to 4999","THE RICHMOND FELLOWSHIP SCOTLAND LIMITED","False","2025/04/05 00:00:00","2024/08/09 09:16:40"
"THE ROMERO CATHOLIC ACADEMY","12552","Cardinal Wiseman Catholic School, Potters Green Road, Coventry, England, CV2 2AJ","CV2 2AJ","09702162","85100,
85200,
85310","26.8","39.9","","","0","0","7","93","14","86","15","85","25","75","","","500 to 999","THE ROMERO CATHOLIC ACADEMY","False","2025/03/31 00:00:00","2025/01/02 11:41:09"
"The Rosary Trust","21957","c/o St. Thomas More RC School, Priory Street, COLCHESTER, Essex, United Kingdom, CO1 2QB","CO1 2QB","","","18.1","43.1","","","0","0","3.7","96.3","2.5","97.5","12.7","87.3","11.4","88.6","","","250 to 499","The Rosary Trust","False","2025/03/31 00:00:00","2024/05/07 06:33:54"
"THE ROYAL COMMONWEALTH SOCIETY FOR THE BLIND","19447","Sightsavers, 35 Perrymount Road, Haywards Heath, RH16 3BW","RH16 3BW","RC000706","","0.96","1.11","","","0","0","28","72","30","70","34","66","28","72","https://www.sightsavers.org","Caroline Harper (Chief Executive Officer)","250 to 499","THE ROYAL COMMONWEALTH SOCIETY FOR THE BLIND","False","2025/04/05 00:00:00","2025/01/06 14:30:41"
"THE ROYAL HORTICULTURAL SOCIETY","243","Rosemoor Garden, Torrington, Devon, United Kingdom, EX38 8PH","EX38 8PH","RC000480","","13.8","6.3","-45.3","-6.3","8.6","8.0","30","70","35","65","32","68","48","52","","Carole Goldsmith (Director of People)","1000 to 4999","THE ROYAL HORTICULTURAL SOCIETY","False","2025/04/05 00:00:00","2024/09/30 10:48:46"
"The Royal Wolverhampton Nhs Trust","12567","New Cross Hospital, Wednesfield Road, Wolverhampton, West Midlands, United Kingdom, WV10 0QP","WV10 0QP","","1,
86210","27.07","19.65","9.91","0","73.33","26.67","18.86","81.14","14.81","85.19","19.64","80.36","33.67","66.33","https://www.royalwolverhampton.nhs.uk/about-us/equality-diversity-and-inclusion/gender-pay.html","","5000 to 19,999","The Royal Wolverhampton Nhs Trust","False","2025/03/31 00:00:00","2025/01/03 16:09:42"
"The Royal Zoological Society of Scotland","16778","134 Corstorphine Road, Edinburgh, EH12 6TS","EH12 6TS","","91040","6.43","0.00","16.13","0.00","76.72","75.46","43","57","25","75","39","61","37","63","https://images.rzss.org.uk/media/RZSS/RZSS_documents/rzss_gender_pay_gap_reports.pdf","MARK HADDOW (Director of People and Culture)","250 to 499","The Royal Zoological Society of Scotland","False","2025/04/05 00:00:00","2025/01/03 08:10:19"
"The Southfield Trust","23090","The Lindfield School, Lindfield Road, Eastbourne, East Sussex, England, BN22 0BQ","BN22 0BQ","","","16.60","6.25","","","0","0","9.40","90.60","11.90","88.10","10.80","89.20","16.70","83.30","","","250 to 499","The Southfield Trust","False","2025/03/31 00:00:00","2024/07/23 07:15:34"
"The Sovereign Trust","20177","MANOR ACADEMY, MANOR AVENUE, SALE, Cheshire, United Kingdom, M33 5JX, M33 5JX","M33 5JX","","","-2.40","-3.50","","","0","0","22.58","77.42","29.03","70.97","23.81","76.19","19.05","80.95","","","250 to 499","The Sovereign Trust","False","2025/03/31 00:00:00","2024/12/10 11:00:29"
"THE SPENCER ACADEMIES TRUST","12585","George Spencer School Arthur Mee Road, Stapleford, Nottingham, Nottinghamshire, NG9 7EW","NG9 7EW","07353824","85100,
85200,
85310,
85410","19.5","32.3","","","0","0","8","92","22","78","25","75","31","69","https://www.spencertrust.org.uk/finance","","1000 to 4999","THE SPENCER ACADEMIES TRUST","False","2025/03/31 00:00:00","2024/04/29 09:06:21"
"The STAR Multi Academy Trust","20705","Tadcaster Grammar School, Rose Cottage, Toulson, Tadcaster, United Kingdom, LS24 9NB, LS24 9NB","LS24 9NB","","","25.3","39.2","","","0","0","7","93","11","89","22","78","28","72","https://web.starmat.uk/assets/Governance/Statutory-Documentation/Gender-Pay-Gap-Reports/STAR-Gender-Pay-Gap-Report-March-2024.pdf","","500 to 999","The STAR Multi Academy Trust","False","2025/03/31 00:00:00","2024/05/01 15:18:43"
"THE STEPHEN PERSE FOUNDATION","15136","The Stephen Perse Foundation, Union Road, Cambridge, Cambridgeshire, CB2 1HF","CB2 1HF","06113565","85100,
85200,
85310","10.10","9.52","","","0","0","16","84","34.37","65.63","27.27","72.73","34.31","65.69","https://www.stephenperse.com/attachments/download.asp?file=2386&type=pdf","Richard Girvan (Principal)","250 to 499","THE STEPHEN PERSE FOUNDATION","False","2025/04/05 00:00:00","2024/12/18 09:17:41"
"THE STOUR ACADEMY TRUST","14603","Sturry Ce Primary School Park View, Sturry, Canterbury, Kent, CT2 0NR","CT2 0NR","08179242","85200","17.67","39.58","","","0","0.27","3.88","96.12","2.79","97.21","14.74","85.26","12.24","87.76","","","250 to 499","THE STOUR ACADEMY TRUST","False","2025/03/31 00:00:00","2024/06/27 15:38:11"
"THE SYMPHONY GROUP PLC","12600","Pen Hill Estate, Park Spring Road, Barnsley, South Yorkshire, S72 7EZ","S72 7EZ","01022506","31020","10.84","4.78","6.04","-23.65","34.67","43.43","55.50","44.50","76.31","23.69","74.30","25.70","80.17","19.83","","Adrienne Murdoch (General Counsel & Company Secretary)","1000 to 4999","THE SYMPHONY GROUP PLC","False","2025/04/05 00:00:00","2024/08/16 15:09:32"
"THE TWO COUNTIES TRUST","12611","Ashfield School, Sutton Road, Kirby In Ashfield, Nottinghamshire, NG17 8HP","NG17 8HP","07972029","85310","19.8","33.7","","","0","0","17","83","27","73","26","74","50","50","","","1000 to 4999","THE TWO COUNTIES TRUST","False","2025/03/31 00:00:00","2024/08/05 07:07:16"
"THE UNITED KINGDOM COMMITTEE FOR UNICEF","12612","1 Westfield Avenue, London, England, E20 1HZ","E20 1HZ","03663181","85590,
86900,
88990","0.3","0.1","","","0","0","22.4","77.6","24.4","75.6","23.5","76.5","22.4","77.6","https://www.unicef.org.uk/wp-content/uploads/2024/09/PAYG23-PayReport2024.pdf","Martyn Dicker (Director of People)","250 to 499","THE UNITED KINGDOM COMMITTEE FOR UNICEF","False","2025/04/05 00:00:00","2024/09/30 11:15:13"
"THE VENDING PEOPLE LTD","23493","Unit C, Gildersome Spur Ind Est, Leeds, United Kingdom, LS27 7JZ","LS27 7JZ","11741478","46170","40","0.56","100","100","2.7","0","64.52","35.48","55.17","44.83","75.86","24.14","53.33","46.67","","Sue Rainford (Payroll Administrator)","Less than 250","THE VENDING PEOPLE LTD","False","2025/04/05 00:00:00","2025/01/06 14:52:46"
"THIRTEEN HOUSING GROUP LIMITED","15466","Northshore, North Shore Road, Stockton-On-Tees, Cleveland, TS18 2NB","TS18 2NB","RS007522","","3.68","1.67","","","0","0","50.5","49.5","43.8","56.2","66.6","33.4","57.7","42.3","","Karen Youngs (HR Systems & Information Lead)","1000 to 4999","THIRTEEN HOUSING GROUP LIMITED","False","2025/04/05 00:00:00","2025/01/15 09:26:40"
"THOMAS ARMSTRONG (HOLDINGS) LIMITED","12672","Workington Road, Flimby, Maryport, Cumbria, CA15 8RY","CA15 8RY","00244751","41201,
70100","38.93","23.36","82.33","86.62","50.69","87.23","74.26","25.74","90.10","9.90","94.06","5.94","96","4","http://www.thomasarmstrong.co.uk","Jane McDonald (Payroll Manager)","250 to 499","THOMAS ARMSTRONG (HOLDINGS) LIMITED","False","2025/04/05 00:00:00","2025/01/08 12:08:43"
"THOMAS TELFORD MULTI ACADEMY TRUST","18869","Thomas Telford School, Old Park, Telford, Shropshire, TF3 4NW","TF3 4NW","04798185","85310,
85320","18.1","22.6","34","31.4","72.2","63.7","15","85","28.3","71.7","36.4","63.6","41.3","58.7","","","500 to 999","THOMAS TELFORD MULTI ACADEMY TRUST","False","2025/03/31 00:00:00","2025/01/09 14:09:15"
"THOMAS'S LONDON DAY SCHOOLS LIMITED","16787","Brightwater House Suite 2 & 3, Market Place, Ringwood, Hampshire, England, BH24 1AP","BH24 1AP","07881899","85200,
85310","-3.17","-9.99","","","0","100","27.78","72.22","30.95","69.05","20.63","79.37","25.4","74.6","","Ben Thomas (CEO)","500 to 999","THOMAS'S LONDON DAY SCHOOLS LIMITED","False","2025/04/05 00:00:00","2024/12/12 09:46:28"
"THORN BAKER LIMITED","17169","4th Floor The Hub, 40 Friar Lane, Nottingham, NG1 6DQ","NG1 6DQ","02470455","78200","0.8","2.4","49.6","74.4","6","19","74","26","62","38","83","17","69","31","https://www.thornbaker.co.uk/policies-and-reports","Madison RICHARDS (Head of Finance)","500 to 999","THORN BAKER LIMITED","False","2025/04/05 00:00:00","2025/01/09 09:45:58"
"THORNCLIFFE BUILDING SUPPLIES LIMITED","22541","Allt-Y-Graig Allt Y Graig, Meliden Road, Dyserth, Denbighshire, LL18 6DE","LL18 6DE","03627393","46130","8.24","11.51","100","100","8.65","0","73.77","26.23","78.69","21.31","100","0","88.52","11.48","https://www.thorncliffebs.co.uk","TRACY DYMENT (HR MANAGER)","250 to 499","THORNCLIFFE BUILDING SUPPLIES LIMITED","False","2025/04/05 00:00:00","2025/01/07 15:46:52"
"Three Rivers District Council","12708","Three Rivers House, Northway, Rickmansworth, Hertfordshire, United Kingdom, WD3 1RL","WD3 1RL","","1,
84110","-16.09","-29.38","100","100","17.92","0","94.25","5.75","45.98","54.02","31.4","68.6","45.35","54.65","https://www.threerivers.gov.uk/services/your-council/transparency-openness#Organisational%20structure%20and%20salaries","","250 to 499","Three Rivers District Council","False","2025/03/31 00:00:00","2025/01/02 15:21:39"
"THURLOW NUNN LIMITED","12711","Wisbech Road, Littleport, Cambridgeshire, CB6 1RA","CB6 1RA","05513039","45111,
45112,
45200,
45320","19.2","3.3","4.3","6.9","91.3","73.3","67.4","32.6","62.8","37.2","72.6","27.4","90.4","9.6","","Marta Dorszewska (Payroll Coordinator)","250 to 499","THURLOW NUNN LIMITED","False","2025/04/05 00:00:00","2024/12/18 16:07:29"
"THWAITES LIMITED","21487","Welsh Road, Cubbington, Leamington Spa, Warwickshire, CV32 7NQ","CV32 7NQ","00387579","28220","2.06","8.96","20.67","12.97","87.6","100","93","7","98","2","91","9","93","7","","Simon Hill (MD)","250 to 499","THWAITES LIMITED","False","2025/04/05 00:00:00","2024/06/24 15:40:22"
"TILIA HOMES LIMITED","19812","Tungsten Building, Blythe Valley Business Park, Solihull, West Midlands, United Kingdom, B90 8AU","B90 8AU","00775505","41202","32.76","36.67","27.24","-13.26","28","28","45.1","54.9","64.1","35.9","72.5","27.5","86.25","13.75","","Justine Yeomans (HR Director)","250 to 499","TILIA HOMES LIMITED","False","2025/04/05 00:00:00","2024/10/22 10:06:46"
"TOKAMAK ENERGY LTD","23178","173 Brook Drive, Milton Park, Abingdon, Oxfordshire, United Kingdom, OX14 4SD","OX14 4SD","07054929","72190","8.96","3.43","0.60","2.80","92.42","90.48","78.12","21.88","87.3","12.7","80.95","19.05","87.3","12.7","","Jane Shannon (Director of People and Engagement)","250 to 499","TOKAMAK ENERGY LTD","False","2025/04/05 00:00:00","2024/04/23 09:04:09"
"TOKIO MARINE KILN INSURANCE SERVICES LIMITED","12782","20 Fenchurch Street, London, EC3M 3BY","EC3M 3BY","05121836","82990","20.2","17.6","51.8","31.7","93.7","95.4","48.5","51.5","50.4","49.6","61.2","38.8","64.7","35.3","https://www.tmkiln.com/media/qxspgn4n/49787tmk-gender-pay-gap-report-2024-aw2.pdf","Matthew Shaw (Chief Executive Officer)","500 to 999","TOKIO MARINE KILN INSURANCE SERVICES LIMITED","False","2025/04/05 00:00:00","2025/01/16 14:31:57"
"TORQUAY LEISURE HOTELS LIMITED","12811","Derwent Hotel, Belgrave Road, Torquay, Devon, TQ2 5HS","TQ2 5HS","00430051","55100","6.43","0","81.74","90","2.34","2.64","38","62","50","50","43","57","40","60","https://www.tlh.co.uk/gender-pay-gap-report/","Ian Piercy (Managing CFO Director)","250 to 499","TORQUAY LEISURE HOTELS LIMITED","False","2025/04/05 00:00:00","2024/08/07 11:31:58"
"TOTAL RECRUIT LTD","20186","50 Northgate, Wakefield, United Kingdom, WF1 3AN","WF1 3AN","12401218","62030,
78200","-203.28","1.50","73.65","69.61","0.84","3.42","61.36","38.64","67.82","32.18","56.82","43.18","85.06","14.94","https://www.totalrecruitltd.co.uk","Tracey Oxley (Director)","250 to 499","TOTAL RECRUIT LTD","False","2025/04/05 00:00:00","2025/01/03 14:08:44"
"TRAFALGAR WORKFORCE SOLUTIONS LIMITED","21877","Jubilee House, East Beach, Lytham St. Annes, United Kingdom, FY8 5FT","FY8 5FT","10589288","78200","3.06","0.00","24.62","16.07","100","100","66","34","65","35","71","29","67","33","https://www.trafalgaraccounting.co.uk/gender-pay-gap-statement-20-24/","Katie Gamble (Head of Group Compliance and Information)","1000 to 4999","TRAFALGAR WORKFORCE SOLUTIONS LIMITED","False","2025/04/05 00:00:00","2024/05/10 13:59:39"
"TRAILFINDERS LIMITED","12884","48 Earls Court Road, London, W8 6FT","W8 6FT","01004502","62012,
79110,
79120","12.23","10.63","49.4","52.36","92.64","93.24","42.47","57.53","48.36","51.64","57.82","42.18","55.66","44.34","https://www.trailfinders.com/gender-pay-gap","Lorraine Wood (Personnel Manager)","500 to 999","TRAILFINDERS LIMITED","False","2025/04/05 00:00:00","2025/01/15 10:26:50"
"TRANSFORMING LIVES EDUCATIONAL TRUST","12896","Houlton School Signal Drive, Houlton, Rugby, Warwickshire, England, CV23 1ED","CV23 1ED","07515832","85310","21.88","37.80","","","0","0","17.72","82.28","14.94","85.06","29.11","70.89","37.97","62.03","","","250 to 499","TRANSFORMING LIVES EDUCATIONAL TRUST","False","2025/03/31 00:00:00","2024/12/09 14:52:53"
"TRANSPORT UK EAST MIDLANDS LIMITED","20115","2nd Floor St Andrew's House, 18-20 St Andrew Street, London, United Kingdom, EC4A 3AG","EC4A 3AG","09860485","49100","21.8","22.6","7.5","0","10.3","10.3","44.6","55.4","58.1","41.9","73.9","26.1","90.5","9.5","https://www.eastmidlandsrailway.co.uk/media/3893/download?inline","Christopher Buckley (Head of Organisation Development)","1000 to 4999","TRANSPORT UK EAST MIDLANDS LIMITED","False","2025/04/05 00:00:00","2025/01/14 12:57:55"
"TRAVAIL EMPLOYMENT GROUP LIMITED","282","24 Southgate Street, Gloucester, Glos, GL1 2DP","GL1 2DP","01334361","70100,
78200","-13.5","0.04","56.4","33.4","3.5","23.9","72","28","76","24","82","18","64","36","https://www.travail.co.uk/2024-gender-pay-report","Kevin Green (MD)","250 to 499","TRAVAIL EMPLOYMENT GROUP LIMITED","False","2025/04/05 00:00:00","2025/01/13 14:03:08"
"Trinity House","14479","Trinity House, Tower Hill, London, EC3N 4DH","EC3N 4DH","","","9.96","12.18","24.79","0.00","81.34","82.72","65.28","34.72","64.79","35.21","78.87","21.13","79.45","20.55","https://www.trinityhouse.co.uk/asset/5539","Natalie Gull (Director, People & Culture)","250 to 499","Trinity House","False","2025/04/05 00:00:00","2024/10/31 10:56:54"
"TRUMPF LASER UK LIMITED","11469","3 Wellington Park, Tollbar Way Hedge End, Southampton, SO30 2QU","SO30 2QU","03290610","26701","31.6","30.7","72","96.7","28.8","12.2","50","50","64.6","35.4","79.3","20.7","86.4","13.6","https://www.trumpf.com/en_GB/meta/corp-information-tax-strategy-modern-slavery-statement/","Graham Parsons (HR Director)","250 to 499","TRUMPF LASER UK LIMITED","False","2025/04/05 00:00:00","2024/12/23 11:42:09"
"TRUST PAYMENTS LTD","22294","1 Royal Exchange, Royal Exchange Avenue, London, United Kingdom, EC3V 3DG","EC3V 3DG","11976895","70100","19.2","22.15","100","38.15","7","9.5","58.35","41.65","71.2","28.8","79.9","20.1","75.1","24.9","","Magdalena Kardasz (Head of People Operations)","250 to 499","TRUST PAYMENTS LTD","False","2025/04/05 00:00:00","2024/12/12 08:33:17"
"Trustees for Roman Catholic Purposes","15323","114 Mount Street, W1K 3AH","W1K 3AH","","94910","8.1","5.8","","","0","0","28.3","71.7","23.7","76.3","25","75","35.5","64.5","https://www.jesuit.org.uk/annual-reports-policies","Thomas Acland (Finance Director)","250 to 499","Trustees for Roman Catholic Purposes","False","2025/04/05 00:00:00","2024/10/02 07:34:33"
"TSB BANK PLC","355","Henry Duncan House, 120 George Street, Edinburgh, EH2 4LH","EH2 4LH","SC095237","64191","25.5","24.7","48.8","25.2","91.7","96.2","29.2","70.8","30.3","69.7","42.5","57.5","57.6","42.4","https://www.tsb.co.uk/media-centre/insights-and-views/pay-gap-2024.html","Declan Hourican (Chief Financial Officer)","5000 to 19,999","TSB BANK PLC","False","2025/04/05 00:00:00","2025/01/15 10:54:14"
"TUDOR EMPLOYMENT AGENCY LIMITED","16950","Sister Dora Buildings, The Bridge, Walsall, West Midlands, WS1 1LW","WS1 1LW","02288404","78200","0.09","0.48","5.23","42.77","1.1","7.96","79","21","83.2","16.8","71.4","28.6","71.2","28.8","https://www.tudoremployment.co.uk","Sally Churm (Managing Director)","250 to 499","TUDOR EMPLOYMENT AGENCY LIMITED","False","2025/04/05 00:00:00","2024/08/27 14:27:58"
"TURTLE BAY HOSPITALITY LIMITED","13031","8 Broad Quay, Bristol, England, BS1 4DA","BS1 4DA","07127647","56101","6.7","3.4","61.0","3.0","53.5","54","35.5","64.5","51.6","48.4","59.9","40.1","69.4","30.6","https://turtlebay.co.uk/discover/equality-inclusion/gender-pay-gap-report","Steven Robinson (CFO)","1000 to 4999","TURTLE BAY HOSPITALITY LIMITED","False","2025/04/05 00:00:00","2024/11/29 12:52:16"
"TUV SUD LIMITED","13032","Napier Building, Scottish, Enterprise Technology Park, East Kilbride, Glasgow, G75 0QF","G75 0QF","SC215164","74909","14.2","19.9","46.1","-129.3","43.1","42.9","69.2","30.8","47","53","86.4","13.6","81.5","18.5","","Christopher Guy (CEO, UK & Ireland)","500 to 999","TUV SUD LIMITED","False","2025/04/05 00:00:00","2024/07/29 15:47:07"
"TWENTY FOUR SEVEN RECRUITMENT SERVICES LIMITED","13036","Oakwood House Blackwood Business Park, Ash Road South Wrexham Industrial Estate, Wrexham, LL13 9UG","LL13 9UG","04083397","78200","5.73","3.82","","","0","0","84","16","73","27","69","31","61","39","https://24-7recruitment.net/gender-pay-gap-analysis/","Nina Sides (Payroll Manager)","1000 to 4999","TWENTY FOUR SEVEN RECRUITMENT SERVICES LIMITED","False","2025/04/05 00:00:00","2025/01/06 13:37:41"
"TWYNHAM LEARNING","13045","Twynham School, Sopers Lane, Christchurch, Dorset, BH23 1JF","BH23 1JF","07565088","85200,
85310","15.1","31.3","","","0","0","22.6","77.4","19.9","80.1","29.4","70.6","36","64","","","500 to 999","TWYNHAM LEARNING","False","2025/03/31 00:00:00","2025/01/07 10:58:17"
"Tyne & Wear Fire and Rescue Service","13053","Service Headquarters, Nissan Way, Washington, Sunderland, SR5 3QY","SR5 3QY","","1,
84250","10.17","4.84","","","0","0","57","43","79","21","83","17","81","19","https://www.twfire.gov.uk/wp-content/uploads/2024/12/AEDR-2023-2024.pdf","","500 to 999","Tyne & Wear Fire and Rescue Service","False","2025/03/31 00:00:00","2025/01/13 11:17:50"
"Uffculme Academy Trust","20181","Uffculme Academy Trust Central Office, Chapel Hill, Uffculme, UK, United Kingdom, EX15 3AG","EX15 3AG","","","16.8","41.7","","","0","0","19.2","80.8","16.7","83.3","26.9","73.1","37.6","62.4","","","1000 to 4999","Blackdown Education Partnership","False","2025/03/31 00:00:00","2025/01/09 19:37:52"
"UK SHARED BUSINESS SERVICES LIMITED","13076","Polaris House, North Star Avenue, Swindon, England, SN2 1FF","SN2 1FF","06330639","72200","14.5","13","","","0","0","25.4","74.6","37.3","62.7","42","58","53.8","46.2","","Sophie Wallace (Head of People Team)","500 to 999","UK SHARED BUSINESS SERVICES LIMITED","False","2025/04/05 00:00:00","2025/01/16 13:38:56"
"UK-NSI CO. LIMITED","13081","Merse Road North Moons Moat, Redditch, Worcestershire, B98 9HL","B98 9HL","02141243","29320","18.6","-12.8","","","0","0","56","44","59","41","80","20","90","10","https://www.uk-nsi.co.uk/Corporate_Sustainability","VICTORIA LOWNDES (Head of Human Resources)","Less than 250","UK-NSI CO. LIMITED","False","2025/04/05 00:00:00","2025/01/02 14:16:12"
"UMBRELLA CONTRACTS LIMITED","18587","2 Bothwell Street, Glasgow, G2 6LU","G2 6LU","SC192044","70229","3.9","12","","","0","0","81.5","18.5","78","22","49.5","50.5","66.5","33.5","","Helen Little (Finance Director)","Less than 250","UMBRELLA CONTRACTS LIMITED","False","2025/04/05 00:00:00","2024/12/12 11:39:44"
"UNIPRES (UK) LIMITED","13117","Cherry Blossom Way, Sunderland, Tyne And Wear, SR5 3NT","SR5 3NT","02163867","25500,
25990","0.78","13.45","","","0","0","90.6","9.4","97.7","2.3","98.2","1.8","94.1","5.9","","Lyndsey Wilkinson (Payroll Administrator)","500 to 999","UNIPRES (UK) LIMITED","False","2025/04/05 00:00:00","2024/05/15 14:02:56"
"UNIQUE WINDOW SYSTEMS LTD","23383","87 Parker Drive, Leicester, LE4 0JP","LE4 0JP","05060094","22230","0.1","-0.1","","","0","0","100","0","97","3","96","4","91","9","","Neal Addison (Finance Director)","250 to 499","UNIQUE WINDOW SYSTEMS LTD","False","2025/04/05 00:00:00","2024/05/28 13:38:08"
"United Lincolnshire Hospitals Nhs Trust","13139","Lincoln County Hospital, Greetwell Road, Lincoln, Lincolnshire, United Kingdom, LN2 5QY","LN2 5QY","","1,
86210","27.2","14.2","25.9","0","9.4","1","18.3","81.7","19","81","20.2","79.8","36.2","63.8","","","5000 to 19,999","United Lincolnshire Hospitals Nhs Trust","False","2025/03/31 00:00:00","2024/11/29 11:45:44"
"UNITY SCHOOLS PARTNERSHIP","10845","Unity Schools Partnership Offices  Unit B, Homefield Road, Haverhill, Suffolk, England, CB9 8QP","CB9 8QP","07400386","85200,
85310","25.7","43.1","","","0","0","7.2","92.8","14","86","23.9","76.1","33.2","66.8","","","1000 to 4999","UNITY SCHOOLS PARTNERSHIP","False","2025/03/31 00:00:00","2025/01/03 17:51:35"
"UNIVERSAL CARE SERVICES (UK) LIMITED","14451","3 Ella Mews, London, England, NW3 2NH","NW3 2NH","06923671","86900,
88100","-1.38","2","5.23","56.2","73.4","73.3","18.6","81.4","18.7","81.3","22.7","77.3","16.7","83.3","","Miguel HERRÁIZ MARCO (Director)","250 to 499","UNIVERSAL CARE SERVICES (UK) LIMITED","False","2025/04/05 00:00:00","2024/05/02 11:30:33"
"UNIVERSITIES SUPERANNUATION SCHEME LIMITED","13157","Royal Liver Building, Liverpool, L3 1PY","L3 1PY","01167127","65300","22.1","27.1","44.9","34.4","92","92","36","64","39","61","60","40","62","38","https://www.uss.co.uk/gender-pay-gap","Carol Young (Group CEO)","250 to 499","UNIVERSITIES SUPERANNUATION SCHEME LIMITED","False","2025/04/05 00:00:00","2024/10/21 10:50:23"
"University Hospitals Sussex NHS Foundation Trust","21657","Worthing Hospital (Headquarters), Lyndhurst Road, Worthing, West Sussex, BN11 2DH","BN11 2DH","","","16.8274354760017","2.28876074219066","31.3461468245755","0","6.43797756462364","2.03558999277694","29.3894830659537","70.6105169340463","25.0055617352614","74.9944382647386","21.6288384512684","78.3711615487316","37.6418242491657","62.3581757508343","","","5000 to 19,999","University Hospitals Sussex NHS Foundation Trust","False","2025/03/31 00:00:00","2024/09/24 10:12:41"
"UNIVERSITY OF BRADFORD(THE)","13170","Richmond Road, Bradford, West Yorkshire, United Kingdom, BD7 1DP","BD7 1DP","RC000647","","12.8","17.5","-11.4","13.3","5.7","8.2","34.3","65.7","38.3","61.7","44.8","55.2","52.4","47.6","","","1000 to 4999","UNIVERSITY OF BRADFORD(THE)","False","2025/03/31 00:00:00","2024/09/25 11:34:56"
"UNIVERSITY OF BRIGHTON ACADEMIES TRUST","5989","Multi Academy Trust Office, Room A304 Checkland Building, University Of Brighton, Falmer, United Kingdom, BN1 9PH","BN1 9PH","","1,
85100,
85200,
85310","27","44","","","0","0","6","94","20","80","25","75","32","68","","","1000 to 4999","UNIVERSITY OF BRIGHTON ACADEMIES TRUST","False","2025/03/31 00:00:00","2024/12/09 09:12:00"
"UNIVERSITY OF GLOUCESTERSHIRE","13179","Fullwood House University Of Gloucestershire, The Park, Cheltenham, England, GL50 2RH","GL50 2RH","06023243","85421,
85422","8.34","4.69","","","0","0","28.52","71.48","40.70","59.30","42.11","57.89","50.53","49.47","https://www.glos.ac.uk/information/knowledge-base/gender-pay-gap-report-2024-25/","","1000 to 4999","UNIVERSITY OF GLOUCESTERSHIRE","False","2025/03/31 00:00:00","2024/08/21 14:51:37"
"University of Hertfordshire","15851","University of Hertfordshire, College Lane, Hatfield, Hertfordshire, AL10 9AB","AL10 9AB","","1,
85421,
85422","11.02","13.25","-6.71","0.00","59.2","60.0","31","69","40","60","45","55","48","52","https://www.herts.ac.uk/__data/assets/pdf_file/0007/418939/PGR-31-March-2024-Final.pdf","","1000 to 4999","University of Hertfordshire","False","2025/03/31 00:00:00","2024/07/04 07:59:23"
"UNIVERSITY OF KENT","13183","Jennison Building, Canterbury, Kent, United Kingdom, CT2 7NT","CT2 7NT","RC000656","","13.19","11.70","-102.67","-8.59","1.23","0.98","35.7","64.3","39.6","60.4","42.7","57.3","55.5","44.5","https://www.kent.ac.uk/equality-diversity-inclusivity/edi-reports/gender-pay-gap-report","","1000 to 4999","UNIVERSITY OF KENT","False","2025/03/31 00:00:00","2024/12/11 10:20:16"
"UNIVERSITY OF ST MARK & ST JOHN","13192","University Of St Mark & St John Derriford Road, Derriford, Plymouth, PL6 8BH","PL6 8BH","07635609","85421,
85422","5.7","12.8","","","0","0","30.6","69.4","29.0","71.0","31.5","68.5","39.7","60.3","https://www.marjon.ac.uk/about-marjon/governance--management/university-strategies--policies/","","250 to 499","UNIVERSITY OF ST MARK & ST JOHN","False","2025/03/31 00:00:00","2024/10/01 11:07:30"
"University of Staffordshire","14982","University House, Leek road, Stoke on Trent, ST4 2DF","ST4 2DF","","1,
85421","8.08","0.00","","","0","0","34.8","65.2","46.3","53.7","48.7","51.3","49.5","50.5","https://www.staffs.ac.uk/about/corporate-information/equality-framework-and-reports/annual-reports","","1000 to 4999","University of Staffordshire","False","2025/03/31 00:00:00","2024/12/12 09:15:03"
"University of West London","16235","St Mary's Road, Ealing, London, W5 5RF","W5 5RF","","1,
85421","10.7","8.4","5.6","0.0","42.7","46.7","41.3","58.7","41.7","58.3","51.3","48.7","54.2","45.8","https://www.uwl.ac.uk/about-us/equality-diversity-and-safeguarding","","1000 to 4999","University of West London","False","2025/03/31 00:00:00","2025/01/06 10:02:09"
"USS INVESTMENT MANAGEMENT LIMITED","23476","Royal Liver Building, Liverpool, Merseyside, L3 1PY","L3 1PY","03380864","66300","20.2","24.5","47.2","55.0","95","96","48","52","72","28","79","21","80","20","https://www.uss.co.uk/gender-pay-gap","Carol Young (Group CEO)","250 to 499","USS INVESTMENT MANAGEMENT LIMITED","False","2025/04/05 00:00:00","2024/10/21 13:48:26"
"UTAC UK LTD","8471","Millbrook, Bedford, MK45 2JQ","MK45 2JQ","02230262","71200","12.72","7.02","4.4","23.1","16.5","13.5","81.00","19.00","93.94","6.06","85.86","14.14","90.91","9.09","https://www.utac.com","Helen Burrows (Chief HR Officer)","250 to 499","UTAC UK LTD","False","2025/04/05 00:00:00","2024/08/28 13:51:19"
"Vale of Glamorgan Council","17954","Civic Offices, Holton Road, Barry, CF63 4RU","CF63 4RU","","1,
84110","3.71","3.81","","","0","0","35","65","23","77","42","58","33","67","","","1000 to 4999","Vale of Glamorgan Council","False","2025/03/31 00:00:00","2024/11/18 09:35:55"
"VANGUARD LEARNING TRUST","19564","Field End Junior School, Field End Road, Ruislip, England, HA4 9PQ","HA4 9PQ","07796938","85100,
85200,
85310","23.7","36.7","","","0","0","6.5","93.5","19.6","80.4","24.3","75.7","36.4","63.6","","","250 to 499","VANGUARD LEARNING TRUST","False","2025/03/31 00:00:00","2024/07/02 13:41:30"
"VAULKHARD GROUP LIMITED","13252","Bealim House, 17-25 Gallowgate, Newcastle Upon Tyne, NE1 4SG","NE1 4SG","03745273","68209","14.9","0","","","0","0","45","55","37","63","55","45","67","33","https://vaulkhardgroup.co.uk","Craig Bell (Director)","250 to 499","VAULKHARD GROUP LIMITED","False","2025/04/05 00:00:00","2024/12/24 09:51:47"
"VEGNER GROUP LIMITED","391","9-11 The Quadrant, Richmond, Surrey, TW9 1BP","TW9 1BP","05728008","70100","13.4","8.9","49.4","36.3","34","28","43","57","37","63","41","59","60","40","https://vegnergroup.com/equal-opportunities/","Richard Scott (HR Director)","500 to 999","VEGNER GROUP LIMITED","False","2025/04/05 00:00:00","2024/10/07 15:13:16"
"Velindre University NHS Trust","20380","Trust Headquarters, 2 Charnwood Court, Parc Nant Garw, Cardiff, CF15 7QZ","CF15 7QZ","","","7","11","31","-1","1","1","43","57","37","63","41","59","48","52","","","5000 to 19,999","Velindre University NHS Trust","False","2025/03/31 00:00:00","2024/12/09 12:49:31"
"VELOCITY GLOBAL INTERNATIONAL SERVICES LTD","23344","3rd Floor 1 Ashley Road, Altrincham, Cheshire, United Kingdom, WA14 2DT","WA14 2DT","11052125","78109,
78200,
78300","29.47","28.14","43.53","46.43","63","48","45","55","66","34","71","29","83","17","","Nicholas Adams (Director of Entity Compliance)","250 to 499","VELOCITY GLOBAL INTERNATIONAL SERVICES LTD","False","2025/04/05 00:00:00","2024/09/23 10:31:33"
"VENTRUS LIMITED","13273","Woodwater Academy, Woodwater Lane, Exeter, Devon, EX2 5AW","EX2 5AW","07821367","85200,
85310","22.1","37.9","","","0","0","12.3","87.7","14.9","85.1","17.7","82.3","34.8","65.2","https://ventrus.org.uk/our-people/statutory-documents/","","500 to 999","VENTRUS LIMITED","False","2025/03/31 00:00:00","2024/12/18 17:17:21"
"VERSUS ARTHRITIS","18390","3rd Floor, 120 Aldersgate Street 3rd Floor, 120 Aldersgate Street, London, England, EC1A 4JQ","EC1A 4JQ","00490500","86900","8.1","14.4","0","0","1.5","1.3","12.2","87.8","23.3","76.7","30.1","69.9","24.7","75.3","https://www.versusarthritis.org/media/2xrektax/j1332_genderpaygapreport_a4_web.pdf","Alison Butlin (People Analyst)","250 to 499","VERSUS ARTHRITIS","False","2025/04/05 00:00:00","2025/01/03 09:55:13"
"VF SERVICES (UK) LIMITED","23359","21 Dorset Square, London, England, NW1 6QE","NW1 6QE","05735180","82990","27.54","3.91","70.94","45.01","84.80","85.71","49","51","36","64","45","55","61","39","","Avay Pandey (Regional Financial Controller)","250 to 499","VF SERVICES (UK) LIMITED","False","2025/04/05 00:00:00","2024/12/13 14:28:22"
"VIBE RECRUIT LIMITED","19627","Unit 3a, Lakeside Court, Llantarnam Park, Cwmbran, Monmouthshire, Wales, NP44 3GA","NP44 3GA","11606364","70229","7.48","14.40","49.81","25.50","3.00","9.00","81.82","18.18","76.00","24.00","82.00","18.00","83.00","17.00","","Joyce Sutton (Finance Director)","250 to 499","VIBE RECRUIT LIMITED","False","2025/04/05 00:00:00","2025/01/03 14:33:17"
"VICTREX MANUFACTURING LIMITED","13312","Victrex Technology Centre, Hillhouse International, Thornton Cleveleys, Lancashire, FY5 4QD","FY5 4QD","02845018","20160","4.5","4.2","27.7","-4.3","16.9","17.9","64.4","35.6","86.3","13.7","80.6","19.4","74.7","25.3","","Jakob Sigurdsson (CEO)","500 to 999","VICTREX MANUFACTURING LIMITED","False","2025/04/05 00:00:00","2025/01/13 09:28:39"
"VIGILANT PROTECT UK LIMITED","13316","1st Floor Left, 161 Brooms Road, Dumfries, Scotland, DG1 2SH","DG1 2SH","SC212151","80100","-5.1","-1.9","-45.2","-58.4","19","31","92.9","7.1","84.5","15.5","92.0","8.0","82.8","17.2","","Eileen Little (Finance Manager)","1000 to 4999","VIGILANT PROTECT UK LIMITED","False","2025/04/05 00:00:00","2024/06/03 09:14:47"
"VISHAY NEWPORT LIMITED","6777","Cardiff Road, Newport, NP10 8YJ","NP10 8YJ","04338966","26110","11.88","2.73","45.39","26.45","94.21","94.31","69.75","30.25","70","30","71.43","28.57","89.17","10.83","https://newportvishay.co.uk/wp-content/uploads/2024/12/Gender-Pay-Gap-Reporting-5-Apr-24.pdf","Paul James (Managing Director)","250 to 499","VISHAY NEWPORT LIMITED","False","2025/04/05 00:00:00","2024/12/09 09:52:17"
"VITACRESS HERBS LIMITED","13354","Lower Link Farm Lower Link, St. Mary Bourne, Andover, Hampshire, SP11 6DB","SP11 6DB","00786151","1190","12.3","5.9","52.1","0.0","90.2","89.7","28","72","45","55","59","41","68","32","","David Walmsley (Managing Director)","250 to 499","VITACRESS HERBS LIMITED","False","2025/04/05 00:00:00","2025/01/09 15:23:21"
"VITACRESS SALADS LIMITED","13356","Lower Link Farm, Lower Link St Mary Bourne, Andover, Hampshire, SP11 6DB","SP11 6DB","00689950","1190","8.5","7.0","-35.2","0.00","92.4","96.7","48","52","62","38","71","29","79","21","","Andrew Eastwood (Managing Director)","250 to 499","VITACRESS SALADS LIMITED","False","2025/04/05 00:00:00","2025/01/09 15:15:26"
"VIVID HOUSING LIMITED","18325","HR Department, Peninsular House, Wharf Rd, Portsmouth, PO2 8HB","PO2 8HB","RS007544","","0.38","-1.42","49","60.8","83.9","81.7","48.2","51.8","60.2","39.8","57.4","42.6","57.6","42.4","https://www.vividhomes.co.uk/media/4248/gender-ethnicity-pay-gap-report-2024.pdf","Duncan Short (Group Resources Director)","1000 to 4999","VIVID HOUSING LIMITED","False","2025/04/05 00:00:00","2024/10/08 13:20:26"
"VOLVO CAR UK LIMITED","21593","Scandinavia House, Norreys Drive, Maidenhead, Berkshire, SL6 4FL","SL6 4FL","02281044","45111","12.97","23.13","34.12","62.68","76.35","73.73","48.48","51.52","38.78","61.22","46.94","53.06","61.22","38.78","","Nicole Melillo Shaw (Managing Director)","250 to 499","VOLVO CAR UK LIMITED","False","2025/04/05 00:00:00","2025/01/02 09:20:41"
"W & J LINNEY LIMITED","13419","Adamsway, Mansfield, Nottinghamshire, NG18 4FW","NG18 4FW","00137552","18129,
62020,
70229,
74100","7.27","10.66","-40.28","0","14","12","46","54","52","48","62","38","64","36","https://www.linney.com/gender-pay-gap-report","Miles Linney (Managing Director)","1000 to 4999","W & J LINNEY LIMITED","False","2025/04/05 00:00:00","2024/07/05 08:37:21"
"WABTEC UK LIMITED","13441","Doncaster Works, Hexthorpe Road, Doncaster, South Yorkshire, United Kingdom, DN4 0BF","DN4 0BF","02923485","25620,
27900,
28990,
33170","1.3","6.2","9.6","21.6","10","20","77","23","89","11","89","11","86","14","","Tim Bentley (Group Vice President, Regional Services UK)","1000 to 4999","WABTEC UK LIMITED","False","2025/04/05 00:00:00","2024/12/16 08:59:32"
"WACOAL EMEA LTD","13442","The Corsetry Factory, Rothwell Road, Desborough, Kettering, Northamptonshire, NN14 2PG","NN14 2PG","00171167","14142","33.8","33.0","72","54","20","15","16","84","5","95","20","80","36","64","https://www.wacoal-europe.com/gender-pay-report.aspx","Vaughan Waylett (Finance Director)","250 to 499","WACOAL EMEA LTD","False","2025/04/05 00:00:00","2025/01/08 11:58:21"
"WADE DEACON TRUST","13443","C/O Wade Deacon High School, Birchfield Road, Widnes, WA8 7TD","WA8 7TD","08278808","85200,
85310","23.1","37.9","","","0","0","8.8","91.2","15.4","84.6","22.1","77.9","34.3","65.7","https://www.wadedeacontrust.com/downloads/trust_information/statutory/gender-pay-gap/gender_pay_gap_statement_2024.pdf","","500 to 999","WADE DEACON TRUST","False","2025/03/31 00:00:00","2025/01/15 15:15:46"
"WALES MILLENNIUM CENTRE","13455","Bute Place, Cardiff Bay, Cardiff, CF10 5AL","CF10 5AL","03221924","90040","6.2","-7.0","44.28","44.28","50","50","47","53","44","56","35","65","44","56","","Mathew Milsom (Chief Executive Officer)","250 to 499","WALES MILLENNIUM CENTRE","False","2025/04/05 00:00:00","2025/01/02 13:31:20"
"WALKER FILTRATION LIMITED","20369","Birtley Road, Washington, Tyne And Wear, NE38 9DA","NE38 9DA","01726079","28290","15.94","2.26","100","100","2.01","0","63.16","36.84","58.62","41.38","60.34","39.66","75.86","24.14","","Alix Bolton (HR Director)","Less than 250","WALKER FILTRATION LIMITED","False","2025/04/05 00:00:00","2025/01/06 16:49:41"
"Walsall College Of Arts & Technology","13468","Wisemore Campus, Littleton Street West, Walsall, WS2 8ES","WS2 8ES","","1,
85320","12.6","21","39.4","59","0.4","1.1","22","78","28","72","40","60","44","56","","","500 to 999","Walsall College Of Arts & Technology","False","2025/03/31 00:00:00","2025/01/07 10:18:33"
"Wandle Learning Trust","21690","Chesterton Primary School, Dagnall Street, Battersea, London, United Kingdom, SW11 5DT","SW11 5DT","","","13.4","11.4","","","0","0","12","88","35","65","34","66","40","60","","","250 to 499","Wandle Learning Trust","False","2025/03/31 00:00:00","2025/01/12 11:47:23"
"WANZL LIMITED","14845","Europa House, Heathcote Lane, Warwick, CV34 6SP","CV34 6SP","01403566","46900","-13.36","-19.17","","","0","0","96.63","3.37","97.19","2.81","84.27","15.73","80.90","19.10","https://www.wanzl.com/en_GB/company/compliance","Sarah Smith (Head of HR & Payroll)","500 to 999","WANZL LIMITED","False","2025/04/05 00:00:00","2024/09/18 15:39:15"
"WARREN JAMES (JEWELLERS) LIMITED","13501","7 Merseyway, Stockport, SK1 1PN","SK1 1PN","01432090","47789","0.8","-2.8","","","0","0","7.3","92.7","4.6","95.4","4","96","4","96","https://www.warrenjames.co.uk/pages/gender-pay-gap","Guy Lightowler (Director of Commerce)","1000 to 4999","WARREN JAMES (JEWELLERS) LIMITED","False","2025/04/05 00:00:00","2024/12/20 08:55:19"
"Warrington And Halton Hospitals Nhs Foundation Trust","13506","Warrington Hospital, Lovely Lane, Arrington, WA5 1QG","WA5 1QG","","1,
86210","19.89","6.13","-25.5","0","13.6","1.5","17.62","82.38","19.34","80.66","16.83","83.17","26.86","73.14","https://whh.nhs.uk/strategy/equality-diversity-and-human-rights","","1000 to 4999","Warrington And Halton Hospitals Nhs Foundation Trust","False","2025/03/31 00:00:00","2024/06/25 11:37:36"
"Warwick District Council","13511","Riverside House, Milverton Hill, Leamington Spa, Warwickshire, United Kingdom, CV32 5HZ","CV32 5HZ","","1,
84110","11.7","7.6","8.7","0.0","8.3","10","26.8","73.2","51.2","48.8","35.4","64.6","57.5","42.5","","","500 to 999","Warwick District Council","False","2025/03/31 00:00:00","2024/12/10 09:46:20"
"Warwickshire County Council","13515","Shire Hall, Warwick, Warwickshire, CV34 4RL","CV34 4RL","","1,
84110","0.4","2.5","-2.5","3.5","7.1","0.5","30.4","69.6","27.0","73.0","34.2","65.8","30.7","69.3","https://www.warwickshire.gov.uk/performance/equality-diversity-warwickshire-county-council/4","","5000 to 19,999","Warwickshire County Council","False","2025/03/31 00:00:00","2024/11/11 15:51:08"
"WAVE ACTIVE LIMITED","13550","Downs Leisure Centre, Sutton Road, Seaford, East Sussex, BN25 4QW","BN25 4QW","05621359","93110","7.56","-9.97","","","0","0","48.28","51.72","46.43","53.57","37.93","62.07","39.29","60.71","","Kevin Calmiano (Finance Manager)","250 to 499","WAVE ACTIVE LIMITED","False","2025/04/05 00:00:00","2025/01/16 10:05:55"
"Waverley Borough Council","13552","The Burys, Godalming, Surrey, GU7 1HR","GU7 1HR","","1,
84110","7.0","12.3","23.5","53.9","2.3","2.5","25.0","75.0","27.9","72.1","46.2","53.8","41.7","58.3","","","250 to 499","Waverley Borough Council","False","2025/03/31 00:00:00","2025/01/15 15:16:03"
"WEALMOOR LIMITED","13563","Unit 5 Jetha House Auriol Drive, Greenford Park, Greenford, Middlesex, UB6 0TP","UB6 0TP","01100044","1630,
52103","12.48","3.05","","","0","0","38","62","44","56","66","34","80","20","https://www.wealmoor.co.uk/reports-and-statements","Leena Malde (Executive Chair)","500 to 999","WEALMOOR LIMITED","False","2025/04/05 00:00:00","2024/12/07 15:11:45"
"WEBMART LIMITED","23477","Media Innovation Centre, 13 -15 Wedgwood Road, Bicester, Oxfordshire, OX26 4UL","OX26 4UL","03300270","73110","2.31","-17.67","29.81","32.11","95.45","76.92","66.7","33.3","75","25","55.6","44.4","62.5","37.5","","Gemma Collings (Head of Finance)","Less than 250","WEBMART LIMITED","False","2025/04/05 00:00:00","2024/10/21 15:22:52"
"WELDMAR HOSPICECARE LIMITED","17052","Weldmar Hospicecare, Herringston Road, Dorchester, England, DT1 2SL","DT1 2SL","02520727","87100,
88100","24.4","2.9","","","0","0","13.9","86.1","7","93","8.5","91.5","16.9","83.1","","David Healey (Director of Finance)","250 to 499","WELDMAR HOSPICECARE LIMITED","False","2025/04/05 00:00:00","2024/07/10 11:29:48"
"Welsh Ambulance Services NHS Trust","21841","Vantage Point House Ty Coch Way, Cwmbrân, Wales, NP44 7HF","NP44 7HF","","","5.6","6.0","","","0","0","49.15","50.85","45.04","54.96","50.19","49.81","59.18","40.82","","","1000 to 4999","Welsh Ambulance Services NHS Trust","False","2025/03/31 00:00:00","2024/12/18 14:17:52"
"Welsh Parliament Senedd Commission (Comisiwn Senedd Cymru)","283","Cardiff Bay, Cardiff, CF99 1NA","CF99 1NA","","1,
84110","-5.33","0.0","","","0","0","56.5","43.5","45.5","54.5","46","54","46.3","53.7","https://senedd.wales/media/ed5bcw1w/workforce-recruitment-pay-gap-reporting-and-equal-pay-audit-report.pdf","","500 to 999","Welsh Parliament Senedd Commission (Comisiwn Senedd Cymru)","False","2025/03/31 00:00:00","2024/12/09 10:33:02"
"WESSEX EAGLE LIMITED","15245","Eagle Plant, Beeching Close, Chard, Somerset, TA20 1BB","TA20 1BB","01540286","77320","10.1","12.1","26.8","26.1","89","89","83","17","95","5","100","0","93","7","","Gary Parfoot (Finance Director)","250 to 499","WESSEX EAGLE LIMITED","False","2025/04/05 00:00:00","2024/04/08 08:14:50"
"WESSEX LEARNING TRUST","14617","The Kings Of Wessex Academy, Station Road, Cheddar, Somerset, BS27 3AQ","BS27 3AQ","07348580","85310","18.70","43.08","","","0","0","10.48","89.52","14.01","85.99","24.20","75.80","23.17","76.83","","","1000 to 4999","WESSEX LEARNING TRUST","False","2025/03/31 00:00:00","2025/01/17 11:47:49"
"West Bromwich Building Society","16108","2 Providence Place, West Bromwich, West Midlands, B708AF","B708AF","","64192","37","33.3","69","35.2","76.8","78.7","16.1","83.9","28.9","71.1","39.2","60.8","62.4","37.6","https://www.westbrom.co.uk/about-us/corporate-governance/gender-pay-reporting","Jonathan Westhoff (CEO)","500 to 999","West Bromwich Building Society","False","2025/04/05 00:00:00","2024/12/02 15:12:25"
"WEST COUNTRY VENDING SERVICE LIMITED","23498","Priory House, Unit C, Gildersome Spur Industrial Estate, Leeds, England, LS27 7JZ","LS27 7JZ","00923301","56290,
99999","10.73","1.75","","","0","0","0","100","43.75","56.25","62.5","37.5","68.75","31.25","","Sue Rainford (Payroll Administrator)","Less than 250","WEST COUNTRY VENDING SERVICE LIMITED","False","2025/04/05 00:00:00","2025/01/07 11:01:18"
"West Hertfordshire Hospitals NHS Trust","13618","Watford General Hospital, 60 Vicarage Road, Watford, Hertfordshire, United Kingdom, WD18 0HB","WD18 0HB","","1,
86210","23.5","10.1","44.41","0","9.52","2.14","22.3","77.7","19.83","80.17","17.89","82.11","35.77","64.23","https://www.westhertshospitals.nhs.uk/about/equality.asp#:~:text=Under%20the%20Public%20Sector%20Equality,within%20the%20nine%20protected%20groups.","","5000 to 19,999","West Hertfordshire Hospitals NHS Trust","False","2025/03/31 00:00:00","2024/10/03 11:16:14"
"West Midlands Fire Service","13629","Headquarters, 99 Vauxhall Road, Birmingham, West Midlands, United Kingdom, B7 4HW","B7 4HW","","1,
84250","5.5","8.7","","","0","0","57.2","42.8","84.4","15.6","80.5","19.5","76.5","23.5","","","1000 to 4999","West Midlands Fire Service","False","2025/03/31 00:00:00","2024/12/08 10:34:21"
"West Midlands Police","13630","Lloyd House, Colmore Circus, Birmingham, United Kingdom, B4 6NQ","B4 6NQ","","1,
84240","6","11.5","63.2","34.4","6.5","1.98","52.3","47.7","42.6","57.4","61.7","38.3","66.5","33.5","","","5000 to 19,999","West Midlands Police","False","2025/03/31 00:00:00","2024/11/07 11:05:10"
"WEST NORFOLK ACADEMIES TRUST","13633","Queensway, Gaywood, King's Lynn, Norfolk, PE30 4AW","PE30 4AW","07546118","85100,
85200,
85310,
85410","18.9","22.30","","","0","0","23.5","76.5","18.27","81.73","17.55","82.45","33.66","66.34","","","500 to 999","WEST NORFOLK ACADEMIES TRUST","False","2025/03/31 00:00:00","2024/10/07 11:47:31"
"West of England Combined Authority","22552","70 Redcliff Street, Bristol, Bristol, United Kingdom, BS1 6AL","BS1 6AL","","","9.33","7.32","","","0","0","39.71","60.29","35.29","64.71","49.4","50.6","50","50","","","250 to 499","West of England Combined Authority","False","2025/03/31 00:00:00","2025/01/15 06:06:12"
"West Suffolk Council","19831","West Suffolk House,, Western Way, Bury St Edmunds, Suffolk, IP33 3YU","IP33 3YU","","","-2.25","0","","","0","0","60.64","39.36","47.34","52.66","54.26","45.74","49.47","50.53","https://www.westsuffolk.gov.uk/Council/Data-and-information/upload/Gender-pay-gap-report-January-2025.pdf","","500 to 999","West Suffolk Council","False","2025/03/31 00:00:00","2025/01/06 14:15:40"
"West Yorkshire Combined Authority","17082","Wellington House, 40-50 Wellington Street, Leeds, LS1 2DE","LS1 2DE","","1,
84110","3.79","0","","","0","0","45","55","41","59","37","63","50","50","","","500 to 999","West Yorkshire Combined Authority","False","2025/03/31 00:00:00","2024/12/18 14:27:00"
"WESTERN BIOMASS OPERATING COMPANY LIMITED","22633","First Floor Templeback, 10 Temple Back, Bristol, United Kingdom, BS1 6FL","BS1 6FL","06381244","35110","34.65","29.99","21.60","24.71","95.24","100","83.33","16.67","100","0","100","0","100","0","","Grant Stubbs (Payroll Manager)","250 to 499","WESTERN BIOMASS OPERATING COMPANY LIMITED","False","2025/04/05 00:00:00","2025/01/10 12:59:09"
"WESTERN PROVIDENT ASSOCIATION LIMITED","13656","Rivergate House, Blackbrook Park, Taunton, Somerset, TA1 2PE","TA1 2PE","00475557","65120","39.74","13.94","66.71","19.35","83","82","22.1","77.9","26.7","73.3","28.2","71.8","47.7","52.3","https://www.wpa.org.uk/about/corporate-governance","Nathan Irwin (Chief Executive)","250 to 499","WESTERN PROVIDENT ASSOCIATION LIMITED","False","2025/04/05 00:00:00","2024/10/16 16:46:03"
"Weymouth College","13694","Cranford Avenue, Weymouth, Dorset, United Kingdom, DT4 7LQ","DT4 7LQ","","1,
85320","6.1","11.2","","","0.0","0.0","18.9","81.1","37.3","62.7","34.5","65.5","47.7","52.3","","","250 to 499","Weymouth College","False","2025/03/31 00:00:00","2025/01/09 09:35:55"
"WHITE & CASE LLP","13719","5 Old Broad Street, London, EC2N 1DW","EC2N 1DW","OC324340","","14.6","37.1","36.6","44.8","58.1","58.7","33","67","33","67","41","59","47","53","https://www.whitecase.com/sites/default/files/2025-01/2024-uk-gender-pay-gap-report.pdf","Inigo Esteve (Partner, London Office Executive Partner)","500 to 999","WHITE & CASE LLP","False","2025/04/05 00:00:00","2025/01/07 13:05:15"
"WHITE & CO PLC","13720","Ashton House 12 The Precinct, Winchester Road, Chandlers Ford, Hampshire, SO53 2GB","SO53 2GB","00052204","49420","-12.33","-9.87","10.99","61.54","91","44","95.90","4.10","86.99","13.01","74.80","25.20","75.61","24.39","","Stacey Prangle (Director)","250 to 499","WHITE & CO PLC","False","2025/04/05 00:00:00","2024/05/30 15:06:37"
"WHS CANNING BRETT LTD","10616","Pontardawe Industrial Estate, Pontardawe, Swansea, Wales, SA8 4EP","SA8 4EP","03984537","29320,
32990","23","9","100","100","4","0","57","43","100","0","75","25","100","0","https://whs-plastics.com/info/gender-pay-gap","Andrew Woolley (HR & Compliance Director)","Less than 250","WHS CANNING BRETT LTD","False","2025/04/05 00:00:00","2024/04/30 10:37:28"
"Wirral Community Health and Care NHS Foundation Trust","16775","St Catherine's Health Centre, Derby Road, Birkenhead, Wirral, CH42 0LQ","CH42 0LQ","","1,
86101,
86210,
86230","8.59","0.56","","","0","0","12.16","87.84","10.74","89.26","10.62","89.38","11.88","88.12","","","1000 to 4999","Wirral Community Health and Care NHS Foundation Trust","False","2025/03/31 00:00:00","2024/12/09 08:30:34"
"Wirral Council","13848","The Treasury Building, Cleveland Street, Birkenhead, Merseyside, United Kingdom, CH41 6BU","CH41 6BU","","1,
84110","3.68","1.55","","","0","0","29.9","70.1","38.4","61.6","31.8","68.2","38.6","61.4","https://www.wirral.gov.uk/about-council/budgets-and-spending/gender-pay-gap-reporting","","1000 to 4999","Wirral Council","False","2025/03/31 00:00:00","2025/01/17 15:36:15"
"WISE PAYMENTS LIMITED","12892","6th Floor, Tea Building, 56 Shoreditch High Street, London, England, E1 6JJ","E1 6JJ","07209813","64999","14.26","18.70","63.01","22.05","62","58","48","52","57","43","72","28","74","26","https://wise.com/gb/blog/2024-wises-commitment-to-improving-gender-diversity","Isabel Naidoo (Chief People Officer)","1000 to 4999","WISE PAYMENTS LIMITED","False","2025/04/05 00:00:00","2024/12/20 12:47:16"
"Woking Borough Council","13870","Civic Offices, Gloucester Square, Woking, Surrey, United Kingdom, GU21 6YL","GU21 6YL","","1,
84110","17.9","18.6","","","0","0","28.2","71.8","26.5","73.5","30.9","69.1","60","40","","","250 to 499","Woking Borough Council","False","2025/03/31 00:00:00","2024/06/19 11:10:45"
"WOLFFKRAN LIMITED","6375","Htc Wolffkran Limited Grange Mill Lane, Kimberworth, Sheffield, S9 1HW","S9 1HW","09472954","43999","12.93","10.81","48.83","38.40","6.42","8.70","78.69","21.31","100","0","95","5","88.33","11.67","","Sophie Palmer (HR Manager)","Less than 250","WOLFFKRAN LIMITED","False","2025/04/05 00:00:00","2025/01/09 15:13:17"
"WOODCHURCH HIGH SCHOOL","14620","Woodchurch High School Carr Bridge Road, Woodchurch, Wirral, Merseyside, CH49 7NG","CH49 7NG","07775671","85310","11.55","7.41","","","0","0","15.3","84.7","31","69","27.6","72.4","31","69","","","Less than 250","WOODCHURCH HIGH SCHOOL","False","2025/03/31 00:00:00","2024/12/03 15:41:35"
"WORLD COURIER (U.K.) LIMITED","21985","1 Plane Tree Crescent, Feltham, Middlesex, England, TW13 7HF","TW13 7HF","01194193","49410,
51210","2.6","-6.5","34.1","-7.2","96.9","94.3","92","8","74","26","62","38","76","24","","Simon Beaumont (Managing Director)","Less than 250","WORLD COURIER (U.K.) LIMITED","False","2025/04/05 00:00:00","2025/01/09 14:59:43"
"Wychavon District Council","13955","Civic Centre, Queen Elizabeth Drive, Pershore, Worcestershire, United Kingdom, WR10 1PT","WR10 1PT","","1,
84110","9.78","2.87","","","0","0","30.16","69.84","38.10","61.90","32.26","67.74","46.03","53.97","","","250 to 499","Wychavon District Council","False","2025/03/31 00:00:00","2024/11/05 13:27:27"
"Wyke Sixth Form College","23472","Wyke Sixth Form College, Bricknell Avenue, Hull, HU5 4NT","HU5 4NT","","","7.8","15.9","","","0","0","35","65","35","65","39","61","47","53","","","250 to 499","Wyke Sixth Form College","False","2025/03/31 00:00:00","2024/10/21 10:48:09"
"WYTHENSHAWE COMMUNITY HOUSING GROUP LIMITED","13972","Wythenshawe House 8 Poundswick Lane, Greater Manchester, Manchester, M22 9TA","M22 9TA","08198590","68201","5.16","-3.37","","","0","0","52","48","56","44","54","46","55","45","https://www.wchg.org.uk/our-publications/","Paul Roberts (Assistant Director of Transformation)","250 to 499","WYTHENSHAWE COMMUNITY HOUSING GROUP LIMITED","False","2025/04/05 00:00:00","2024/11/26 10:15:41"
"XAVIER CATHOLIC EDUCATION TRUST","14621","Salesian School, Guildford Road, Chertsey, Surrey, United Kingdom, KT16 9LU","KT16 9LU","10236797","85200,
85310,
85590,
85600","16.5","19.3","","","0","0","5","95","22","78","22","78","20","80","","","1000 to 4999","XAVIER CATHOLIC EDUCATION TRUST","False","2025/03/31 00:00:00","2024/05/09 18:24:24"
"YMCA DOWNSLINK GROUP","14021","REED HOUSE, 47 Church Road, Hove, East Sussex, BN3 2BE","BN3 2BE","03853734","87900","-8.08","-8.66","","","0","0","35","65","39","61","22","78","27","73","","Rachel Hawkins (Head of People)","250 to 499","YMCA DOWNSLINK GROUP","False","2025/04/05 00:00:00","2025/01/02 16:05:47"
"YMCA ROBIN HOOD GROUP","22533","16 St. James's Street, Nottingham, England, NG1 6FG","NG1 6FG","00310342","86900,
87900,
88910,
96090","4.51","-2.58","-20.48","0","72","73","44","56","41","59","27","73","44","56","","Craig Berens (Group Chief Executive Officer)","250 to 499","YMCA ROBIN HOOD GROUP","False","2025/04/05 00:00:00","2024/05/17 12:37:34"
"York Teaching Hospital Nhs Foundation Trust","14029","Wigginton Road, York, North Yorkshire, YO31 8HE","YO31 8HE","","1,
86210","21.91","7.28","24.94","50","3.99","0.54","23.47","76.53","19.90","80.10","20.90","79.10","30.51","69.49","https://www.yorkhospitals.nhs.uk/about-us/equality-and-diversity/pay-gap/2024-2025-pay-gaps-report/","","5000 to 19,999","York Teaching Hospital Nhs Foundation Trust","False","2025/03/31 00:00:00","2024/10/31 10:02:36"
"YORKARE HOMES LIMITED","17644","Brantingham Thorpe Hall Thorpe Drive, Brantingham, Brough, England, HU15 1QG","HU15 1QG","04755842","87100","0.9","0","","","0","0","13","87","10","90","18","82","13","87","","Elizabeth Garton (Director)","500 to 999","YORKARE HOMES LIMITED","False","2025/04/05 00:00:00","2025/01/04 17:01:32"
"Yorkshire Ambulance Service Nhs Trust","14030","Springhill 2, Brindley Way, Wakefield 41 Business Park, Wakefield, WF2 0XQ","WF2 0XQ","","1,
86210","9.78","8.87","-11.25","-68.11","24.15","29.51","54.11","45.89","46.40","53.60","40.69","59.31","36.71","63.29","","","5000 to 19,999","Yorkshire Ambulance Service Nhs Trust","False","2025/03/31 00:00:00","2024/12/13 15:39:49"
"YORKSHIRE CAUSEWAY SCHOOLS TRUST","14031","St Aidan's Church Of England High School, Oatlands Drive, Harrogate, North Yorkshire, HG2 8JR","HG2 8JR","07663935","85200,
85310","11","11","","","0","0","27","73","13","87","12","88","31","69","","","500 to 999","YORKSHIRE CAUSEWAY SCHOOLS TRUST","False","2025/03/31 00:00:00","2024/12/12 15:10:38"
"YORKSHIRE REPAK LIMITED","14033","Summer Lane, Barnsley, South Yorkshire, S70 2NP","S70 2NP","01894028","32990","2.0","-1.4","35.2","33.3","4.2","9.3","53.8","46.2","61.5","38.5","57.7","42.3","50","50","https://www.yorkshirerepak.com/work-for-us/","Mark Cummings (Finance Director)","250 to 499","YORKSHIRE REPAK LIMITED","False","2025/04/05 00:00:00","2025/01/16 15:31:04"
"YORWASTE LIMITED","17551","Mount View, Standard Way, Northallerton, North Yorkshire, DL6 2YD","DL6 2YD","02666908","38110,
38210,
38320","2.8","2.9","57.4","0.0","96.3","100","91.5","8.5","61.0","39.0","86.4","13.6","75.4","24.6","https://www.yorwaste.co.uk/wp-content/uploads/2024/12/Yorwaste-Ltd.-Gender-Pay-Gap-Report-2024.pdf","Sandy Boyle (Managing Director)","250 to 499","YORWASTE LIMITED","False","2025/04/05 00:00:00","2024/12/13 16:35:50"
"YOUR HOMES NEWCASTLE LIMITED","14040","Civic Centre, Barras Bridge, Newcastle Upon Tyne, Tyne & Wear, NE1 8PR","NE1 8PR","05076256","68201","-6.46","-8.63","0","0","0.40","0.47","51.19","48.81","32.74","67.26","32.74","67.26","31.74","68.26","","Paula Trott (Employee Services Manager)","500 to 999","YOUR HOMES NEWCASTLE LIMITED","False","2025/04/05 00:00:00","2024/12/06 12:10:20"
"ZIEGLER UK LIMITED","23447","North 4 Channel Close, Stanford-Le-Hope, Essex, England, SS17 9FJ","SS17 9FJ","05636648","52219,
52220,
52230,
52290","27","19","86","0","30","25","41","59","47","53","58","42","87","13","","Joshua Leak (Financial Controller)","250 to 499","ZIEGLER UK LIMITED","False","2025/04/05 00:00:00","2024/08/28 15:47:06"
"ZIP HEATERS (UK) LTD","20947","Fourth Floor Abbots House, Abbey Street, Reading, Berkshire, England, RG1 3BD","RG1 3BD","02649782","32990","3.73","12.04","-26.19","-128.59","74.30","40.28","63","37","75","25","90","10","75","25","","Sarah Williams (HR Director)","250 to 499","ZIP HEATERS (UK) LTD","False","2025/04/05 00:00:00","2024/10/25 15:09:34"
"ZIP WORLD LIMITED","17408","Zip World Base Camp, Denbigh Street, Llanrwst, Wales, LL26 0LL","LL26 0LL","07777872","93210","17.3","6.0","48.9","55.5","78.0","80.1","55.8","44.2","52.9","47.1","55.8","44.2","67.3","32.7","","Dan Weigh (Head of Human Resources)","250 to 499","ZIP WORLD LIMITED","False","2025/04/05 00:00:00","2024/06/05 07:40:25"
"ZURICH EMPLOYMENT SERVICES LIMITED","14076","Unity Place, 1 Carfax Close, Swindon, Wiltshire, United Kingdom, SN1 1AP","SN1 1AP","00243883","78300,
82990","27.1","27.6","58.6","43.4","96.5","94.9","32","68","37.2","62.8","48.5","51.5","62.2","37.8","https://www.zurich.co.uk/about-us/diversity-and-inclusion","Steve Collinson (Head of People Team)","1000 to 4999","ZURICH EMPLOYMENT SERVICES LIMITED","False","2025/04/05 00:00:00","2024/10/16 08:51:47"
"ZURICH UK GENERAL SERVICES LIMITED","14078","The Zurich Centre 3000 Parkway, Whiteley, Fareham, Hampshire, PO15 7JZ","PO15 7JZ","03843124","82990","13.8","12.6","35.9","21.3","94.2","95.5","44.6","55.4","60.9","39.1","64.4","35.6","64.1","35.9","https://www.zurich.co.uk/about-us/diversity-and-inclusion","Steve Collinson (Head of People Team)","1000 to 4999","ZURICH UK GENERAL SERVICES LIMITED","False","2025/04/05 00:00:00","2024/10/16 08:55:41"
